variant,metric,length_n,unwrapped_offset_t_minus_n,fourier_amplitude
raw,exact_match,41,-0.4101323734400069,11.41358226191515
raw,exact_match,42,-0.4337693883945453,12.312722772305131
raw,exact_match,43,-0.4187371860714117,12.77567661416684
raw,exact_match,44,-0.42482027974941056,12.75634705720656
raw,exact_match,45,-0.43038142220151815,12.953358532675994
raw,exact_match,46,-0.42772154535678036,12.568462220456984
raw,exact_match,47,-0.4811534415056181,11.513358839586946
raw,exact_match,48,-0.47633041939146614,12.162246027979354
raw,exact_match,49,-0.4855970734648158,12.768916660475751
raw,exact_match,50,-0.5139969533129678,10.690804676535297
raw,exact_match,51,-0.50168864265071,11.3458445576684
raw,exact_match,52,-0.5033243550177072,12.291456912433553
raw,exact_match,53,-0.49630198889347443,12.098046375105499
raw,exact_match,54,-0.5535195512634231,13.38561505037005
raw,exact_match,55,-0.5424644678313423,12.892348122804032
raw,exact_match,56,-0.5190667424572003,13.108704756123993
raw,exact_match,57,-0.5473623458087783,11.959396946884869
raw,exact_match,58,-0.5257031344425159,13.025403420007548
raw,exact_match,59,-0.5787173639719324,12.758637067722162
raw,exact_match,60,-0.6349561821867947,12.741316991234523
raw,exact_match,61,-0.5747663209038546,12.5589456017033
raw,exact_match,62,-0.641527978347369,12.53445513995255
raw,exact_match,63,-0.5750113988058622,13.114843786084355
raw,exact_match,64,-0.6043504086326511,12.597133009044223
raw,exact_match,65,-0.5737159785205214,13.402863025291996
raw,exact_match,66,-0.6780064631983214,12.725912132192418
raw,exact_match,67,-0.581450555792689,12.655351081705959
raw,exact_match,68,-0.6580055019862381,13.49758269211952
raw,exact_match,69,-0.6617081016367437,12.206066062715504
raw,exact_match,70,-0.7589353378303588,12.527016487611952
raw,exact_match,71,-0.6736554278121049,13.691339086864874
raw,exact_match,72,-0.7127418204138601,12.512329590285297
raw,exact_match,73,-0.7154006768294747,13.37694543881926
raw,exact_match,74,-0.7972189100209273,12.360762222865368
raw,exact_match,75,-0.7198028131589195,13.560706204552357
raw,exact_match,76,-0.794945442333751,13.24918274850464
raw,exact_match,77,-0.7690061103416566,12.858599436416394
raw,exact_match,78,-0.8921535201851444,12.94875063731073
raw,exact_match,79,-0.8159380231943636,13.00332167004191
raw,exact_match,80,-0.8398163834475976,13.262121483020234
raw,exact_match,81,-0.7701227385160705,13.408385078504674
raw,exact_match,82,-0.9539598316807985,13.044664751072748
raw,exact_match,83,-0.8743340836219977,13.221162219516959
raw,exact_match,84,-0.9414906632024543,13.685570952898072
raw,exact_match,85,-0.8666745896608733,13.503480626025814
raw,exact_match,86,-0.9810585742332526,13.611456259589255
raw,exact_match,87,-0.8908332044560002,13.15988703204979
raw,exact_match,88,-1.0313307740610123,13.514512385659565
raw,exact_match,89,-0.8611067829409333,13.226697267137084
raw,exact_match,90,-0.9379710471496546,13.368954363897974
raw,exact_match,91,-0.9264283132274239,13.795251937962787
raw,exact_match,92,-1.0663566598665248,13.8472065845351
raw,exact_match,93,-1.0165530465801464,14.077858380070378
raw,exact_match,94,-1.0365471408721314,13.9136126197204
raw,exact_match,95,-0.9892360267887498,13.424409046544215
raw,exact_match,96,-0.9968397513029275,13.898979821890928
raw,exact_match,97,-1.0507475773990331,13.802185399121992
raw,exact_match,98,-1.0679500396253936,13.572202027068222
raw,exact_match,99,-1.033514542751595,13.851378882713178
raw,exact_match,100,-1.1658826097413009,14.041307056049478
raw,exact_match,101,-1.1342269267334784,14.237141939074547
raw,exact_match,102,-1.000783049755614,14.168480327106025
raw,exact_match,103,-1.1236671897229646,13.84527907976038
raw,exact_match,104,-1.1325808536893016,13.772328910841296
raw,exact_match,105,-1.1132219550712077,13.964981444051395
raw,exact_match,106,-1.2004922426014044,13.715289223307362
raw,exact_match,107,-1.0691048293426506,13.35054722047567
raw,exact_match,108,-1.1731303582122654,14.174424795243192
raw,exact_match,109,-1.2297413555488808,13.878035208732566
raw,exact_match,110,-1.1736217777098428,13.811431026857656
raw,exact_match,111,-1.222476963055541,13.628121982572848
raw,exact_match,112,-1.2375119716845466,13.929659282456335
raw,exact_match,113,-1.2968467337198386,14.327530534418365
raw,exact_match,114,-1.2312049766874735,13.805111827679228
raw,exact_match,115,-1.3064850872685874,14.166803644483704
raw,exact_match,116,-1.317853919500871,13.920920255441995
raw,exact_match,117,-1.300456476808194,13.785780787590651
raw,exact_match,118,-1.3066486456157982,14.152060780348274
raw,exact_match,119,-1.349718795317873,14.1153654741995
raw,exact_match,120,-1.316835139483924,13.933140168879635
raw,exact_match,121,-1.3100759940479012,13.816318119919957
raw,exact_match,122,-1.2866001758818923,13.998183497885082
raw,exact_match,123,-1.3139071367044135,13.640753991721228
raw,exact_match,124,-1.3352355256249315,13.786630987017068
raw,exact_match,125,-1.3992812468068094,14.028785478237527
raw,exact_match,126,-1.4345602438875045,14.16277706716954
raw,exact_match,127,-1.379972729545907,13.405498186909465
raw,exact_match,128,-1.4067783846914677,13.74739132986632
raw,exact_match,129,-1.362838373790871,13.488619072530298
raw,exact_match,130,-1.4150641640149992,13.727851640231348
raw,exact_match,131,-1.4467307548152155,13.406114254360578
raw,exact_match,132,-1.4303934805253902,13.894108681270021
raw,exact_match,133,-1.4833105764829475,13.69734256439448
raw,exact_match,134,-1.469824653016878,14.358236455667692
raw,exact_match,135,-1.5098979085276087,14.096655889055402
raw,exact_match,136,-1.4493287713002285,14.001957003657603
raw,exact_match,137,-1.5250486315046314,13.942529030613935
raw,exact_match,138,-1.512966627326903,14.294161397687535
raw,exact_match,139,-1.5147319322530874,14.08975654247651
raw,exact_match,140,-1.5004789314668174,14.450934892416559
raw,exact_match,141,-1.5730123487915133,14.335405575323518
raw,exact_match,142,-1.4758947214511584,13.598181395485138
raw,exact_match,143,-1.4958391457030795,13.839414688885796
raw,exact_match,144,-1.494907150466662,13.909222406672173
raw,exact_match,145,-1.5810329813373416,13.885689460686804
raw,exact_match,146,-1.5597627255550752,14.23067868223549
raw,exact_match,147,-1.548975318223131,13.928092490705321
raw,exact_match,148,-1.492202992428737,14.412676917602795
raw,exact_match,149,-1.579296660967722,14.131175828514356
raw,exact_match,150,-1.591608171611588,14.2593195864061
raw,exact_match,151,-1.5502608017655743,14.07592090400392
raw,exact_match,152,-1.533316301552161,13.976368359784924
raw,exact_match,153,-1.6105190030833432,14.10035838488402
raw,exact_match,154,-1.5663232421298958,14.018488506254876
raw,exact_match,155,-1.661597461634454,13.721501064552916
raw,exact_match,156,-1.599963676154544,14.352128573993745
raw,exact_match,157,-1.6688629001838216,14.411763940785402
raw,exact_match,158,-1.7014786346581858,14.427869755559207
raw,exact_match,159,-1.7681955598954433,14.03722627363205
raw,exact_match,160,-1.6161292549332076,14.205728403445171
raw,exact_match,161,-1.7202588857650223,14.281731644293687
raw,exact_match,162,-1.7066413387323907,14.510713043839838
raw,exact_match,163,-1.6770063888087576,14.024117380683753
raw,exact_match,164,-1.6875610260721505,14.483821306784735
raw,exact_match,165,-1.7537211551462117,14.497815785767285
raw,exact_match,166,-1.6949466446889754,14.56782847635716
raw,exact_match,167,-1.766076127561754,14.629025112733428
raw,exact_match,168,-1.6389983128157737,14.384566168687137
raw,exact_match,169,-1.749955773568581,14.682498898524663
raw,exact_match,170,-1.7111203756143567,14.466330295738212
raw,exact_match,171,-1.7803721105375496,14.47811228809696
raw,exact_match,172,-1.7716357783929004,14.512812012063796
raw,exact_match,173,-1.7967226023744771,14.133042659454002
raw,exact_match,174,-1.7515691750120823,14.687453931807442
raw,exact_match,175,-1.8060453593688832,14.546428002250044
raw,exact_match,176,-1.7763535988739425,14.437652409492973
raw,exact_match,177,-1.8492631092569973,14.667915145453787
raw,exact_match,178,-1.8767935621695468,14.336390451349542
raw,exact_match,179,-1.9896099578783764,14.925291742863298
raw,exact_match,180,-1.7927679259107743,14.462375508315066
raw,exact_match,181,-1.9351018055121303,14.71472044921918
raw,exact_match,182,-1.831009065606244,14.860125518614868
raw,exact_match,183,-1.9003041487233734,14.72164922023966
raw,exact_match,184,-1.8237653299754026,14.790189824071186
raw,exact_match,185,-1.8585376365343198,15.015168893568083
raw,exact_match,186,-1.9376887678042354,14.949897683260044
raw,exact_match,187,-1.888186516611758,14.88546923649604
raw,exact_match,188,-1.9153748493595322,14.902302208608
raw,exact_match,189,-1.9587317349546174,14.968883739661152
raw,exact_match,190,-1.9181470082425567,14.507777076300101
raw,exact_match,191,-2.0456388531663805,14.730148137110614
raw,exact_match,192,-1.9378765422937407,14.858134074357592
raw,exact_match,193,-2.004283503193822,14.984208198382996
raw,exact_match,194,-1.973413402801291,13.57065354793745
raw,exact_match,195,-2.1079286449382884,14.691957569058427
raw,exact_match,196,-2.0063649752836223,14.852754335497192
raw,exact_match,197,-2.0590041015123335,14.886157805426834
raw,exact_match,198,-2.0845641972476154,14.644844791141256
raw,exact_match,199,-2.0729653941962285,14.99187773251731
raw,exact_match,200,-1.9815876953426435,15.062252426079192
raw,exact_match,201,-2.0994669611478147,14.749705182019015
raw,exact_match,202,-2.1727354606046902,14.483508875226153
raw,exact_match,203,-2.076055414605175,14.891079090773387
raw,exact_match,204,-2.067658208178509,14.598590932967019
raw,exact_match,205,-2.2233381978731495,14.708486394012048
raw,exact_match,206,-2.097162894726137,14.9332248991629
raw,exact_match,207,-2.0385543800523096,14.780152401228085
raw,exact_match,208,-2.0086329969160617,14.326313855476405
raw,exact_match,209,-2.162293345487214,14.791544051399857
raw,exact_match,210,-2.1495285004235343,14.805301732718029
raw,exact_match,211,-2.214886605164011,14.48438830163271
raw,exact_match,212,-2.1564120167522876,14.797532500612602
raw,exact_match,213,-2.2726414275175313,14.632884799646682
raw,exact_match,214,-2.122452275777057,14.649957575997094
raw,exact_match,215,-2.2453358887317405,14.94503781246489
raw,exact_match,216,-2.2874397063515457,14.433540116408407
raw,exact_match,217,-2.2391709155762736,14.451927093689322
raw,exact_match,218,-2.289696952988285,14.613694016013364
raw,exact_match,219,-2.23761481791792,14.66931976295057
raw,exact_match,220,-2.2604007578524885,14.636043008296722
raw,exact_match,221,-2.252338052338608,14.8275992355148
raw,exact_match,222,-2.299889210401197,14.548370870486105
raw,exact_match,223,-2.230736821218407,14.833879429418566
raw,exact_match,224,-2.4552863503525253,14.449140692440416
raw,exact_match,225,-2.407982495688968,14.350136068534875
raw,exact_match,226,-2.2575847195242695,14.444798274061123
raw,exact_match,227,-2.4186775624934396,14.603353576276376
raw,exact_match,228,-2.279317043053825,14.626707274821095
raw,exact_match,229,-2.3827617728166954,14.401942889444761
raw,exact_match,230,-2.4083132590810457,14.458894862982865
raw,exact_match,231,-2.277696899547198,14.699575832674943
raw,exact_match,232,-2.4115303934083374,14.516017821569225
raw,exact_match,233,-2.364585529135109,14.544007100059817
raw,exact_match,234,-2.4591975843734835,14.355057457334182
raw,exact_match,235,-2.430971858488431,13.825857688983088
raw,exact_match,236,-2.550261311073208,14.234287955918576
raw,exact_match,237,-2.4281357837275825,14.494548214671969
raw,exact_match,238,-2.3894809969166566,14.526969333325312
raw,exact_match,239,-2.44756804312469,14.258789090566621
raw,exact_match,240,-2.459423033156836,14.250467741897072
raw,exact_match,241,-2.542112984962016,14.289508489969174
raw,exact_match,242,-2.5208653049698375,14.416747084214576
raw,exact_match,243,-2.4978637000577937,14.463106814804167
raw,exact_match,244,-2.454059206958484,14.498809962150373
raw,exact_match,245,-2.4544155963852567,14.430556286572024
raw,exact_match,246,-2.4937699342138444,14.376576161684195
raw,exact_match,247,-2.463784053546086,14.269978731964473
raw,exact_match,248,-2.65302089145394,14.183422123446222
raw,exact_match,249,-2.586286516130898,14.387112409861585
raw,exact_match,250,-2.5412770881279707,14.420968160197399
raw,exact_match,251,-2.517022129233756,14.421013580307973
raw,exact_match,252,-2.3859440449161027,14.276731868791506
raw,exact_match,253,-2.551042766284825,13.884557722326756
raw,exact_match,254,-2.5341460013625543,14.17642687769841
raw,exact_match,255,-2.4887511332866183,14.20670285218233
raw,exact_match,256,-2.653985228542318,14.033837479079038
raw,exact_match,257,-2.6406162555307344,14.15046278587507
raw,exact_match,258,-2.6025181934004733,14.369852604838222
raw,exact_match,259,-2.5396357856844736,14.120452275787985
raw,exact_match,260,-2.636835532734736,14.348381561110838
raw,exact_match,261,-2.630074393109168,14.379818484247563
raw,exact_match,262,-2.637823235533978,14.355130998165745
raw,exact_match,263,-2.6942413223569863,14.440290886575822
raw,exact_match,264,-2.7235773070993843,14.089354965486681
raw,exact_match,265,-2.6942117297810326,13.959019160996325
raw,exact_match,266,-2.6996571082239664,14.04678320234065
raw,exact_match,267,-2.6257575734929373,14.191363134720554
raw,exact_match,268,-2.879117434988404,14.209671161524161
raw,exact_match,269,-2.6797871969302203,14.183950373001485
raw,exact_match,270,-2.728590863635003,14.380205135225568
raw,exact_match,271,-2.7355035987889256,14.296191955648792
raw,exact_match,272,-2.701195538744596,14.416106006329134
raw,exact_match,273,-2.74827519212578,14.36883564513044
raw,exact_match,274,-2.697657000321639,14.365111664063706
raw,exact_match,275,-2.652095792844551,14.211300951761997
raw,exact_match,276,-2.874011356434705,14.169650027426265
raw,exact_match,277,-2.7029100759422815,14.234159488842112
raw,exact_match,278,-2.734832767232366,14.432071218006989
raw,exact_match,279,-2.788518706553118,14.386583997830673
raw,exact_match,280,-2.8395879415708234,14.22566796579423
raw,exact_match,281,-2.679763151291996,14.334299627281297
raw,exact_match,282,-2.8685150521537706,14.189484134425735
raw,exact_match,283,-2.823166663724719,14.165709717942091
raw,exact_match,284,-2.942261718891519,14.35054706660643
raw,exact_match,285,-2.9361855746823045,14.315843688593292
raw,exact_match,286,-2.9724969169782134,14.297118109850615
raw,exact_match,287,-2.9479267026392137,14.22694208300495
raw,exact_match,288,-2.899027239772858,14.228460482379896
raw,exact_match,289,-2.898229586874636,14.24993714415868
raw,exact_match,290,-2.969946763768046,14.29684420958028
raw,exact_match,291,-3.0576339779626744,14.379616356454518
raw,exact_match,292,-2.9795105474887995,14.328392693983268
raw,exact_match,293,-2.9690015459540335,14.041875778260765
raw,exact_match,294,-2.8913065885354743,14.072881016415153
raw,exact_match,295,-2.8870716651672494,14.334883826278881
raw,exact_match,296,-3.064042010289573,14.314885493074406
raw,exact_match,297,-2.9043430634965786,14.25117482599941
raw,exact_match,298,-3.2140444413890172,14.382183543495142
raw,exact_match,299,-3.0652566197758255,14.391317843136362
raw,exact_match,300,-2.9821077710833443,14.271131976036859
raw,exact_match,301,-2.9033337133025605,14.37391020361925
raw,exact_match,302,-3.0577393388213077,14.105683036583294
raw,exact_match,303,-3.0104618356824373,14.31960392701
raw,exact_match,304,-3.1297840774046595,14.39550925612636
raw,exact_match,305,-3.2177241643937697,14.412994774008311
raw,exact_match,306,-3.093621584190731,14.24817024059962
raw,exact_match,307,-3.0638403278975708,14.200233742763883
raw,exact_match,308,-3.1365527183096513,14.382303229862213
raw,exact_match,309,-3.0881121440563404,14.108566491954251
raw,exact_match,310,-3.2096827650690765,14.381664244121554
raw,exact_match,311,-3.116985077434828,14.373152915939661
raw,exact_match,312,-3.217299738553963,14.234314118826394
raw,exact_match,313,-3.163454342779708,14.33420228916311
raw,exact_match,314,-3.0415952194278666,14.411341532493068
raw,exact_match,315,-3.225991356807247,14.42088154906683
raw,exact_match,316,-3.188621873352497,14.389742760664063
raw,exact_match,317,-3.1995160313804827,14.394246710416168
raw,exact_match,318,-3.288864275191334,14.048093517145666
raw,exact_match,319,-3.2079164746775355,14.460386416736046
raw,exact_match,320,-3.2951138141570486,14.208871437333613
raw,exact_match,321,-3.1520669193141644,14.342962200751442
raw,exact_match,322,-3.215357668434916,14.193679223279519
raw,exact_match,323,-3.1417454110330936,14.407886850378873
raw,exact_match,324,-3.227330942914977,14.425803302337549
raw,exact_match,325,-3.3372912984938132,14.23423584128627
raw,exact_match,326,-3.3682750682343006,14.556351408805495
raw,exact_match,327,-3.3223824135785103,13.980301707753878
raw,exact_match,328,-3.205109716438782,14.137799501613197
raw,exact_match,329,-3.458834686747076,14.314197765215656
raw,exact_match,330,-3.349094171041852,14.340716319350456
raw,exact_match,331,-3.246900676203373,14.32489773922129
raw,exact_match,332,-3.2271901710215705,14.38667468206491
raw,exact_match,333,-3.264242405339169,13.969931772684397
raw,exact_match,334,-3.3112008863408433,14.19553959866821
raw,exact_match,335,-3.4560315980554046,14.538427632100346
raw,exact_match,336,-3.417944733436519,13.989795678915211
raw,exact_match,337,-3.4190040815476594,14.492934475481377
raw,exact_match,338,-3.4260417941511494,14.477433655135025
raw,exact_match,339,-3.4171945939544575,14.418842799672271
raw,exact_match,340,-3.3517768950054627,14.48998323555646
raw,exact_match,341,-3.305607022237945,14.383441423617283
raw,exact_match,342,-3.442403377652309,14.414028969167337
raw,exact_match,343,-3.414204757975705,14.363316176206013
raw,exact_match,344,-3.387220485381185,14.39263189877344
raw,exact_match,345,-3.4815322295214464,14.348963369537183
raw,exact_match,346,-3.5290928779042954,14.488687465583965
raw,exact_match,347,-3.5556981971244745,14.656440403715177
raw,exact_match,348,-3.398396874561619,14.522233316180461
raw,exact_match,349,-3.7343669620885085,14.471353468093719
raw,exact_match,350,-3.37674957706902,14.15585204901432
raw,exact_match,351,-3.5093242007770744,14.44123663972849
raw,exact_match,352,-3.42251732704185,14.37225031418842
raw,exact_match,353,-3.543174170474358,14.038619715548949
raw,exact_match,354,-3.560540571570665,14.483280351692754
raw,exact_match,355,-3.622319077358896,14.428246366571416
raw,exact_match,356,-3.548908468471351,14.558790940065727
raw,exact_match,357,-3.7019405752517853,14.457863588754446
raw,exact_match,358,-3.5138373807418706,14.529343983488534
raw,exact_match,359,-3.6058227410832533,14.543676651136174
raw,exact_match,360,-3.6222574797501292,14.69779894193639
raw,exact_match,361,-3.515609300733721,14.490858982838558
raw,exact_match,362,-3.615309335035287,14.598665531760041
raw,exact_match,363,-3.721715272119325,14.69137197615516
raw,exact_match,364,-3.569585114354017,14.493539513567482
raw,exact_match,365,-3.718409797665624,14.795803773244085
raw,exact_match,366,-3.622955505894172,14.433005971943874
raw,exact_match,367,-3.775362598348501,14.776150014648007
raw,exact_match,368,-3.6069206365272426,14.598016593479548
raw,exact_match,369,-3.7208370168572986,14.625455688990726
raw,exact_match,370,-3.5485757500158193,14.518694377805685
raw,exact_match,371,-3.60674301477025,14.09162698789773
raw,exact_match,372,-3.6588282680859083,14.589938650751176
raw,exact_match,373,-3.6264685127409444,14.43648833103164
raw,exact_match,374,-3.912801562023499,14.635710899835313
raw,exact_match,375,-3.7170688954260487,14.727056560575507
raw,exact_match,376,-3.6814915719503976,14.709688312053038
raw,exact_match,377,-3.790648716579979,14.673799383578697
raw,exact_match,378,-3.884695240263768,14.759575070429497
raw,exact_match,379,-3.6516876197255694,14.572438254413715
raw,exact_match,380,-3.6215606964179208,14.475430184422141
raw,exact_match,381,-3.7918077953900147,14.871258370198417
raw,exact_match,382,-3.837709685669161,14.931065374134677
raw,exact_match,383,-3.652549352118628,14.743951504269978
raw,exact_match,384,-3.784047574129064,14.692870644220543
raw,exact_match,385,-3.928010908712537,14.642854259353543
raw,exact_match,386,-3.671167859022725,14.54916975353719
raw,exact_match,387,-3.843546966998326,14.864708637268173
raw,exact_match,388,-3.8247157687800097,14.878502843992093
raw,exact_match,389,-3.866694114281255,15.01009171823306
raw,exact_match,390,-3.8653106580057788,14.846782201237836
raw,exact_match,391,-4.008353414670798,15.062039168488653
raw,exact_match,392,-3.945597206803154,14.905273302688537
raw,exact_match,393,-3.9015888057131143,14.999972098966822
raw,exact_match,394,-3.938612480908353,14.925740380063752
raw,exact_match,395,-3.977671624299765,14.947496009643194
raw,exact_match,396,-3.9346818139851654,15.012230095264542
raw,exact_match,397,-3.796722602374477,14.83029910135537
raw,exact_match,398,-4.037827981105431,15.067873862529382
raw,exact_match,399,-4.046098929974827,14.977019137212242
raw,exact_match,400,-3.9969719333184415,14.521462258922234
raw,exact_match,401,-3.951654689426957,14.987035760815866
raw,exact_match,402,-3.8349298376297676,14.408700123501573
raw,exact_match,403,-3.947200995907739,14.798172733243506
raw,exact_match,404,-3.9830310846900345,15.005406046688469
raw,exact_match,405,-4.06966122681633,14.962625419865148
raw,exact_match,406,-3.9213954780487947,14.839764523800426
raw,exact_match,407,-3.9380628632473975,14.949885844820168
raw,exact_match,408,-4.02082739514005,14.881366782282376
raw,exact_match,409,-4.041519970405853,14.764995610394449
raw,exact_match,410,-4.027755614323294,14.885863566345932
raw,exact_match,411,-4.191715061413758,15.00173944938369
raw,exact_match,412,-4.068645165579204,14.680831989337115
raw,exact_match,413,-4.04356660839915,14.90012904487146
raw,exact_match,414,-4.013823075643962,14.992179674032098
raw,exact_match,415,-4.118452838047825,14.957831312110482
raw,exact_match,416,-4.108879050972979,14.803085193350595
raw,exact_match,417,-4.049987977879,14.935758677221578
raw,exact_match,418,-4.171295528237454,14.908620736323774
raw,exact_match,419,-4.293959229592534,14.662238577525425
raw,exact_match,420,-4.021120679446701,15.013912363415383
raw,exact_match,421,-4.08491777387885,14.961679793496067
raw,exact_match,422,-4.119342086910262,14.98118062339088
raw,exact_match,423,-4.126573313778965,14.848231193535913
raw,exact_match,424,-4.230374418174487,14.686540355437653
raw,exact_match,425,-4.1269951006468455,14.96545996188462
raw,exact_match,426,-4.191078192475356,14.571949728428871
raw,exact_match,427,-4.161226405864694,14.89027200923624
raw,exact_match,428,-4.299184427835392,14.67632482125261
raw,exact_match,429,-4.346193685209139,14.844937722367682
raw,exact_match,430,-4.324690597164416,14.672397582828479
raw,exact_match,431,-4.167535550484574,15.01181797119241
raw,exact_match,432,-4.3238719740061216,14.575173111982659
raw,exact_match,433,-4.308378502045843,14.847604505251642
raw,exact_match,434,-4.269595312980297,14.870061922791663
raw,exact_match,435,-4.2464090248697905,14.790797625414477
raw,exact_match,436,-4.295719377202639,14.829541574286848
raw,exact_match,437,-4.374569085372995,14.696309945582108
raw,exact_match,438,-4.248764792100291,14.654256725776117
raw,exact_match,439,-4.2973824016699185,14.750982257384528
raw,exact_match,440,-4.288853243895281,14.8231125808169
raw,exact_match,441,-4.362760453888553,14.71720844577148
raw,exact_match,442,-4.172273230748527,14.929995567241543
raw,exact_match,443,-4.261941180021251,14.797071048616571
raw,exact_match,444,-4.249960794447029,14.186981735071488
raw,exact_match,445,-4.408919199409148,14.628839365324595
raw,exact_match,446,-4.26906633103458,14.627696346794375
raw,exact_match,447,-4.380894048569389,14.593129654252154
raw,exact_match,448,-4.292488626539699,14.87626719939904
raw,exact_match,449,-4.2073155546191,14.656042113316667
raw,exact_match,450,-4.279976329805942,14.586337493823612
raw,exact_match,451,-4.3418476536778545,14.553607037778292
raw,exact_match,452,-4.234744330364629,14.789281129141477
raw,exact_match,453,-4.3965914078695265,14.46380218989062
raw,exact_match,454,-4.525345727755716,14.515545710442204
raw,exact_match,455,-4.448640330647953,14.595597999895086
raw,exact_match,456,-4.366657035484173,14.764404280881847
raw,exact_match,457,-4.6695013189228645,14.20093893609386
raw,exact_match,458,-4.3639078660206145,14.698537518673872
raw,exact_match,459,-4.509529524291805,14.03709767006666
raw,exact_match,460,-4.641204083969869,14.352067626401698
raw,exact_match,461,-4.308858548981609,14.568784132591661
raw,exact_match,462,-4.579468575747033,14.58445160786192
raw,exact_match,463,-4.617344563235515,14.461963459253182
raw,exact_match,464,-4.697079790115125,14.393995764543662
raw,exact_match,465,-4.429284695735798,14.756402217214497
raw,exact_match,466,-4.438963369704544,14.478147860858995
raw,exact_match,467,-4.583414962966107,14.521428515163251
raw,exact_match,468,-4.597796759146753,14.126026044830697
raw,exact_match,469,-4.632645155477153,14.447354938547997
raw,exact_match,470,-4.593495508333069,14.290086020608653
raw,exact_match,471,-4.578090834377865,14.543363373108502
raw,exact_match,472,-4.550267231825483,14.505039025688486
raw,exact_match,473,-4.52015768787811,14.51663730416551
raw,exact_match,474,-4.642647565319048,14.548595539575349
raw,exact_match,475,-4.720262213002365,14.507464278142763
raw,exact_match,476,-4.6391858977428475,13.788201187402473
raw,exact_match,477,-4.7439191991770535,14.156213719579002
raw,exact_match,478,-4.6356528991834605,14.523610171230684
raw,exact_match,479,-4.768599017284639,14.261422397113817
raw,exact_match,480,-4.590689528999033,14.403176813433063
raw,exact_match,481,-4.660356254845955,14.371990631544989
raw,exact_match,482,-4.745678220216697,14.372959825314915
raw,exact_match,483,-5.006755711330042,14.202803373134259
raw,exact_match,484,-4.832468109511817,14.42173786029448
raw,exact_match,485,-4.695789005703707,14.431374327106003
raw,exact_match,486,-4.4715666409144506,14.418580622240075
raw,exact_match,487,-4.620925627335013,14.53494564203276
raw,exact_match,488,-4.697090018643205,14.273180549944064
raw,exact_match,489,-4.833215164622781,14.333556479330374
raw,exact_match,490,-4.725274461511168,14.274640490871269
J,exact_match,41,-0.15127266174109452,11.566449644528333
J,exact_match,42,-0.15581572862404788,12.804599596660042
J,exact_match,43,-0.16580406346950022,13.799956216639162
J,exact_match,44,-0.1349989309800916,13.45536524168472
J,exact_match,45,-0.18670636741024643,12.43184679313569
J,exact_match,46,-0.11207117813507496,12.571027573907996
J,exact_match,47,-0.21877934724364928,11.582317935030504
J,exact_match,48,-0.12343513361740813,12.56059062826617
J,exact_match,49,-0.2213285835686052,13.151942023890866
J,exact_match,50,-0.23724187524803048,11.133935496968492
J,exact_match,51,-0.19163197629474357,12.248466469036549
J,exact_match,52,-0.20184396143583921,13.273926862931498
J,exact_match,53,-0.24555047003095576,12.469085473721607
J,exact_match,54,-0.22782052710160433,13.630188042921596
J,exact_match,55,-0.2718964284026292,13.289394931703942
J,exact_match,56,-0.22970761622770128,13.773300884614098
J,exact_match,57,-0.24481907710811454,12.56931170859164
J,exact_match,58,-0.24444253517756578,12.915583591507819
J,exact_match,59,-0.2792340995608158,13.380638842670866
J,exact_match,60,-0.2556363618320873,13.482401732469112
J,exact_match,61,-0.2760456188419438,13.215332938335402
J,exact_match,62,-0.24946063370849764,13.112814807831146
J,exact_match,63,-0.23066425344824265,13.370080946234136
J,exact_match,64,-0.1850767228029046,13.138918958431184
J,exact_match,65,-0.23296275674776487,13.422001906044512
J,exact_match,66,-0.23075950759762495,13.526619440972048
J,exact_match,67,-0.2420849965918384,12.748429245986783
J,exact_match,68,-0.27502196935276435,14.20142847104367
J,exact_match,69,-0.23939226647479747,12.856634413508692
J,exact_match,70,-0.24344461677248247,13.499805718047877
J,exact_match,71,-0.2933939257581256,14.11325578569933
J,exact_match,72,-0.26389309682539736,12.747688924810424
J,exact_match,73,-0.27633442276333087,14.100560029825468
J,exact_match,74,-0.2636070454182639,13.06912296414626
J,exact_match,75,-0.2629370836041853,13.90171439846757
J,exact_match,76,-0.23798390894814875,13.885814734559059
J,exact_match,77,-0.27148418878180924,13.25012461762609
J,exact_match,78,-0.25374845514617944,13.612672760051737
J,exact_match,79,-0.31626440265787553,13.209438424231623
J,exact_match,80,-0.28823133979044413,13.265760020855701
J,exact_match,81,-0.2753680939490492,13.960781968625488
J,exact_match,82,-0.3188344042472284,13.201944626711077
J,exact_match,83,-0.3118116569279121,13.43274177150782
J,exact_match,84,-0.32979879445136007,13.756702608686567
J,exact_match,85,-0.3010527611786554,13.962780897307875
J,exact_match,86,-0.3153989182282117,13.639112356203768
J,exact_match,87,-0.3538450459594215,13.15094959674146
J,exact_match,88,-0.37843138773426144,13.642763956493253
J,exact_match,89,-0.28444372375007004,13.5627772294061
J,exact_match,90,-0.2831694245476998,13.35007561321674
J,exact_match,91,-0.30369074578354294,13.941514750703675
J,exact_match,92,-0.3172788415148416,14.067182637361885
J,exact_match,93,-0.3205079976557319,14.07643095114508
J,exact_match,94,-0.32792597424037073,13.8524551184061
J,exact_match,95,-0.34770404746820804,13.341569102022177
J,exact_match,96,-0.2750958801532693,13.763261084901742
J,exact_match,97,-0.360911584331518,13.392217664976927
J,exact_match,98,-0.30996967812164034,12.957590812487698
J,exact_match,99,-0.32119927719163877,14.121778576727765
J,exact_match,100,-0.3349657950495424,14.138880996852867
J,exact_match,101,-0.3404331171489178,14.406177587127964
J,exact_match,102,-0.30689159068304117,14.219277213780407
J,exact_match,103,-0.28978829694693237,13.836122059991773
J,exact_match,104,-0.3293881199575897,13.63094098938751
J,exact_match,105,-0.324732308489306,14.134185083903219
J,exact_match,106,-0.32604229784197275,13.639360427316303
J,exact_match,107,-0.2732738139630735,13.701922031895531
J,exact_match,108,-0.3594425628645793,14.053310957436397
J,exact_match,109,-0.3600278981719116,13.857253090632378
J,exact_match,110,-0.3290622135377961,13.910500005865558
J,exact_match,111,-0.3530209868768143,13.77227785403252
J,exact_match,112,-0.3315459263062934,14.30509529565495
J,exact_match,113,-0.3862231744796197,14.494991682691955
J,exact_match,114,-0.3654254406834966,14.097317530957273
J,exact_match,115,-0.4000266307696036,14.417413421282772
J,exact_match,116,-0.4218741080990993,14.296164370965014
J,exact_match,117,-0.375360337067858,13.86812391354128
J,exact_match,118,-0.36896189238988375,14.083829588881391
J,exact_match,119,-0.40169713060375084,14.320819641808235
J,exact_match,120,-0.3844564972004142,14.095124436232954
J,exact_match,121,-0.38129305299530036,14.27190249955968
J,exact_match,122,-0.35149774095175673,13.901221754755259
J,exact_match,123,-0.38156741415936923,13.675333625186083
J,exact_match,124,-0.4056848935834135,13.867654187791342
J,exact_match,125,-0.39784113503840357,14.203922642576195
J,exact_match,126,-0.4366276573229628,14.258322005011621
J,exact_match,127,-0.4198195420710131,13.626798499320621
J,exact_match,128,-0.4064198928569785,13.934687252280245
J,exact_match,129,-0.4204628394049816,13.872920277093742
J,exact_match,130,-0.4597835315157316,13.60830305104409
J,exact_match,131,-0.3909512256654146,13.713569983975484
J,exact_match,132,-0.4241884361801158,14.00765482669298
J,exact_match,133,-0.4176223952221291,14.150202252165442
J,exact_match,134,-0.48761596363905874,14.301266375964754
J,exact_match,135,-0.42627584122235895,14.329592437541315
J,exact_match,136,-0.4804691457599413,13.795573190051615
J,exact_match,137,-0.41581918958477376,14.055282859918504
J,exact_match,138,-0.4937699342138444,14.19785098382956
J,exact_match,139,-0.4048073851302731,14.3262560217863
J,exact_match,140,-0.43285194357127543,14.558208601706912
J,exact_match,141,-0.43958716936501113,14.41098850523607
J,exact_match,142,-0.4714052185091705,13.19258468739014
J,exact_match,143,-0.393590652370921,14.12637601796038
J,exact_match,144,-0.4123643252666542,13.808564486166794
J,exact_match,145,-0.43029013134687394,13.805002586028154
J,exact_match,146,-0.5091684963943826,14.023678250464089
J,exact_match,147,-0.40873852638054436,14.068707282126667
J,exact_match,148,-0.3821989552800557,14.515452672885031
J,exact_match,149,-0.41559811908300653,14.36929947453339
J,exact_match,150,-0.4371455350014728,14.255175510561461
J,exact_match,151,-0.3578646077863596,14.172674462067365
J,exact_match,152,-0.40814756222568704,14.04271658839763
J,exact_match,153,-0.43054119736739305,14.078565709529844
J,exact_match,154,-0.4348275800720982,13.953461292757481
J,exact_match,155,-0.3840351242642538,14.176286742703027
J,exact_match,156,-0.44608343842800624,14.13241700903533
J,exact_match,157,-0.42655617895966697,14.237201085074343
J,exact_match,158,-0.4968030280175691,14.21186183073397
J,exact_match,159,-0.44805450722542,14.060864874157824
J,exact_match,160,-0.4662329794722807,13.699899500689362
J,exact_match,161,-0.4046723837395449,14.319513702458732
J,exact_match,162,-0.4470488499396065,14.308992395037338
J,exact_match,163,-0.43196491097526785,13.967757500883438
J,exact_match,164,-0.5205149324555007,14.194169107761242
J,exact_match,165,-0.4186135922963768,14.45226345483891
J,exact_match,166,-0.5080858012490762,14.104442344400166
J,exact_match,167,-0.5017485814977335,14.155113511058078
J,exact_match,168,-0.46824503217260555,14.006138945244341
J,exact_match,169,-0.506339012801593,14.34264505191488
J,exact_match,170,-0.5036262759391379,14.07003278546485
J,exact_match,171,-0.4270585301141267,13.953827896255069
J,exact_match,172,-0.5638904196035566,14.015263276641258
J,exact_match,173,-0.46114457232074396,13.947177180209184
J,exact_match,174,-0.5159160041931186,14.159447419764426
J,exact_match,175,-0.45725306790100173,14.26423834591671
J,exact_match,176,-0.5139060649048579,13.965140395861276
J,exact_match,177,-0.4538233526663178,14.217944553928056
J,exact_match,178,-0.5264731409662017,13.765932361491707
J,exact_match,179,-0.5122580128346804,14.53024659709105
J,exact_match,180,-0.5066862832563429,13.738780730505308
J,exact_match,181,-0.49343714205948136,14.208387794284917
J,exact_match,182,-0.5268892553065246,14.293951077999568
J,exact_match,183,-0.49829324866722907,14.440350157271013
J,exact_match,184,-0.4299501108514016,14.407816979327345
J,exact_match,185,-0.4791507677863422,14.367953467699065
J,exact_match,186,-0.5779693206393672,14.175995663685178
J,exact_match,187,-0.47469476992785264,14.120335659235847
J,exact_match,188,-0.48802273265510987,14.297454140248107
J,exact_match,189,-0.533714765439508,14.339316731586063
J,exact_match,190,-0.5503473464438325,14.092467627955433
J,exact_match,191,-0.4915122393230002,14.292901444433463
J,exact_match,192,-0.5423880640657927,14.030798617566836
J,exact_match,193,-0.5058789072970349,14.568311525966296
J,exact_match,194,-0.4942170877028743,13.698942560539603
J,exact_match,195,-0.5350504911673015,14.1927338593025
J,exact_match,196,-0.4897518982594025,14.203152745599866
J,exact_match,197,-0.5184202705015475,13.911129068130696
J,exact_match,198,-0.4721101280375179,14.127450857581355
J,exact_match,199,-0.5055940543679626,14.275701385412127
J,exact_match,200,-0.4967883021401592,14.28014536533583
J,exact_match,201,-0.513863021169682,13.980543825736733
J,exact_match,202,-0.5778645253392283,14.242645067155847
J,exact_match,203,-0.5025817949546132,14.149546393749496
J,exact_match,204,-0.5459869583621288,14.003633391796802
J,exact_match,205,-0.5734420950023366,14.30546453482548
J,exact_match,206,-0.5225077153124742,14.406739816501405
J,exact_match,207,-0.436038044966204,14.33431956968975
J,exact_match,208,-0.632531098554028,14.05699777080724
J,exact_match,209,-0.5079470574297019,14.228965943400018
J,exact_match,210,-0.5669206597830817,14.106540426286783
J,exact_match,211,-0.5726773911535363,14.082415907230136
J,exact_match,212,-0.5889969391785664,13.886952938499105
J,exact_match,213,-0.6375893747669557,13.986834883098686
J,exact_match,214,-0.5720105863512723,14.064365008208952
J,exact_match,215,-0.5453672459936956,14.146717871699044
J,exact_match,216,-0.6220183002641796,14.052083201029948
J,exact_match,217,-0.5591468190576749,14.159896446986531
J,exact_match,218,-0.5747063701631362,13.982455347978732
J,exact_match,219,-0.5500110338276502,14.32620345036953
J,exact_match,220,-0.5921208565560058,14.05795749783107
J,exact_match,221,-0.5442579844757385,14.252022078493427
J,exact_match,222,-0.6294434496995048,14.240941504183844
J,exact_match,223,-0.5037943775532882,14.076789122696505
J,exact_match,224,-0.6798847059248868,14.045597679643135
J,exact_match,225,-0.5759533693813655,14.396262059941664
J,exact_match,226,-0.5451428684336882,14.296515748091625
J,exact_match,227,-0.605442319862195,14.263711687532853
J,exact_match,228,-0.5501687414686852,14.377705471845903
J,exact_match,229,-0.5844640521124074,14.233101599953956
J,exact_match,230,-0.6128419269672086,14.159709560603043
J,exact_match,231,-0.5027812597654989,14.296546829784704
J,exact_match,232,-0.6518407752755319,14.093502963627861
J,exact_match,233,-0.6005566174949376,14.12229650697831
J,exact_match,234,-0.581693103998804,14.092789567413933
J,exact_match,235,-0.5230849155334605,14.088717771229856
J,exact_match,236,-0.6565400735815767,13.941781961737503
J,exact_match,237,-0.5822066437454216,14.36129161705686
J,exact_match,238,-0.5855116858001841,14.177424959983398
J,exact_match,239,-0.6041086867193347,13.886432072174358
J,exact_match,240,-0.5514251597711843,14.175089929564452
J,exact_match,241,-0.6759746499936263,13.920627232283499
J,exact_match,242,-0.6431645599774175,14.23557744873115
J,exact_match,243,-0.5844065660665567,14.269427696028078
J,exact_match,244,-0.6043012982251802,14.298518255974837
J,exact_match,245,-0.5944524186326593,14.1140270523995
J,exact_match,246,-0.6428706622559611,14.308582361421617
J,exact_match,247,-0.6361880742245581,14.244387313963108
J,exact_match,248,-0.6947209318782839,14.181589880494997
J,exact_match,249,-0.7115644176495814,14.098231818690243
J,exact_match,250,-0.6742867945864922,14.199851284898868
J,exact_match,251,-0.5527405095561615,14.360078994985887
J,exact_match,252,-0.42810501765707426,14.166739102682461
J,exact_match,253,-0.5853505337258563,14.097749303725525
J,exact_match,254,-0.5503265504346971,14.248053780755127
J,exact_match,255,-0.6334416825647629,13.98259953800719
J,exact_match,256,-0.6602140695099313,14.360967777143218
J,exact_match,257,-0.689587301927349,14.164875496757732
J,exact_match,258,-0.7074040351388217,14.274612404247355
J,exact_match,259,-0.5544612903680306,14.092329514383689
J,exact_match,260,-0.6989004256831955,14.020618207838687
J,exact_match,261,-0.6230496854663349,14.48021340262692
J,exact_match,262,-0.7058167202871328,14.281565357086173
J,exact_match,263,-0.6081404098673673,14.190982451811601
J,exact_match,264,-0.6268521630281312,14.05953211454736
J,exact_match,265,-0.5887782632169494,14.133367946859293
J,exact_match,266,-0.7238839818047685,13.997017438120332
J,exact_match,267,-0.6532935816832136,14.039468208974142
J,exact_match,268,-0.7863360824209307,14.212185194873697
J,exact_match,269,-0.5292751241781803,14.195188425179412
J,exact_match,270,-0.6566921383373757,14.13992585298705
J,exact_match,271,-0.7259345892500058,14.248312593591773
J,exact_match,272,-0.6457272518583497,14.435775171077761
J,exact_match,273,-0.6660885119861768,14.29374840122933
J,exact_match,274,-0.7062815555275683,14.29205590385062
J,exact_match,275,-0.6454689277725254,13.890415570216435
J,exact_match,276,-0.6780593165631555,14.27301815050925
J,exact_match,277,-0.6091098823105517,14.216010643636013
J,exact_match,278,-0.6841540305128203,14.343054777163008
J,exact_match,279,-0.598463347999314,14.283271562804796
J,exact_match,280,-0.6487564049107537,14.085406028810842
J,exact_match,281,-0.633924201601898,14.294728880353468
J,exact_match,282,-0.6833817931306114,13.916248128333283
J,exact_match,283,-0.6565530099953559,13.90618416366626
J,exact_match,284,-0.8206430857717558,14.249673447597283
J,exact_match,285,-0.674856168618836,14.349391532781997
J,exact_match,286,-0.7259305192439045,14.240203248023768
J,exact_match,287,-0.6450900324351662,14.429794386669585
J,exact_match,288,-0.7026710759872762,14.085912301466252
J,exact_match,289,-0.6318693665066594,14.436559914326338
J,exact_match,290,-0.6723878792190867,14.230759618879862
J,exact_match,291,-0.6859584844817842,14.211171500904557
J,exact_match,292,-0.7247664339853161,14.15043370350577
J,exact_match,293,-0.6975419070955072,13.790300320555646
J,exact_match,294,-0.6853463268621691,14.03198922763277
J,exact_match,295,-0.6169060526315869,14.22934149425155
J,exact_match,296,-0.8036549959778666,14.203944845722539
J,exact_match,297,-0.6443732296248674,14.164052985989994
J,exact_match,298,-0.8968406326758321,13.84212092078061
J,exact_match,299,-0.7033865203664431,14.294689198308056
J,exact_match,300,-0.676671086136002,14.165093892529306
J,exact_match,301,-0.6867843871924302,13.7798701618465
J,exact_match,302,-0.7746982172478948,14.242266530266626
J,exact_match,303,-0.6496380393058477,14.159014212676949
J,exact_match,304,-0.728649017742813,14.253992198044307
J,exact_match,305,-0.8144218250468606,14.236713776670145
J,exact_match,306,-0.7125588469905362,14.289442276256278
J,exact_match,307,-0.7276024778975476,14.222543669408278
J,exact_match,308,-0.6499373864252216,14.247212527154467
J,exact_match,309,-0.8325479780981553,14.113425667261316
J,exact_match,310,-0.8306223085680312,13.904602846990285
J,exact_match,311,-0.6465782420328215,14.110627169285065
J,exact_match,312,-0.8135261761636589,14.148533214961247
J,exact_match,313,-0.6887513779891716,13.892816650664313
J,exact_match,314,-0.659376223035439,14.209554079271438
J,exact_match,315,-0.6932310157178115,14.455090104672836
J,exact_match,316,-0.7577132700623,13.9306502968334
J,exact_match,317,-0.7471433323818721,14.053018349861288
J,exact_match,318,-0.78402976028417,14.266647599451415
J,exact_match,319,-0.7081399716374386,14.306835425693274
J,exact_match,320,-0.9176370955813973,14.27203808293075
J,exact_match,321,-0.7557074369692451,13.984694869088429
J,exact_match,322,-0.6450516894919438,14.30791654307057
J,exact_match,323,-0.7787186115359733,13.630657023807434
J,exact_match,324,-0.8286987802822251,14.240711211744635
J,exact_match,325,-0.7572909908617977,14.197566006765275
J,exact_match,326,-0.8002330682083354,14.130151678783877
J,exact_match,327,-0.8095697504877707,14.366649893646004
J,exact_match,328,-0.6875326244553024,14.293811725778887
J,exact_match,329,-0.8098276705905655,14.262091322685334
J,exact_match,330,-0.7399132516740266,14.32435152028746
J,exact_match,331,-0.8352090394102272,14.224321487310915
J,exact_match,332,-0.6916517894407449,14.303000705270508
J,exact_match,333,-0.7387694100239103,14.080278729288537
J,exact_match,334,-0.9540790915535378,14.127261207962567
J,exact_match,335,-0.8237334068125524,14.232355324598592
J,exact_match,336,-0.7291840340717165,14.19863073150653
J,exact_match,337,-0.6562471245644725,14.482435612152294
J,exact_match,338,-0.7981777828993027,14.079708262578569
J,exact_match,339,-0.7016896944129466,14.34826401155042
J,exact_match,340,-0.9108354777809747,13.823267930430655
J,exact_match,341,-0.8345930964339049,14.049705856446447
J,exact_match,342,-0.8456731789922206,14.35026664113792
J,exact_match,343,-0.6691551687001355,14.435455811607415
J,exact_match,344,-0.713482457700508,14.164379703942268
J,exact_match,345,-0.8623534214311425,13.72191243380476
J,exact_match,346,-0.9424537829499662,14.255277111476197
J,exact_match,347,-0.804117362950042,14.191340442696314
J,exact_match,348,-0.7062443361605057,14.325308166257454
J,exact_match,349,-0.8680683433069601,14.402062455949654
J,exact_match,350,-0.8218815555105488,14.129573626774924
J,exact_match,351,-0.7032989990034966,14.351991378732558
J,exact_match,352,-0.7583430801288108,14.128180218354325
J,exact_match,353,-0.9493753755236852,13.832677082356575
J,exact_match,354,-0.9176396426295701,14.189209117073602
J,exact_match,355,-0.8679778368538106,14.292504571843294
J,exact_match,356,-0.6900419777385578,14.44963615389433
J,exact_match,357,-0.9679865278846052,13.509421703435537
J,exact_match,358,-0.8483570199815663,14.243049362329655
J,exact_match,359,-0.7289965881948008,14.30776718915408
J,exact_match,360,-0.8390433997724474,14.10954678027709
J,exact_match,361,-0.8532825548815428,14.304220406043715
J,exact_match,362,-0.877622523187478,14.151916654193977
J,exact_match,363,-0.79103190699715,14.388557997249988
J,exact_match,364,-0.8674180721779281,14.170388139826029
J,exact_match,365,-0.7909448947214348,14.401466522880913
J,exact_match,366,-0.8236150230109629,14.054372323218196
J,exact_match,367,-0.918701991869641,14.360367411589358
J,exact_match,368,-0.8632364158813172,14.121885533898313
J,exact_match,369,-0.7963699160597068,14.188214133292774
J,exact_match,370,-0.735369645395477,14.04322004596076
J,exact_match,371,-0.7914037914415816,14.211881807104618
J,exact_match,372,-0.7542940598797953,14.206303386478398
J,exact_match,373,-0.832712485802369,14.074418060904073
J,exact_match,374,-0.9022509921112104,14.084812968650079
J,exact_match,375,-0.7808147289536593,14.123763103304936
J,exact_match,376,-0.9284349897295051,13.951250049409648
J,exact_match,377,-0.8308651863747955,13.827090196681144
J,exact_match,378,-0.9701608041009131,14.036421305358816
J,exact_match,379,-0.8823229126396952,14.072377484138675
J,exact_match,380,-0.5501602602201361,14.056941608555041
J,exact_match,381,-0.8038440286602916,14.278806396395234
J,exact_match,382,-0.9018156540843508,14.278386305943577
J,exact_match,383,-0.6844990096522802,14.283360851049435
J,exact_match,384,-0.8508956603855786,13.87969173564288
J,exact_match,385,-0.9600475074012422,13.64386098821658
J,exact_match,386,-0.908876936914234,14.2720788287287
J,exact_match,387,-0.8434373918168102,14.125303866645606
J,exact_match,388,-0.8995037051732151,14.356445760832342
J,exact_match,389,-0.7556606216356716,14.45884040974588
J,exact_match,390,-0.9345698691514852,14.15240464569138
J,exact_match,391,-1.0096254286781543,14.32487646162589
J,exact_match,392,-0.9004894819852026,14.160531067395304
J,exact_match,393,-0.8005118652831019,14.35595269349713
J,exact_match,394,-1.0761877821610122,14.221891409464055
J,exact_match,395,-0.7726044824012235,14.058261259724635
J,exact_match,396,-0.8555046717493625,14.306398254845728
J,exact_match,397,-0.7264316016833939,14.344678440963458
J,exact_match,398,-0.9466899470181197,14.204161443141766
J,exact_match,399,-0.8254713901477491,14.358108843688896
J,exact_match,400,-0.8893238777535393,14.081551905973331
J,exact_match,401,-0.689534061275461,14.29556274621656
J,exact_match,402,-0.7344982064992183,14.155554445869655
J,exact_match,403,-0.9306129175861977,14.241686810207007
J,exact_match,404,-0.8599658742739822,14.181601205519021
J,exact_match,405,-0.8916083117743681,14.241600724786196
J,exact_match,406,-1.0684030575835497,14.17516568921247
J,exact_match,407,-0.8119165215094774,14.234941277502653
J,exact_match,408,-0.940258828577214,14.11766955803967
J,exact_match,409,-0.887592139672668,14.375388602961529
J,exact_match,410,-0.9122503982598663,14.0354067686023
J,exact_match,411,-0.8870286875153476,14.275773472276306
J,exact_match,412,-0.9105481468574349,14.321857284731482
J,exact_match,413,-1.0142913070234456,14.422100677495187
J,exact_match,414,-0.9468111208783332,14.182077323547738
J,exact_match,415,-0.8285116805048062,14.197412129646208
J,exact_match,416,-1.018815821481843,13.85062591852541
J,exact_match,417,-0.8518286278259222,14.203609992537702
J,exact_match,418,-0.9928348852075981,13.982665956283789
J,exact_match,419,-0.9576725453923006,14.447550389933179
J,exact_match,420,-0.8862678578918766,13.867279868641491
J,exact_match,421,-0.7662882073027427,14.207495729851992
J,exact_match,422,-0.9756995970150918,14.041670688434644
J,exact_match,423,-0.7898523514092439,14.14574852919548
J,exact_match,424,-0.9755407141879385,14.339890802745257
J,exact_match,425,-0.8372749809766795,14.373555578924597
J,exact_match,426,-0.986941121374857,14.327151512221436
J,exact_match,427,-1.0052266458844208,13.888598378999056
J,exact_match,428,-0.9640470019383546,14.283872406421803
J,exact_match,429,-1.0826822832193748,14.154691573667103
J,exact_match,430,-0.9586967884678452,14.339692893922196
J,exact_match,431,-0.9659279388763791,14.024397673689291
J,exact_match,432,-0.9463923507595702,14.385097652875306
J,exact_match,433,-1.0120415992247833,14.318206796572895
J,exact_match,434,-1.0396535377798408,14.302469354497173
J,exact_match,435,-1.0347607238756429,13.947548897878207
J,exact_match,436,-0.9201748067508128,14.124365074293646
J,exact_match,437,-0.9974309268904749,13.823425816035144
J,exact_match,438,-0.960408132634376,14.282800183586113
J,exact_match,439,-0.9517361948611699,14.102378825384914
J,exact_match,440,-0.9169988842779014,13.760258137422237
J,exact_match,441,-0.8909860348000439,14.335213810944131
J,exact_match,442,-0.8427659498261477,14.273115562164538
J,exact_match,443,-0.7518605865981804,14.284832763181797
J,exact_match,444,-0.7784524322681057,14.047473198692133
J,exact_match,445,-0.9227943114239125,14.358019942032566
J,exact_match,446,-0.9284899844308554,14.448447502618638
J,exact_match,447,-0.8415326091966813,14.247844975970446
J,exact_match,448,-0.8954328346389078,14.015865103984384
J,exact_match,449,-0.9529449753068413,14.372126667778724
J,exact_match,450,-1.072271239992865,14.16056406786313
J,exact_match,451,-0.9555995395314789,14.305557253174499
J,exact_match,452,-0.6980398237257744,14.285571790749351
J,exact_match,453,-0.906233650123246,14.237880151988422
J,exact_match,454,-0.9810080936880389,14.152877148733976
J,exact_match,455,-1.1526847977285668,14.41392349189674
J,exact_match,456,-0.8603364840549192,14.31640838929107
J,exact_match,457,-1.1573688178558452,14.241549321909545
J,exact_match,458,-0.9641432480121044,13.374180489920608
J,exact_match,459,-1.138832350784682,14.232854046278256
J,exact_match,460,-0.979796633728313,14.144509261818113
J,exact_match,461,-0.7684155178871759,14.265642279681229
J,exact_match,462,-1.1570479888454441,14.358083414022328
J,exact_match,463,-1.0497023575380535,14.230310193927263
J,exact_match,464,-1.1229520621872977,14.293715875786985
J,exact_match,465,-0.7742138157761287,14.295728829628114
J,exact_match,466,-0.797708618097813,14.12411718710562
J,exact_match,467,-1.0271894293591513,14.409859682351636
J,exact_match,468,-1.0316925029054125,14.305062977101514
J,exact_match,469,-1.1306477469438498,14.400392880908969
J,exact_match,470,-0.9523125952400531,14.374516669604331
J,exact_match,471,-0.8902916933808059,14.355479242286641
J,exact_match,472,-0.8902790633686494,14.37787508363459
J,exact_match,473,-0.8690620987771008,14.286516194232624
J,exact_match,474,-1.079857699674866,14.343821707427866
J,exact_match,475,-1.1365803407840829,14.403882026452086
J,exact_match,476,-0.9164339675929946,13.884164328729831
J,exact_match,477,-0.8490034947060595,14.148419648534864
J,exact_match,478,-1.0953499418549437,14.410309722659376
J,exact_match,479,-1.0797113296053917,14.081078406412033
J,exact_match,480,-0.9635207049292851,14.237372965374705
J,exact_match,481,-1.0366568146574886,13.985155054010091
J,exact_match,482,-1.0217713806024795,14.386139419624076
J,exact_match,483,-1.216021719277833,14.366314494925337
J,exact_match,484,-1.1444681769227003,14.225057684196376
J,exact_match,485,-1.0511121740695921,14.167752806052212
J,exact_match,486,-1.0469555353106494,14.349621981834055
J,exact_match,487,-1.011974973526852,14.085132803980265
J,exact_match,488,-0.9827217309899388,14.332355148617701
J,exact_match,489,-0.9694288905712338,14.046966730587886
J,exact_match,490,-1.0595797343970488,13.937922523531189
raw,correct_parity_probability,41,-0.4090695214920198,11.504496118785246
raw,correct_parity_probability,42,-0.4314417733963369,12.377603397145908
raw,correct_parity_probability,43,-0.42088481627633373,12.756814194922118
raw,correct_parity_probability,44,-0.4278505293742626,12.724905120121022
raw,correct_parity_probability,45,-0.4306153733991661,12.953298517432831
raw,correct_parity_probability,46,-0.4324846323717864,12.440302491738013
raw,correct_parity_probability,47,-0.4886239050316371,11.442739454670074
raw,correct_parity_probability,48,-0.47049492025897993,12.132964615462306
raw,correct_parity_probability,49,-0.4799448667209435,12.811644117953959
raw,correct_parity_probability,50,-0.5189949776774738,10.776557226922067
raw,correct_parity_probability,51,-0.489164333267797,11.560522835882772
raw,correct_parity_probability,52,-0.501912322815592,12.39193520830506
raw,correct_parity_probability,53,-0.5036226100272151,12.231758740036035
raw,correct_parity_probability,54,-0.5516335596131478,13.361311585055256
raw,correct_parity_probability,55,-0.5469123095826846,12.899266781581495
raw,correct_parity_probability,56,-0.5248305959748137,13.17341642452081
raw,correct_parity_probability,57,-0.5494281680560988,11.949693356489027
raw,correct_parity_probability,58,-0.5306262072449077,12.998509978665869
raw,correct_parity_probability,59,-0.575245911570884,12.801664303085563
raw,correct_parity_probability,60,-0.6319518244856784,12.790981219714752
raw,correct_parity_probability,61,-0.5806439770970161,12.636929901466772
raw,correct_parity_probability,62,-0.6484786234067481,12.587440841234638
raw,correct_parity_probability,63,-0.572523850320123,13.230869377604773
raw,correct_parity_probability,64,-0.6080395556998375,12.628951180177673
raw,correct_parity_probability,65,-0.5785726648717063,13.44155438562838
raw,correct_parity_probability,66,-0.676913848575949,12.801805169626412
raw,correct_parity_probability,67,-0.578738085378409,12.732857284908288
raw,correct_parity_probability,68,-0.6525036321991681,13.540228993374999
raw,correct_parity_probability,69,-0.6729111070865039,12.243913628139296
raw,correct_parity_probability,70,-0.7444269100509516,12.662159164875435
raw,correct_parity_probability,71,-0.6800686962716076,13.809103726450337
raw,correct_parity_probability,72,-0.7255010988685899,12.513390401807705
raw,correct_parity_probability,73,-0.7181928168445129,13.455985012542714
raw,correct_parity_probability,74,-0.7956921961330656,12.441604707857088
raw,correct_parity_probability,75,-0.7175132120699755,13.612371029602894
raw,correct_parity_probability,76,-0.786597121862358,13.297754760587964
raw,correct_parity_probability,77,-0.7587536919874168,12.909093473391883
raw,correct_parity_probability,78,-0.8924544601063025,12.9749362199622
raw,correct_parity_probability,79,-0.8102725422762553,13.080296809418238
raw,correct_parity_probability,80,-0.8422480346934309,13.242434038517127
raw,correct_parity_probability,81,-0.7768916593233036,13.486679404848541
raw,correct_parity_probability,82,-0.9569425272519884,13.05572906324926
raw,correct_parity_probability,83,-0.8599478573285371,13.25988346840525
raw,correct_parity_probability,84,-0.9400518452017274,13.662307474636428
raw,correct_parity_probability,85,-0.8607260933237294,13.630558831716892
raw,correct_parity_probability,86,-0.9859437917404915,13.598972188805197
raw,correct_parity_probability,87,-0.8851868337009428,13.194716821913875
raw,correct_parity_probability,88,-1.0375912929168696,13.496877426272793
raw,correct_parity_probability,89,-0.8677228662805316,13.282915735549102
raw,correct_parity_probability,90,-0.9313655231342,13.41164429921203
raw,correct_parity_probability,91,-0.9189486335483882,13.752732096478699
raw,correct_parity_probability,92,-1.0653408028080233,13.893396894105187
raw,correct_parity_probability,93,-1.0116457186049839,14.069873231923642
raw,correct_parity_probability,94,-1.0362440944372586,13.914771973942955
raw,correct_parity_probability,95,-0.976745260419896,13.486799859627247
raw,correct_parity_probability,96,-0.9837322446376315,13.872851431380461
raw,correct_parity_probability,97,-1.0494041961633782,13.818184862441631
raw,correct_parity_probability,98,-1.0605028964147623,13.598578488886675
raw,correct_parity_probability,99,-1.0197543717370896,13.875803701529318
raw,correct_parity_probability,100,-1.1509956940806034,14.045794298081294
raw,correct_parity_probability,101,-1.127805343602524,14.262879581539993
raw,correct_parity_probability,102,-1.0022631888161015,14.161808249448898
raw,correct_parity_probability,103,-1.1164341665901716,13.853399988453793
raw,correct_parity_probability,104,-1.122150979280344,13.802545823291833
raw,correct_parity_probability,105,-1.11951055405553,13.968240539045489
raw,correct_parity_probability,106,-1.1918875811210037,13.795217676888473
raw,correct_parity_probability,107,-1.0688603906567302,13.376529819351617
raw,correct_parity_probability,108,-1.1739843060061337,14.159093705160034
raw,correct_parity_probability,109,-1.2164975631589463,13.865701374118126
raw,correct_parity_probability,110,-1.1743023933582653,13.938884979578809
raw,correct_parity_probability,111,-1.2206721337705209,13.657017660257491
raw,correct_parity_probability,112,-1.2388302131098354,13.966348947575886
raw,correct_parity_probability,113,-1.287988721236293,14.331772778541813
raw,correct_parity_probability,114,-1.2323464011344387,13.883078191544918
raw,correct_parity_probability,115,-1.3012120146236958,14.19838044639991
raw,correct_parity_probability,116,-1.3207905181459358,13.945115553483319
raw,correct_parity_probability,117,-1.296418964632107,13.775852953491613
raw,correct_parity_probability,118,-1.3044959341400635,14.182656680566886
raw,correct_parity_probability,119,-1.3510112595728627,14.17016400991418
raw,correct_parity_probability,120,-1.306527074327902,13.95344190301045
raw,correct_parity_probability,121,-1.308119946089629,13.863437550113224
raw,correct_parity_probability,122,-1.2814496625574676,14.002172400901221
raw,correct_parity_probability,123,-1.308531454993575,13.618888007030767
raw,correct_parity_probability,124,-1.3341109926579526,13.762983780398537
raw,correct_parity_probability,125,-1.3975388630816576,13.984471601140438
raw,correct_parity_probability,126,-1.4251747863001154,14.171029193006431
raw,correct_parity_probability,127,-1.379855016337839,13.514967259965317
raw,correct_parity_probability,128,-1.4033159464180447,13.787743476912807
raw,correct_parity_probability,129,-1.3581817984518967,13.57911217784898
raw,correct_parity_probability,130,-1.412581771107342,13.778163807216485
raw,correct_parity_probability,131,-1.441280656107048,13.4146601731871
raw,correct_parity_probability,132,-1.4306912869293689,13.940676801986095
raw,correct_parity_probability,133,-1.4819081508062806,13.75286375922723
raw,correct_parity_probability,134,-1.4677943250952488,14.334860150798217
raw,correct_parity_probability,135,-1.498699413507368,14.117023227093004
raw,correct_parity_probability,136,-1.4531574299419854,13.985856906820368
raw,correct_parity_probability,137,-1.520502911898435,13.935480225302651
raw,correct_parity_probability,138,-1.5138870350805973,14.307244013986017
raw,correct_parity_probability,139,-1.508739003974049,14.103469668137926
raw,correct_parity_probability,140,-1.4979061344277773,14.475363221033787
raw,correct_parity_probability,141,-1.5641983743430072,14.304902472824086
raw,correct_parity_probability,142,-1.4650473842062393,13.562904977958182
raw,correct_parity_probability,143,-1.4981691517642481,13.86228815786394
raw,correct_parity_probability,144,-1.495586986647513,13.912189849389389
raw,correct_parity_probability,145,-1.574639018180265,13.896883651697323
raw,correct_parity_probability,146,-1.5597568688323502,14.26677068213943
raw,correct_parity_probability,147,-1.5504449696475542,13.938212701489071
raw,correct_parity_probability,148,-1.4864699902068081,14.422982016522223
raw,correct_parity_probability,149,-1.573060559818013,14.17782047033503
raw,correct_parity_probability,150,-1.5877282242472168,14.25375196559437
raw,correct_parity_probability,151,-1.5500257930573098,14.068334000439071
raw,correct_parity_probability,152,-1.5403981771983666,14.01368556111386
raw,correct_parity_probability,153,-1.616085539118975,14.160972742525448
raw,correct_parity_probability,154,-1.5707274859632747,14.052069804624509
raw,correct_parity_probability,155,-1.6586524093628836,13.869863924592261
raw,correct_parity_probability,156,-1.5941968750238793,14.331517135633753
raw,correct_parity_probability,157,-1.6695874558685029,14.435925464957702
raw,correct_parity_probability,158,-1.695684243655231,14.447052981801352
raw,correct_parity_probability,159,-1.7715188988295882,14.037232358859967
raw,correct_parity_probability,160,-1.6174451371174665,14.238072133876326
raw,correct_parity_probability,161,-1.7199823820894686,14.379743746049229
raw,correct_parity_probability,162,-1.7066749607899454,14.505465070578758
raw,correct_parity_probability,163,-1.6830344087899989,14.090360890001852
raw,correct_parity_probability,164,-1.6898221201606143,14.520787279264633
raw,correct_parity_probability,165,-1.7536334331085943,14.552984252131104
raw,correct_parity_probability,166,-1.7037630963371333,14.594881968656274
raw,correct_parity_probability,167,-1.758770410705313,14.634127238887588
raw,correct_parity_probability,168,-1.6453715457038758,14.353039325643817
raw,correct_parity_probability,169,-1.7547326862925763,14.698487043082338
raw,correct_parity_probability,170,-1.7118349524418806,14.49637801589348
raw,correct_parity_probability,171,-1.7860294500419003,14.538904987975883
raw,correct_parity_probability,172,-1.7691927808033951,14.547675430393676
raw,correct_parity_probability,173,-1.790004048380062,14.10454040165477
raw,correct_parity_probability,174,-1.7593581856690232,14.67941582907117
raw,correct_parity_probability,175,-1.807396142225793,14.574569572299199
raw,correct_parity_probability,176,-1.7752785342110426,14.463760126133947
raw,correct_parity_probability,177,-1.839484044606932,14.702846578743722
raw,correct_parity_probability,178,-1.8851857390646722,14.359638148929518
raw,correct_parity_probability,179,-1.9886316154045216,14.918702374591392
raw,correct_parity_probability,180,-1.793620789140979,14.475810856455828
raw,correct_parity_probability,181,-1.9302121027809604,14.756107488138085
raw,correct_parity_probability,182,-1.829665367424302,14.862725071159756
raw,correct_parity_probability,183,-1.9008895022884587,14.749904591318936
raw,correct_parity_probability,184,-1.8317599618708755,14.815567522964411
raw,correct_parity_probability,185,-1.8627919269215483,14.99629758542066
raw,correct_parity_probability,186,-1.9265885145807238,14.942909902020551
raw,correct_parity_probability,187,-1.8931567986766065,14.91703728194876
raw,correct_parity_probability,188,-1.9093657661720735,14.925481284489724
raw,correct_parity_probability,189,-1.9564232498127385,15.006410449037455
raw,correct_parity_probability,190,-1.9320735554033794,14.536056262824879
raw,correct_parity_probability,191,-2.04636151569599,14.749652827212513
raw,correct_parity_probability,192,-1.9459814452108082,14.891298679441958
raw,correct_parity_probability,193,-2.004752491917537,14.994872849274653
raw,correct_parity_probability,194,-1.970935353798049,13.568633252169247
raw,correct_parity_probability,195,-2.102993961259154,14.741509569319902
raw,correct_parity_probability,196,-2.009418488915436,14.876877391571677
raw,correct_parity_probability,197,-2.0611455722874705,14.892070097781298
raw,correct_parity_probability,198,-2.0751895398021882,14.617748505494836
raw,correct_parity_probability,199,-2.0743269861836082,14.99829539930563
raw,correct_parity_probability,200,-1.9780821999997409,15.087417462726377
raw,correct_parity_probability,201,-2.1003540000901313,14.756786458671582
raw,correct_parity_probability,202,-2.1652439318001275,14.559292127114698
raw,correct_parity_probability,203,-2.0819573645269105,14.906750749243834
raw,correct_parity_probability,204,-2.0605731915617853,14.636092776834392
raw,correct_parity_probability,205,-2.222421708078066,14.736207146737886
raw,correct_parity_probability,206,-2.0930653203840692,14.954821372147995
raw,correct_parity_probability,207,-2.0451684029429646,14.778379282739717
raw,correct_parity_probability,208,-2.000778473028526,14.406838656611596
raw,correct_parity_probability,209,-2.160883758560883,14.813035479321805
raw,correct_parity_probability,210,-2.135075800319859,14.843364464526552
raw,correct_parity_probability,211,-2.209641959689225,14.504564634991096
raw,correct_parity_probability,212,-2.158983213786654,14.803961751924705
raw,correct_parity_probability,213,-2.2751086231483506,14.718799464124123
raw,correct_parity_probability,214,-2.125746328163491,14.60778997341214
raw,correct_parity_probability,215,-2.2350823895887713,14.951122557673406
raw,correct_parity_probability,216,-2.2808861364980837,14.47120252920662
raw,correct_parity_probability,217,-2.2301001538269425,14.480595817420836
raw,correct_parity_probability,218,-2.292309602387148,14.539950908060973
raw,correct_parity_probability,219,-2.238950788141352,14.708870691271587
raw,correct_parity_probability,220,-2.254059737512747,14.682105448720842
raw,correct_parity_probability,221,-2.25414462844633,14.846665334251867
raw,correct_parity_probability,222,-2.303845692295322,14.610979335700566
raw,correct_parity_probability,223,-2.2322797871846842,14.844617960028666
raw,correct_parity_probability,224,-2.4456374762126414,14.457292385035968
raw,correct_parity_probability,225,-2.404542899690312,14.409024716834688
raw,correct_parity_probability,226,-2.2649017955601547,14.412627873578437
raw,correct_parity_probability,227,-2.4219902763635077,14.608220877514151
raw,correct_parity_probability,228,-2.275750256996359,14.6609920739313
raw,correct_parity_probability,229,-2.3819320451358292,14.431311247084938
raw,correct_parity_probability,230,-2.409279222502025,14.47126749439726
raw,correct_parity_probability,231,-2.288470938935433,14.684080024279169
raw,correct_parity_probability,232,-2.410338438296486,14.557408514759208
raw,correct_parity_probability,233,-2.367739861001557,14.57160789131583
raw,correct_parity_probability,234,-2.452114792338055,14.407133252111382
raw,correct_parity_probability,235,-2.42981909754505,13.950070074185517
raw,correct_parity_probability,236,-2.5529481271768537,14.219085907678316
raw,correct_parity_probability,237,-2.4270405241374973,14.523210872692847
raw,correct_parity_probability,238,-2.3889842484462207,14.558534876640868
raw,correct_parity_probability,239,-2.4437634120471916,14.28076184933738
raw,correct_parity_probability,240,-2.4653071323402522,14.267413065448856
raw,correct_parity_probability,241,-2.5344503931045304,14.334438804152962
raw,correct_parity_probability,242,-2.52378461277183,14.43098526640166
raw,correct_parity_probability,243,-2.4896638032845377,14.47046300820252
raw,correct_parity_probability,244,-2.456495060921012,14.553585326334717
raw,correct_parity_probability,245,-2.4537384647136666,14.474237143593085
raw,correct_parity_probability,246,-2.493650452598368,14.416140867382344
raw,correct_parity_probability,247,-2.469134094829208,14.281722401659326
raw,correct_parity_probability,248,-2.6486795296685375,14.184866660467298
raw,correct_parity_probability,249,-2.5924538586643235,14.442826605862692
raw,correct_parity_probability,250,-2.5348667114936085,14.41977115218445
raw,correct_parity_probability,251,-2.5234312247136517,14.401137057330233
raw,correct_parity_probability,252,-2.378158167688007,14.325552267944257
raw,correct_parity_probability,253,-2.5450141858451114,13.941459987581654
raw,correct_parity_probability,254,-2.53717516423612,14.203104210210656
raw,correct_parity_probability,255,-2.4850244893939055,14.295339616133395
raw,correct_parity_probability,256,-2.654603749657912,14.093172477013143
raw,correct_parity_probability,257,-2.6353553921337465,14.183604522107018
raw,correct_parity_probability,258,-2.6053103169596765,14.379961624518792
raw,correct_parity_probability,259,-2.5448489624176895,14.190959006043203
raw,correct_parity_probability,260,-2.63636877770456,14.364176957817632
raw,correct_parity_probability,261,-2.626223200956101,14.40753976617053
raw,correct_parity_probability,262,-2.636882965628325,14.328068323948793
raw,correct_parity_probability,263,-2.689307383097273,14.471619914291999
raw,correct_parity_probability,264,-2.7255805935532345,14.11161984518412
raw,correct_parity_probability,265,-2.691038836684238,13.952402578975661
raw,correct_parity_probability,266,-2.700081116010744,14.123705813742943
raw,correct_parity_probability,267,-2.627169666071282,14.242085392367306
raw,correct_parity_probability,268,-2.8944209105071725,14.23916915911407
raw,correct_parity_probability,269,-2.6789810680162693,14.214918073628178
raw,correct_parity_probability,270,-2.73189100214248,14.400905624086864
raw,correct_parity_probability,271,-2.729489519569285,14.333085387819477
raw,correct_parity_probability,272,-2.7001357225413503,14.45065596044369
raw,correct_parity_probability,273,-2.7444543616178163,14.388151388873027
raw,correct_parity_probability,274,-2.703285824427016,14.347199712408647
raw,correct_parity_probability,275,-2.656944855680219,14.290296620031322
raw,correct_parity_probability,276,-2.877866584364176,14.23762615624879
raw,correct_parity_probability,277,-2.710845076226882,14.27993400113609
raw,correct_parity_probability,278,-2.7286980318937504,14.465170066052476
raw,correct_parity_probability,279,-2.7833500314908846,14.41383294267883
raw,correct_parity_probability,280,-2.8294601880284223,14.168317624828616
raw,correct_parity_probability,281,-2.6850871725367176,14.381733762841652
raw,correct_parity_probability,282,-2.860557801285551,14.242459270335718
raw,correct_parity_probability,283,-2.8094415646015314,14.238168646221457
raw,correct_parity_probability,284,-2.94582808352639,14.357528700018923
raw,correct_parity_probability,285,-2.920134437912343,14.31601707070644
raw,correct_parity_probability,286,-2.964847719717015,14.302806645952852
raw,correct_parity_probability,287,-2.943156988868727,14.234192546530773
raw,correct_parity_probability,288,-2.9006333562960758,14.22802763518623
raw,correct_parity_probability,289,-2.8992764421176815,14.277432935990454
raw,correct_parity_probability,290,-2.9686011483132146,14.305998835425541
raw,correct_parity_probability,291,-3.0492070025931186,14.39994938368137
raw,correct_parity_probability,292,-2.986113514768925,14.346885404589035
raw,correct_parity_probability,293,-2.9623819624815506,14.089145679750397
raw,correct_parity_probability,294,-2.8892901922901535,14.099453979956149
raw,correct_parity_probability,295,-2.879837062288708,14.31659609785791
raw,correct_parity_probability,296,-3.046304827042628,14.351360099426929
raw,correct_parity_probability,297,-2.90236186796984,14.266286626138484
raw,correct_parity_probability,298,-3.2112950102182545,14.389565818616077
raw,correct_parity_probability,299,-3.0521327994381133,14.394045979709366
raw,correct_parity_probability,300,-2.9802468518308465,14.312996687512195
raw,correct_parity_probability,301,-2.8992905918569303,14.372706442227434
raw,correct_parity_probability,302,-3.051716722656783,14.156346417913847
raw,correct_parity_probability,303,-3.007594993402907,14.369246665614632
raw,correct_parity_probability,304,-3.11805718261703,14.410414685313512
raw,correct_parity_probability,305,-3.2258345742700802,14.427804656807481
raw,correct_parity_probability,306,-3.091218141164747,14.301545449223969
raw,correct_parity_probability,307,-3.069051266245008,14.210720048576164
raw,correct_parity_probability,308,-3.126308997371093,14.404571297096405
raw,correct_parity_probability,309,-3.0854244844055025,14.172811125875661
raw,correct_parity_probability,310,-3.194580435869595,14.402802707997642
raw,correct_parity_probability,311,-3.107892228545324,14.362920784780384
raw,correct_parity_probability,312,-3.1973640482517913,14.249285753790408
raw,correct_parity_probability,313,-3.142760109860237,14.34932664098547
raw,correct_parity_probability,314,-3.052886054943891,14.421644342002045
raw,correct_parity_probability,315,-3.2174599808172264,14.457424459151685
raw,correct_parity_probability,316,-3.1798308372498667,14.379592620606203
raw,correct_parity_probability,317,-3.1904867802494183,14.404579394100335
raw,correct_parity_probability,318,-3.2780790927965446,14.082552283093271
raw,correct_parity_probability,319,-3.2156913115176287,14.454642991920565
raw,correct_parity_probability,320,-3.2927416063971036,14.258475255063022
raw,correct_parity_probability,321,-3.1541963713411847,14.37178641753851
raw,correct_parity_probability,322,-3.2155835152803176,14.248110150255895
raw,correct_parity_probability,323,-3.157392100329097,14.418159195719314
raw,correct_parity_probability,324,-3.234241624509102,14.43733068355889
raw,correct_parity_probability,325,-3.3412389482629092,14.293802029455055
raw,correct_parity_probability,326,-3.381583499198609,14.561687394918826
raw,correct_parity_probability,327,-3.321723382845581,14.038710980206137
raw,correct_parity_probability,328,-3.2140805064849034,14.223255307306195
raw,correct_parity_probability,329,-3.4608349835103787,14.369999710297801
raw,correct_parity_probability,330,-3.3453911121396733,14.316351069297474
raw,correct_parity_probability,331,-3.2483435618055627,14.350819421606166
raw,correct_parity_probability,332,-3.222633488360431,14.432544342404531
raw,correct_parity_probability,333,-3.2536620137352172,13.963376705665643
raw,correct_parity_probability,334,-3.3229069031422167,14.204280115047728
raw,correct_parity_probability,335,-3.4615878174534216,14.535853963243342
raw,correct_parity_probability,336,-3.419298547883071,13.997448466103018
raw,correct_parity_probability,337,-3.4168877867641263,14.496080941056364
raw,correct_parity_probability,338,-3.4158748575097904,14.451050309603866
raw,correct_parity_probability,339,-3.413759060458029,14.372129261306322
raw,correct_parity_probability,340,-3.3526526049372256,14.524800718500478
raw,correct_parity_probability,341,-3.2989614274932673,14.405952232702457
raw,correct_parity_probability,342,-3.4453695926565597,14.43793498944957
raw,correct_parity_probability,343,-3.415584527113978,14.39424238621603
raw,correct_parity_probability,344,-3.381751273044496,14.413946507271787
raw,correct_parity_probability,345,-3.480851300615037,14.37330496177489
raw,correct_parity_probability,346,-3.52813662680938,14.545181381606039
raw,correct_parity_probability,347,-3.562332189704867,14.673954837882354
raw,correct_parity_probability,348,-3.3986538009252425,14.48934205790522
raw,correct_parity_probability,349,-3.7348173090948404,14.506054711320454
raw,correct_parity_probability,350,-3.36619996493312,14.227110222064843
raw,correct_parity_probability,351,-3.5082796379986183,14.48578871817761
raw,correct_parity_probability,352,-3.428669997162287,14.397539533618955
raw,correct_parity_probability,353,-3.5290188006179415,14.047398789984133
raw,correct_parity_probability,354,-3.55315679339703,14.436983387994017
raw,correct_parity_probability,355,-3.622927525640587,14.422276844014513
raw,correct_parity_probability,356,-3.554976520723485,14.584683433993012
raw,correct_parity_probability,357,-3.69807716723917,14.460218200085254
raw,correct_parity_probability,358,-3.5159908935610997,14.559787008753801
raw,correct_parity_probability,359,-3.6075906872034365,14.614132713754127
raw,correct_parity_probability,360,-3.6277143539829866,14.708781045837608
raw,correct_parity_probability,361,-3.5164758708331543,14.448560021518798
raw,correct_parity_probability,362,-3.6262590950310196,14.665176160331713
raw,correct_parity_probability,363,-3.718735177215417,14.661141988088001
raw,correct_parity_probability,364,-3.5754798980466527,14.56808189086272
raw,correct_parity_probability,365,-3.7123540203987626,14.816469172592594
raw,correct_parity_probability,366,-3.6246706248829335,14.45951331500411
raw,correct_parity_probability,367,-3.7693226422616117,14.839446830779217
raw,correct_parity_probability,368,-3.6064851434767435,14.608440457407374
raw,correct_parity_probability,369,-3.706143955628495,14.631418781024722
raw,correct_parity_probability,370,-3.5559990384562146,14.571041039919592
raw,correct_parity_probability,371,-3.6028997580343125,14.14793726892929
raw,correct_parity_probability,372,-3.6571833890676926,14.612215272032463
raw,correct_parity_probability,373,-3.6269192343691667,14.43761293305466
raw,correct_parity_probability,374,-3.9135662110947376,14.689827639682713
raw,correct_parity_probability,375,-3.7221663865361734,14.801933261489843
raw,correct_parity_probability,376,-3.6757388892647573,14.752985942226475
raw,correct_parity_probability,377,-3.790878961567501,14.681515407537217
raw,correct_parity_probability,378,-3.8656139842826667,14.805795425771612
raw,correct_parity_probability,379,-3.6629662689581104,14.632173671726788
raw,correct_parity_probability,380,-3.620491354958886,14.452300435062993
raw,correct_parity_probability,381,-3.781320778164018,14.845174012307373
raw,correct_parity_probability,382,-3.8257637795745776,14.936851843339849
raw,correct_parity_probability,383,-3.650825894721905,14.760215164005185
raw,correct_parity_probability,384,-3.7800257650552824,14.734176976157567
raw,correct_parity_probability,385,-3.926836573553846,14.666421954525799
raw,correct_parity_probability,386,-3.671637427225552,14.585884852624163
raw,correct_parity_probability,387,-3.8559560458836426,14.91039326963298
raw,correct_parity_probability,388,-3.8237008621593165,14.88735749680685
raw,correct_parity_probability,389,-3.8704800563138755,14.99231026366435
raw,correct_parity_probability,390,-3.8657913391411842,14.873766508997159
raw,correct_parity_probability,391,-3.9936178783181284,15.088833030720156
raw,correct_parity_probability,392,-3.927684270060063,14.915303036298539
raw,correct_parity_probability,393,-3.8936067559319443,15.041264065547624
raw,correct_parity_probability,394,-3.9437350211773015,14.967169605988024
raw,correct_parity_probability,395,-3.9615702974626954,14.953585701372498
raw,correct_parity_probability,396,-3.9419856058178797,15.006357951795502
raw,correct_parity_probability,397,-3.8035277579081797,14.828804261050008
raw,correct_parity_probability,398,-4.045492573250292,15.071133814424886
raw,correct_parity_probability,399,-4.048186051196625,14.983371674536734
raw,correct_parity_probability,400,-3.9878761432002436,14.50225389911613
raw,correct_parity_probability,401,-3.959974065131838,14.99706603370161
raw,correct_parity_probability,402,-3.848745430781746,14.40481251407579
raw,correct_parity_probability,403,-3.965868068361196,14.838762539599008
raw,correct_parity_probability,404,-3.9979114493344694,15.040080310568072
raw,correct_parity_probability,405,-4.05835536431802,14.997223990812344
raw,correct_parity_probability,406,-3.9284714199375776,14.891052037567109
raw,correct_parity_probability,407,-3.943089055098628,14.95474117582635
raw,correct_parity_probability,408,-4.005904914596137,14.919767764404039
raw,correct_parity_probability,409,-4.052851524650514,14.823008740844449
raw,correct_parity_probability,410,-4.029287548972811,14.95461604255149
raw,correct_parity_probability,411,-4.189647575083209,14.994452995380763
raw,correct_parity_probability,412,-4.059783855872703,14.675275524361462
raw,correct_parity_probability,413,-4.0638966767819085,14.955043014849583
raw,correct_parity_probability,414,-4.010633855519293,14.999852736412466
raw,correct_parity_probability,415,-4.123429961540355,14.954204946462827
raw,correct_parity_probability,416,-4.1067585053683775,14.85338735306871
raw,correct_parity_probability,417,-4.051988350168241,14.941921574039187
raw,correct_parity_probability,418,-4.165165863913824,14.910254126266704
raw,correct_parity_probability,419,-4.295789289770694,14.714524462371529
raw,correct_parity_probability,420,-4.017931788666721,15.042945950606025
raw,correct_parity_probability,421,-4.078577441058222,14.991383397523808
raw,correct_parity_probability,422,-4.101576089251014,14.992335453192213
raw,correct_parity_probability,423,-4.136190292382202,14.859838330515396
raw,correct_parity_probability,424,-4.243541965707038,14.701957562228571
raw,correct_parity_probability,425,-4.126081182155262,14.975875051942369
raw,correct_parity_probability,426,-4.1966938677807715,14.65897141342323
raw,correct_parity_probability,427,-4.159095941109505,14.852754424723305
raw,correct_parity_probability,428,-4.30072721640906,14.738648384790435
raw,correct_parity_probability,429,-4.353442947382571,14.83330233783448
raw,correct_parity_probability,430,-4.319566389473227,14.707652203256377
raw,correct_parity_probability,431,-4.166094371328019,15.004079694034782
raw,correct_parity_probability,432,-4.322776303845566,14.651470660503213
raw,correct_parity_probability,433,-4.308502266765782,14.874841270293754
raw,correct_parity_probability,434,-4.2660944124582985,14.881445147032544
raw,correct_parity_probability,435,-4.258416624270303,14.813782364912022
raw,correct_parity_probability,436,-4.284930024209351,14.835029742391116
raw,correct_parity_probability,437,-4.37370441166023,14.713560591521183
raw,correct_parity_probability,438,-4.2506578295804225,14.647815425838123
raw,correct_parity_probability,439,-4.285605775667112,14.77585681672241
raw,correct_parity_probability,440,-4.286805108682653,14.844803895299611
raw,correct_parity_probability,441,-4.377030408319746,14.750982096524329
raw,correct_parity_probability,442,-4.177149672033945,14.936486236275137
raw,correct_parity_probability,443,-4.251806292775325,14.858434364784824
raw,correct_parity_probability,444,-4.247059544351312,14.208702458899348
raw,correct_parity_probability,445,-4.39233167962573,14.702446083220314
raw,correct_parity_probability,446,-4.281041552441544,14.638043936212648
raw,correct_parity_probability,447,-4.379575363569226,14.607526503996224
raw,correct_parity_probability,448,-4.292012425201081,14.904443391164056
raw,correct_parity_probability,449,-4.229424855448104,14.654121294264694
raw,correct_parity_probability,450,-4.269322568554517,14.645022782361934
raw,correct_parity_probability,451,-4.36371009022386,14.538793005505308
raw,correct_parity_probability,452,-4.22395390518242,14.782607690639153
raw,correct_parity_probability,453,-4.386602577478251,14.527259766903795
raw,correct_parity_probability,454,-4.523110550878286,14.524484873650307
raw,correct_parity_probability,455,-4.455654844004296,14.612945382669698
raw,correct_parity_probability,456,-4.374278459800357,14.741811068614483
raw,correct_parity_probability,457,-4.674517511908473,14.199141583943858
raw,correct_parity_probability,458,-4.361392144598796,14.735587054413891
raw,correct_parity_probability,459,-4.513195848396407,14.137107603576489
raw,correct_parity_probability,460,-4.623947701073694,14.37843402569775
raw,correct_parity_probability,461,-4.310316553023782,14.532442016232796
raw,correct_parity_probability,462,-4.57610141587336,14.577805111983803
raw,correct_parity_probability,463,-4.6140825942737775,14.49878804996552
raw,correct_parity_probability,464,-4.710614027743911,14.342397990904379
raw,correct_parity_probability,465,-4.4357286256331685,14.725591981196581
raw,correct_parity_probability,466,-4.439967561616629,14.427078080864272
raw,correct_parity_probability,467,-4.578073107762257,14.53188505899028
raw,correct_parity_probability,468,-4.58974077422542,14.203717757925945
raw,correct_parity_probability,469,-4.632254540800699,14.482237569289584
raw,correct_parity_probability,470,-4.596230491617361,14.307608700136623
raw,correct_parity_probability,471,-4.571749489611246,14.57456059064045
raw,correct_parity_probability,472,-4.572963738065039,14.500283589250033
raw,correct_parity_probability,473,-4.5216945351162225,14.577872189705577
raw,correct_parity_probability,474,-4.63618694585344,14.546990820024492
raw,correct_parity_probability,475,-4.730333529777566,14.49047267194377
raw,correct_parity_probability,476,-4.636344698275107,13.8131194102253
raw,correct_parity_probability,477,-4.749903813030637,14.215248609121446
raw,correct_parity_probability,478,-4.640726921629604,14.545067338208623
raw,correct_parity_probability,479,-4.760835491282353,14.343760160253089
raw,correct_parity_probability,480,-4.600867616791619,14.368555448503589
raw,correct_parity_probability,481,-4.662910882273602,14.381821464940057
raw,correct_parity_probability,482,-4.746556824427247,14.400226624235314
raw,correct_parity_probability,483,-4.99826004262592,14.272778819320848
raw,correct_parity_probability,484,-4.844340405564156,14.450269393130977
raw,correct_parity_probability,485,-4.7091703534302,14.423997343744775
raw,correct_parity_probability,486,-4.478913845653257,14.445286566662258
raw,correct_parity_probability,487,-4.605341978266812,14.519457001380154
raw,correct_parity_probability,488,-4.704342178988196,14.295356792600908
raw,correct_parity_probability,489,-4.829952053070048,14.357809850902319
raw,correct_parity_probability,490,-4.725873359966042,14.309662339374237
J,correct_parity_probability,41,-0.15943364643922056,11.672539077110851
J,correct_parity_probability,42,-0.14199821340459917,12.836164184474374
J,correct_parity_probability,43,-0.1676587323548755,13.796517270291154
J,correct_parity_probability,44,-0.12713216934447444,13.562317168020812
J,correct_parity_probability,45,-0.1819547305793217,12.492152008890034
J,correct_parity_probability,46,-0.10290876785223099,12.579100413019825
J,correct_parity_probability,47,-0.21965904631179833,11.755334925741103
J,correct_parity_probability,48,-0.1263512539956074,12.707955964553971
J,correct_parity_probability,49,-0.2153663269462533,13.337184602068408
J,correct_parity_probability,50,-0.239477524956791,11.221230246884947
J,correct_parity_probability,51,-0.18985419908269846,12.272399245306662
J,correct_parity_probability,52,-0.19989773170577885,13.242475638291584
J,correct_parity_probability,53,-0.2484897032630239,12.64780448104191
J,correct_parity_probability,54,-0.21896021806042335,13.753596991060832
J,correct_parity_probability,55,-0.27068582079720366,13.3446575360908
J,correct_parity_probability,56,-0.22773296612494393,13.794825306713495
J,correct_parity_probability,57,-0.23070305220441106,12.561722121864385
J,correct_parity_probability,58,-0.22418224704910591,12.984032502951813
J,correct_parity_probability,59,-0.2686016490131005,13.38308326046969
J,correct_parity_probability,60,-0.25199472245150734,13.455187894374939
J,correct_parity_probability,61,-0.28422069915203996,13.16278105365108
J,correct_parity_probability,62,-0.24460315908732677,13.168518251397076
J,correct_parity_probability,63,-0.2218029993177564,13.44106182471032
J,correct_parity_probability,64,-0.18326418822355156,13.138407135891484
J,correct_parity_probability,65,-0.2312311635586905,13.45917730959435
J,correct_parity_probability,66,-0.21481112289900697,13.541734269514668
J,correct_parity_probability,67,-0.23382803312716471,12.915666047177767
J,correct_parity_probability,68,-0.263498035054489,14.216804605452044
J,correct_parity_probability,69,-0.23136536678638883,12.970287643434718
J,correct_parity_probability,70,-0.24868876593326084,13.524670899591479
J,correct_parity_probability,71,-0.29312691856374856,14.20980193784351
J,correct_parity_probability,72,-0.24785701116296363,12.77998365279815
J,correct_parity_probability,73,-0.2760821187352294,14.077245322176573
J,correct_parity_probability,74,-0.2664867867427907,13.121150617449482
J,correct_parity_probability,75,-0.2672562288908518,13.949449373448044
J,correct_parity_probability,76,-0.23766651187771573,13.844598342730041
J,correct_parity_probability,77,-0.26754466774933167,13.345339590272632
J,correct_parity_probability,78,-0.2506458495573803,13.65929377015952
J,correct_parity_probability,79,-0.31982214862032454,13.234086687392937
J,correct_parity_probability,80,-0.2848285022306307,13.28280037539423
J,correct_parity_probability,81,-0.28812740590828145,13.954509182957564
J,correct_parity_probability,82,-0.3107958542659781,13.118540283679131
J,correct_parity_probability,83,-0.31619562531816015,13.360180607935844
J,correct_parity_probability,84,-0.33112798811005534,13.78723298463669
J,correct_parity_probability,85,-0.29499370758654286,13.941931826354896
J,correct_parity_probability,86,-0.3245028487072958,13.6797460891164
J,correct_parity_probability,87,-0.34225979687111063,13.214839751917683
J,correct_parity_probability,88,-0.36500604043031626,13.702497557269504
J,correct_parity_probability,89,-0.28205664059871943,13.600703721685958
J,correct_parity_probability,90,-0.27981272135875135,13.405784988625346
J,correct_parity_probability,91,-0.30206484237614,13.950178079211998
J,correct_parity_probability,92,-0.32125202853299095,14.085521969798851
J,correct_parity_probability,93,-0.3176792771922129,14.08358950248507
J,correct_parity_probability,94,-0.3222923720076303,13.821547220182396
J,correct_parity_probability,95,-0.34869473722015004,13.355257598411328
J,correct_parity_probability,96,-0.27450838539799904,13.740164235055397
J,correct_parity_probability,97,-0.3621242813479231,13.466956958919344
J,correct_parity_probability,98,-0.311235180858323,13.124112635468025
J,correct_parity_probability,99,-0.3171785953064661,14.102345040582431
J,correct_parity_probability,100,-0.3360084179053989,14.08079094140013
J,correct_parity_probability,101,-0.3508575968352862,14.388019390727885
J,correct_parity_probability,102,-0.29124778124683764,14.25714101543022
J,correct_parity_probability,103,-0.3023705214045419,13.847210721278751
J,correct_parity_probability,104,-0.32471715054264766,13.648912774813166
J,correct_parity_probability,105,-0.3237803671850963,14.115821063659979
J,correct_parity_probability,106,-0.3386151135331991,13.773590008800136
J,correct_parity_probability,107,-0.27760520278694073,13.676780551542432
J,correct_parity_probability,108,-0.3561580446627912,14.10638642103827
J,correct_parity_probability,109,-0.35534961559412953,13.917469858035613
J,correct_parity_probability,110,-0.3339036949424559,13.973711990330534
J,correct_parity_probability,111,-0.3491041210845356,13.787189392059863
J,correct_parity_probability,112,-0.33776654525222594,14.310381979187976
J,correct_parity_probability,113,-0.38598937865011645,14.493930293349703
J,correct_parity_probability,114,-0.35984086539166366,14.054372572063437
J,correct_parity_probability,115,-0.3944913905790617,14.453654062198932
J,correct_parity_probability,116,-0.4174038766057658,14.272291058428257
J,correct_parity_probability,117,-0.378855888801811,13.941525662423397
J,correct_parity_probability,118,-0.36266834693714267,14.153705006531954
J,correct_parity_probability,119,-0.39608549645682495,14.36866175025291
J,correct_parity_probability,120,-0.37482369718168745,14.108347833174953
J,correct_parity_probability,121,-0.37371501039964383,14.30661077515939
J,correct_parity_probability,122,-0.3395218961432446,13.993579704508363
J,correct_parity_probability,123,-0.3742496885079341,13.77052168381338
J,correct_parity_probability,124,-0.397020498929289,13.918116855843751
J,correct_parity_probability,125,-0.400731197048281,14.19369762809413
J,correct_parity_probability,126,-0.4327661377361613,14.316435314944234
J,correct_parity_probability,127,-0.41857868208628896,13.652033876154313
J,correct_parity_probability,128,-0.4084236977641952,13.900478506629332
J,correct_parity_probability,129,-0.41642469248453706,13.90710200011724
J,correct_parity_probability,130,-0.44093747631404556,13.66815518381233
J,correct_parity_probability,131,-0.3972444650857486,13.750415948966635
J,correct_parity_probability,132,-0.4289109495509183,14.069314716819086
J,correct_parity_probability,133,-0.41826343714144376,14.174736834912569
J,correct_parity_probability,134,-0.4830307169081534,14.304108646948007
J,correct_parity_probability,135,-0.43063700169712416,14.320688693899852
J,correct_parity_probability,136,-0.46228959580223766,13.890339302040065
J,correct_parity_probability,137,-0.41230487913789166,14.129775867003605
J,correct_parity_probability,138,-0.49372631981464027,14.20345597760277
J,correct_parity_probability,139,-0.4035415436234445,14.343159621817456
J,correct_parity_probability,140,-0.4269366692792511,14.57401368657638
J,correct_parity_probability,141,-0.4327705276723762,14.424569246196132
J,correct_parity_probability,142,-0.4579016145209387,13.281609231978704
J,correct_parity_probability,143,-0.38598432636414864,14.168026992416761
J,correct_parity_probability,144,-0.4101932045394805,13.924301263947722
J,correct_parity_probability,145,-0.43181118163689813,13.864924010719784
J,correct_parity_probability,146,-0.49775454494955396,14.087604851205784
J,correct_parity_probability,147,-0.4047173038204334,14.0886182810835
J,correct_parity_probability,148,-0.38521423098432916,14.50670026820617
J,correct_parity_probability,149,-0.4195270143269541,14.357586575180044
J,correct_parity_probability,150,-0.4342441972962876,14.275945711700556
J,correct_parity_probability,151,-0.3582704655956858,14.1733337717358
J,correct_parity_probability,152,-0.4030856746486858,14.030623027639011
J,correct_parity_probability,153,-0.4297647117559457,14.144255543860892
J,correct_parity_probability,154,-0.4285230764636917,13.938972116856512
J,correct_parity_probability,155,-0.38826312177282407,14.20588595614076
J,correct_parity_probability,156,-0.45412827804190553,14.12611200422436
J,correct_parity_probability,157,-0.4220483406083825,14.264412968969213
J,correct_parity_probability,158,-0.48950362220307264,14.232603270417888
J,correct_parity_probability,159,-0.44396795763340546,14.143256920118672
J,correct_parity_probability,160,-0.4589020573217869,13.73990316554424
J,correct_parity_probability,161,-0.4071914709852156,14.345278937805471
J,correct_parity_probability,162,-0.4471699081829172,14.29968813338158
J,correct_parity_probability,163,-0.4291794439739523,13.978210088653661
J,correct_parity_probability,164,-0.5144601249862961,14.22179267035693
J,correct_parity_probability,165,-0.42373315772926123,14.458356912841205
J,correct_parity_probability,166,-0.5069267641073051,14.118157742473219
J,correct_parity_probability,167,-0.5015689869588736,14.201069518650515
J,correct_parity_probability,168,-0.4635067471217874,14.054036393568765
J,correct_parity_probability,169,-0.5007581701087053,14.348615559263102
J,correct_parity_probability,170,-0.5024698463031514,14.108243016803629
J,correct_parity_probability,171,-0.4277124575152735,14.029722185105614
J,correct_parity_probability,172,-0.5514336994433703,14.069070443948043
J,correct_parity_probability,173,-0.4595818153142349,13.912718542129126
J,correct_parity_probability,174,-0.507001045882348,14.143442998164064
J,correct_parity_probability,175,-0.4568317900440818,14.297689997394894
J,correct_parity_probability,176,-0.5055420883558708,13.991049974854363
J,correct_parity_probability,177,-0.455998421926602,14.27057328906518
J,correct_parity_probability,178,-0.52756200579316,13.854036892447835
J,correct_parity_probability,179,-0.5130296456007684,14.514636047351058
J,correct_parity_probability,180,-0.5011871233111892,13.7577583729886
J,correct_parity_probability,181,-0.4965447415143629,14.20402790886595
J,correct_parity_probability,182,-0.5230092741135164,14.290688782531307
J,correct_parity_probability,183,-0.4901705997650835,14.454235401161075
J,correct_parity_probability,184,-0.42979909041635916,14.444177726620882
J,correct_parity_probability,185,-0.47397212848887504,14.372918971768065
J,correct_parity_probability,186,-0.5757468036395769,14.236383011134427
J,correct_parity_probability,187,-0.4690625546018153,14.199811595316966
J,correct_parity_probability,188,-0.48648239446826985,14.332415413023918
J,correct_parity_probability,189,-0.5282015200258493,14.360851874047523
J,correct_parity_probability,190,-0.5453695712837424,14.078403567298333
J,correct_parity_probability,191,-0.4910788126557328,14.288445543520838
J,correct_parity_probability,192,-0.535440503545179,14.037329864883121
J,correct_parity_probability,193,-0.5057072058051025,14.532379154183273
J,correct_parity_probability,194,-0.4947322409533252,13.667445842957102
J,correct_parity_probability,195,-0.5398257075831436,14.255058998922047
J,correct_parity_probability,196,-0.4944389637431092,14.217825702253393
J,correct_parity_probability,197,-0.5115647327402078,13.988734121310662
J,correct_parity_probability,198,-0.4733245524390876,14.118015974485242
J,correct_parity_probability,199,-0.5037282838552654,14.307584592936065
J,correct_parity_probability,200,-0.4961624158818358,14.288338874763776
J,correct_parity_probability,201,-0.5095825689814831,14.056202305675907
J,correct_parity_probability,202,-0.5786323888120545,14.244078267996688
J,correct_parity_probability,203,-0.5051699219079658,14.217337070751437
J,correct_parity_probability,204,-0.5494777150449262,14.083745969062859
J,correct_parity_probability,205,-0.5657012785637682,14.303723306298098
J,correct_parity_probability,206,-0.518021981482658,14.420462665052197
J,correct_parity_probability,207,-0.43398570151522775,14.352733191091787
J,correct_parity_probability,208,-0.6274861575750176,14.07449222298363
J,correct_parity_probability,209,-0.5118681874014687,14.226611700438243
J,correct_parity_probability,210,-0.5692087071863573,14.133240212227914
J,correct_parity_probability,211,-0.5605616492743462,14.11105897279098
J,correct_parity_probability,212,-0.5925304291450364,13.895205434581651
J,correct_parity_probability,213,-0.6276616351398225,13.964910640271519
J,correct_parity_probability,214,-0.5743228592810014,14.080871828095574
J,correct_parity_probability,215,-0.5430738960887318,14.192687132506514
J,correct_parity_probability,216,-0.6179309330669406,14.10054694686616
J,correct_parity_probability,217,-0.5599795212993671,14.21349706424119
J,correct_parity_probability,218,-0.5792353945137858,14.051998637127923
J,correct_parity_probability,219,-0.5467031592677191,14.334878781275307
J,correct_parity_probability,220,-0.6019905146049307,14.09269926367704
J,correct_parity_probability,221,-0.5364036758258648,14.31702381954185
J,correct_parity_probability,222,-0.6266754551381586,14.23128819431156
J,correct_parity_probability,223,-0.5124052007950833,14.130470992333294
J,correct_parity_probability,224,-0.6780190204871822,14.070776111730114
J,correct_parity_probability,225,-0.5811678072367688,14.40015492935551
J,correct_parity_probability,226,-0.532351953535096,14.30896243747424
J,correct_parity_probability,227,-0.6009720420675341,14.290267421294395
J,correct_parity_probability,228,-0.5481083991268534,14.420771787580243
J,correct_parity_probability,229,-0.588572456802351,14.26916990414804
J,correct_parity_probability,230,-0.6059906990183166,14.242871780211313
J,correct_parity_probability,231,-0.4986533698349154,14.350305925072195
J,correct_parity_probability,232,-0.6464926393153503,14.058237907851689
J,correct_parity_probability,233,-0.5935726731206854,14.14744364432723
J,correct_parity_probability,234,-0.5778957787684225,14.149201916118017
J,correct_parity_probability,235,-0.5192494316171945,14.0598978790259
J,correct_parity_probability,236,-0.6431965896625276,13.974971439148328
J,correct_parity_probability,237,-0.5771485839989474,14.348249033093255
J,correct_parity_probability,238,-0.5859645147574473,14.158965228931233
J,correct_parity_probability,239,-0.6035135558011044,13.927923549525797
J,correct_parity_probability,240,-0.5475602261487882,14.224755867301374
J,correct_parity_probability,241,-0.6775320663888671,13.91046195327422
J,correct_parity_probability,242,-0.6440583251268148,14.239311459428862
J,correct_parity_probability,243,-0.5765622416178772,14.331538964269086
J,correct_parity_probability,244,-0.5992343519918559,14.312861624616149
J,correct_parity_probability,245,-0.587900606322534,14.153614834171872
J,correct_parity_probability,246,-0.6414726065820193,14.344984829435345
J,correct_parity_probability,247,-0.6362877924098985,14.32159435764716
J,correct_parity_probability,248,-0.6905039080165085,14.178588545418323
J,correct_parity_probability,249,-0.7086113122320108,14.145776969427903
J,correct_parity_probability,250,-0.6669454614946011,14.247154954065708
J,correct_parity_probability,251,-0.5518630456218695,14.386720110580026
J,correct_parity_probability,252,-0.42697289782673675,14.17267831179476
J,correct_parity_probability,253,-0.5886738984755485,14.119864850166028
J,correct_parity_probability,254,-0.5498879798023432,14.27594191996997
J,correct_parity_probability,255,-0.6318778824504677,14.042262273503468
J,correct_parity_probability,256,-0.6667086387034574,14.316238057119028
J,correct_parity_probability,257,-0.6976880330052767,14.184376724004824
J,correct_parity_probability,258,-0.705406624659596,14.322045742661428
J,correct_parity_probability,259,-0.5530392378434612,14.082666643121744
J,correct_parity_probability,260,-0.6985512096468002,14.05274069247981
J,correct_parity_probability,261,-0.6221170442809686,14.496695856931936
J,correct_parity_probability,262,-0.7028702339000167,14.273304457936447
J,correct_parity_probability,263,-0.6110614866472904,14.29394359890287
J,correct_parity_probability,264,-0.6241979468217524,14.08944687644452
J,correct_parity_probability,265,-0.5822305542318914,14.157158154172983
J,correct_parity_probability,266,-0.7168574747568199,14.047251241404057
J,correct_parity_probability,267,-0.6399296811908103,14.106020579322983
J,correct_parity_probability,268,-0.7830868682401181,14.232682514218821
J,correct_parity_probability,269,-0.5314803299346139,14.22199985974469
J,correct_parity_probability,270,-0.6660381465988245,14.179572794049873
J,correct_parity_probability,271,-0.7270949731606102,14.296121449399665
J,correct_parity_probability,272,-0.6415736386460915,14.462645540173842
J,correct_parity_probability,273,-0.6610369297081702,14.282456366784995
J,correct_parity_probability,274,-0.6993824722310712,14.32009049316048
J,correct_parity_probability,275,-0.6390857850611399,14.012526855645373
J,correct_parity_probability,276,-0.6754882361492905,14.340618468189183
J,correct_parity_probability,277,-0.6011361234239038,14.195739858802785
J,correct_parity_probability,278,-0.6923481136741807,14.374198902840154
J,correct_parity_probability,279,-0.6000889724417285,14.301196189084726
J,correct_parity_probability,280,-0.6502285291719797,14.113055920703692
J,correct_parity_probability,281,-0.6382972663601002,14.339461837094307
J,correct_parity_probability,282,-0.6812894956172635,14.034108439670034
J,correct_parity_probability,283,-0.6521767237131547,13.957485485670144
J,correct_parity_probability,284,-0.8097540189414214,14.271045911482522
J,correct_parity_probability,285,-0.6713230117340688,14.398483860047312
J,correct_parity_probability,286,-0.730234799410416,14.220269449918062
J,correct_parity_probability,287,-0.6509773884709519,14.41584326862584
J,correct_parity_probability,288,-0.7058492708562568,14.062069882037099
J,correct_parity_probability,289,-0.6365860330682679,14.426292926894074
J,correct_parity_probability,290,-0.6732148631483833,14.29918176280046
J,correct_parity_probability,291,-0.6913043097087046,14.285827491700338
J,correct_parity_probability,292,-0.7288595216100159,14.128097417401149
J,correct_parity_probability,293,-0.7003081659732528,13.865441727090206
J,correct_parity_probability,294,-0.6780527872537826,14.062446107492224
J,correct_parity_probability,295,-0.6214408832934237,14.275795223463215
J,correct_parity_probability,296,-0.7983574414210635,14.204852331452622
J,correct_parity_probability,297,-0.6377257266561521,14.213458988463522
J,correct_parity_probability,298,-0.8931259021811138,13.884441743909349
J,correct_parity_probability,299,-0.6990175384317182,14.325504806910535
J,correct_parity_probability,300,-0.6826346515276553,14.142014654816366
J,correct_parity_probability,301,-0.69835550598916,13.831025314667377
J,correct_parity_probability,302,-0.7690664434671368,14.275142423272955
J,correct_parity_probability,303,-0.6475132053717528,14.194851382555196
J,correct_parity_probability,304,-0.7243114769158241,14.30832311748941
J,correct_parity_probability,305,-0.8041279166755654,14.252121747962901
J,correct_parity_probability,306,-0.7175919595251448,14.2754100590551
J,correct_parity_probability,307,-0.7242745140243593,14.204714657338178
J,correct_parity_probability,308,-0.6431528860395064,14.221432135452016
J,correct_parity_probability,309,-0.8370280628082637,14.192076318399478
J,correct_parity_probability,310,-0.8248559199968667,13.938017394671524
J,correct_parity_probability,311,-0.6492727069159706,14.144425001071829
J,correct_parity_probability,312,-0.8133243706252513,14.147778778842467
J,correct_parity_probability,313,-0.6962994239518793,13.940691343744595
J,correct_parity_probability,314,-0.6543267423586703,14.214098564776151
J,correct_parity_probability,315,-0.6890971697168972,14.438144329362487
J,correct_parity_probability,316,-0.7472785694114042,13.997932386751915
J,correct_parity_probability,317,-0.7382397805841313,14.095772112393849
J,correct_parity_probability,318,-0.7818875262291746,14.280254640995793
J,correct_parity_probability,319,-0.705792867113062,14.2862975031399
J,correct_parity_probability,320,-0.9103786176998485,14.283663678467407
J,correct_parity_probability,321,-0.7557438469908523,14.071224945530638
J,correct_parity_probability,322,-0.6478616253836595,14.32684223740487
J,correct_parity_probability,323,-0.7542141106633374,13.733968877456693
J,correct_parity_probability,324,-0.833753520913298,14.28251132705293
J,correct_parity_probability,325,-0.7512765603301738,14.259083029323481
J,correct_parity_probability,326,-0.8002668155380888,14.136855261188135
J,correct_parity_probability,327,-0.8083617013108071,14.380976368723926
J,correct_parity_probability,328,-0.6973443631887127,14.33588658277658
J,correct_parity_probability,329,-0.8021143851062935,14.246898862017524
J,correct_parity_probability,330,-0.7267943525789757,14.315298709443173
J,correct_parity_probability,331,-0.8255453228117094,14.16192752433172
J,correct_parity_probability,332,-0.6912110778479246,14.324904467538374
J,correct_parity_probability,333,-0.7354741080070356,14.029134460647079
J,correct_parity_probability,334,-0.9490178377999421,14.132713433369354
J,correct_parity_probability,335,-0.8038112008741422,14.30292999266535
J,correct_parity_probability,336,-0.7254215667462685,14.244198169405863
J,correct_parity_probability,337,-0.6645255309661557,14.519017538445048
J,correct_parity_probability,338,-0.7963238679546878,14.155073402949753
J,correct_parity_probability,339,-0.7046222250460308,14.373352709336563
J,correct_parity_probability,340,-0.9174595258567217,13.878581362820565
J,correct_parity_probability,341,-0.8360631599571096,14.124575209689956
J,correct_parity_probability,342,-0.848109345794916,14.368792585749324
J,correct_parity_probability,343,-0.6694438736033239,14.417801422799513
J,correct_parity_probability,344,-0.7080286343438892,14.137978213461281
J,correct_parity_probability,345,-0.8786774599632203,13.81111114190262
J,correct_parity_probability,346,-0.9472051565985978,14.244982019198966
J,correct_parity_probability,347,-0.8113792113403412,14.189067304475488
J,correct_parity_probability,348,-0.7064698405986626,14.358371167051487
J,correct_parity_probability,349,-0.8666523064896456,14.4069774717284
J,correct_parity_probability,350,-0.8225415599943705,14.22020457543264
J,correct_parity_probability,351,-0.7035880070312643,14.328996285686724
J,correct_parity_probability,352,-0.7517235009629595,14.141111298570072
J,correct_parity_probability,353,-0.9377783983621133,13.913428135884335
J,correct_parity_probability,354,-0.910685289507096,14.230394600302278
J,correct_parity_probability,355,-0.8679373019564022,14.326147144570204
J,correct_parity_probability,356,-0.6854665485869794,14.461766416347364
J,correct_parity_probability,357,-0.9729100569955252,13.533339586691982
J,correct_parity_probability,358,-0.8464677042084446,14.279320092853462
J,correct_parity_probability,359,-0.7206465082154274,14.314213935484029
J,correct_parity_probability,360,-0.8498571145743304,14.103827304990169
J,correct_parity_probability,361,-0.8524857499884446,14.343748244016826
J,correct_parity_probability,362,-0.8873082254534471,14.19036071037117
J,correct_parity_probability,363,-0.7867506216852136,14.402418409503198
J,correct_parity_probability,364,-0.8581165619084954,14.143085306017081
J,correct_parity_probability,365,-0.7891021610587785,14.401330557393726
J,correct_parity_probability,366,-0.8211846765540186,14.093582192341243
J,correct_parity_probability,367,-0.9222082950958135,14.36278045610103
J,correct_parity_probability,368,-0.854538100797129,14.14527026580965
J,correct_parity_probability,369,-0.7957636651759303,14.222007092868136
J,correct_parity_probability,370,-0.718802106511996,14.082513346911652
J,correct_parity_probability,371,-0.7968542009341114,14.230362735034163
J,correct_parity_probability,372,-0.7512783029526938,14.227388972390813
J,correct_parity_probability,373,-0.834226553439385,14.133415713135024
J,correct_parity_probability,374,-0.8974048301552672,14.113994725173866
J,correct_parity_probability,375,-0.7777126088509781,14.14686932844535
J,correct_parity_probability,376,-0.926062471809188,13.969181062578645
J,correct_parity_probability,377,-0.8440393691931223,13.852811420560975
J,correct_parity_probability,378,-0.9597987426288507,14.073651482482534
J,correct_parity_probability,379,-0.8753862723630632,14.150043156591732
J,correct_parity_probability,380,-0.5452545849658218,14.07326649949705
J,correct_parity_probability,381,-0.8145142573525574,14.266674391946031
J,correct_parity_probability,382,-0.8994794496498398,14.314258084003235
J,correct_parity_probability,383,-0.6941005479863861,14.351474392110672
J,correct_parity_probability,384,-0.8470875014901533,13.919267963066327
J,correct_parity_probability,385,-0.9638123256484055,13.632542499376546
J,correct_parity_probability,386,-0.9014804039262878,14.297468442481735
J,correct_parity_probability,387,-0.8341603425914323,14.165450504271849
J,correct_parity_probability,388,-0.9035677390212198,14.360289284874717
J,correct_parity_probability,389,-0.7552734684866054,14.486038358098275
J,correct_parity_probability,390,-0.9411989619676259,14.164112415734285
J,correct_parity_probability,391,-1.015540862873941,14.379403842851962
J,correct_parity_probability,392,-0.9189531378177257,14.1558382880272
J,correct_parity_probability,393,-0.7889669053052668,14.377771162269863
J,correct_parity_probability,394,-1.0675290545979987,14.227768320934036
J,correct_parity_probability,395,-0.7738678340377729,14.112801320242005
J,correct_parity_probability,396,-0.8527408712718884,14.334883706499605
J,correct_parity_probability,397,-0.7235900982990164,14.335831767838867
J,correct_parity_probability,398,-0.9290950697449776,14.269961274442814
J,correct_parity_probability,399,-0.8185229067148762,14.37874977627049
J,correct_parity_probability,400,-0.8856418485980591,14.11045405361475
J,correct_parity_probability,401,-0.6939649118781203,14.308639418421325
J,correct_parity_probability,402,-0.7356687883914529,14.168232137437835
J,correct_parity_probability,403,-0.9327662231800365,14.264567784557421
J,correct_parity_probability,404,-0.8554176309280036,14.157625988766794
J,correct_parity_probability,405,-0.8900786471763821,14.229911287734462
J,correct_parity_probability,406,-1.0506831293528718,14.218767019430741
J,correct_parity_probability,407,-0.8136407729577532,14.271024293037755
J,correct_parity_probability,408,-0.9757777664071927,14.141787440213548
J,correct_parity_probability,409,-0.8774945222379745,14.37224285383439
J,correct_parity_probability,410,-0.9148059782392782,14.036414732903282
J,correct_parity_probability,411,-0.9012347087340337,14.309977987360678
J,correct_parity_probability,412,-0.9132698264815345,14.322747651431563
J,correct_parity_probability,413,-1.006567666432319,14.437036587658337
J,correct_parity_probability,414,-0.9460334162877855,14.24402766183589
J,correct_parity_probability,415,-0.823079219927854,14.24786536631331
J,correct_parity_probability,416,-1.0137980181992539,13.976445431553726
J,correct_parity_probability,417,-0.864678614415102,14.193402282795015
J,correct_parity_probability,418,-0.9899096323804759,13.989516500741802
J,correct_parity_probability,419,-0.9515538411269826,14.45234450171671
J,correct_parity_probability,420,-0.8849782519336953,13.963615735238587
J,correct_parity_probability,421,-0.7837406756839775,14.220874293320065
J,correct_parity_probability,422,-0.9514965146660875,14.033942344417195
J,correct_parity_probability,423,-0.7981465322402634,14.140868365722971
J,correct_parity_probability,424,-0.965636428090503,14.35299555267562
J,correct_parity_probability,425,-0.8352402529642389,14.369699715156775
J,correct_parity_probability,426,-0.9839205402683784,14.324081252334274
J,correct_parity_probability,427,-0.9972197187208918,13.936063632271935
J,correct_parity_probability,428,-0.9684751024519827,14.293216234746462
J,correct_parity_probability,429,-1.0746180868758568,14.227731895344903
J,correct_parity_probability,430,-0.9515796805838873,14.34932659029203
J,correct_parity_probability,431,-0.9580266742707,14.01548985786356
J,correct_parity_probability,432,-0.9505099355699895,14.407362726041683
J,correct_parity_probability,433,-1.0024750849412543,14.347130061336548
J,correct_parity_probability,434,-1.0396712683206304,14.310083533372545
J,correct_parity_probability,435,-1.0370909338575476,13.998032847164863
J,correct_parity_probability,436,-0.9259063562634542,14.148269222714992
J,correct_parity_probability,437,-0.9930576833884046,13.85755960457622
J,correct_parity_probability,438,-0.9569353073057524,14.307922672517245
J,correct_parity_probability,439,-0.94795624582037,14.165723879390848
J,correct_parity_probability,440,-0.9303771901488722,13.841250446370081
J,correct_parity_probability,441,-0.8978454017327523,14.383127384823425
J,correct_parity_probability,442,-0.8391983842529367,14.336975976282083
J,correct_parity_probability,443,-0.7523876129157524,14.269210477998513
J,correct_parity_probability,444,-0.7782977464834049,14.07636714844015
J,correct_parity_probability,445,-0.9232358609874889,14.346948067555367
J,correct_parity_probability,446,-0.9272463064080299,14.452234354342767
J,correct_parity_probability,447,-0.8277363124046558,14.324814395887703
J,correct_parity_probability,448,-0.8907477902792821,14.033713540343177
J,correct_parity_probability,449,-0.9568154826185896,14.372022401801358
J,correct_parity_probability,450,-1.0647718776621204,14.154065452477717
J,correct_parity_probability,451,-0.9623415755723768,14.326431566328818
J,correct_parity_probability,452,-0.7211598404693287,14.29570955921565
J,correct_parity_probability,453,-0.9130869114434097,14.256392899966537
J,correct_parity_probability,454,-0.9806338469982784,14.164782833224878
J,correct_parity_probability,455,-1.1455888406582468,14.43986916708539
J,correct_parity_probability,456,-0.8518661506949197,14.303605006792798
J,correct_parity_probability,457,-1.141361762488088,14.278379876393593
J,correct_parity_probability,458,-0.9543249544384447,13.435600626700182
J,correct_parity_probability,459,-1.124977567233699,14.268217062297897
J,correct_parity_probability,460,-0.9821075574503152,14.214509172819747
J,correct_parity_probability,461,-0.765272784876855,14.286963113069785
J,correct_parity_probability,462,-1.150599544957694,14.385073358805329
J,correct_parity_probability,463,-1.0416212956818522,14.265196450078738
J,correct_parity_probability,464,-1.1244347913061459,14.344680708702302
J,correct_parity_probability,465,-0.7679546385653663,14.333065897903742
J,correct_parity_probability,466,-0.812478574680833,14.156773588135852
J,correct_parity_probability,467,-1.0283906204448199,14.43149084340791
J,correct_parity_probability,468,-1.0206064884719186,14.347581481572119
J,correct_parity_probability,469,-1.125711285745243,14.39366254701837
J,correct_parity_probability,470,-0.9463346953349393,14.383060296195065
J,correct_parity_probability,471,-0.884394131527722,14.377329962307844
J,correct_parity_probability,472,-0.8847718178890139,14.396714400668404
J,correct_parity_probability,473,-0.8611021610504781,14.336949475242223
J,correct_parity_probability,474,-1.0813085553213542,14.370837969877057
J,correct_parity_probability,475,-1.1403978091227658,14.421894224465337
J,correct_parity_probability,476,-0.9193415503043388,13.927775707989499
J,correct_parity_probability,477,-0.8502280778745551,14.167387799506823
J,correct_parity_probability,478,-1.1043153550562703,14.436266471320659
J,correct_parity_probability,479,-1.0904972989094548,14.127908277653951
J,correct_parity_probability,480,-0.9698655944217145,14.2557599069386
J,correct_parity_probability,481,-1.0270680857407164,13.955803163185395
J,correct_parity_probability,482,-1.0199194586965719,14.419675061912631
J,correct_parity_probability,483,-1.215576033012271,14.41626508391877
J,correct_parity_probability,484,-1.1510261869177671,14.262728890342787
J,correct_parity_probability,485,-1.0532408863933775,14.182763245647505
J,correct_parity_probability,486,-1.0325691606558345,14.350301026701064
J,correct_parity_probability,487,-0.9887976582706636,14.113988093811734
J,correct_parity_probability,488,-0.9801603330850682,14.347919338175732
J,correct_parity_probability,489,-0.9808906244622316,14.051485212496349
J,correct_parity_probability,490,-1.060082465744221,13.935385345530351
raw,mean_parity_margin,41,-0.3590490836699557,11.568981180766272
raw,mean_parity_margin,42,-0.36237239550983186,12.5852545172586
raw,mean_parity_margin,43,-0.38327539063655025,13.207527977839922
raw,mean_parity_margin,44,-0.3758275277451626,13.11967087617643
raw,mean_parity_margin,45,-0.37872997435811245,12.843230480231593
raw,mean_parity_margin,46,-0.37377113037847826,12.54562823442802
raw,mean_parity_margin,47,-0.4579923387941498,11.666329842947095
raw,mean_parity_margin,48,-0.4013864580116469,12.5011415647967
raw,mean_parity_margin,49,-0.4533871825631019,13.07079081381569
raw,mean_parity_margin,50,-0.5373963793602072,11.232288835505646
raw,mean_parity_margin,51,-0.4716210671276938,12.057997745856468
raw,mean_parity_margin,52,-0.4959199113777701,12.732987156314552
raw,mean_parity_margin,53,-0.4900643967131638,12.495391080671519
raw,mean_parity_margin,54,-0.536087965230649,13.651457402948285
raw,mean_parity_margin,55,-0.5315058799822205,13.206054492892795
raw,mean_parity_margin,56,-0.5232433668986699,13.614981854945977
raw,mean_parity_margin,57,-0.55754007255924,12.381758223927994
raw,mean_parity_margin,58,-0.5355716051096108,13.067621006989656
raw,mean_parity_margin,59,-0.572294127047689,13.199165064280248
raw,mean_parity_margin,60,-0.6500331248098331,13.277582797340978
raw,mean_parity_margin,61,-0.5988150533446847,13.026898142648555
raw,mean_parity_margin,62,-0.6367463489000662,13.004302743430328
raw,mean_parity_margin,63,-0.5678564701085658,13.427096472472268
raw,mean_parity_margin,64,-0.6026510279017422,13.00041731758888
raw,mean_parity_margin,65,-0.626815223521497,13.540716312820384
raw,mean_parity_margin,66,-0.6748186413207363,13.323022025894977
raw,mean_parity_margin,67,-0.5944385730573729,12.938946013631096
raw,mean_parity_margin,68,-0.6741784297345053,13.947614167010748
raw,mean_parity_margin,69,-0.6671925278870406,12.74162205262063
raw,mean_parity_margin,70,-0.730883946911843,13.343801928780705
raw,mean_parity_margin,71,-0.7123388682037552,14.098431227703598
raw,mean_parity_margin,72,-0.7338545554684794,12.828622464092119
raw,mean_parity_margin,73,-0.7278927867824402,13.779708615701798
raw,mean_parity_margin,74,-0.7805180550314486,13.084719901179358
raw,mean_parity_margin,75,-0.7274811654565925,13.863723262897864
raw,mean_parity_margin,76,-0.7593902720030214,13.734984316681642
raw,mean_parity_margin,77,-0.773497585430318,13.193833215073884
raw,mean_parity_margin,78,-0.8374553135906472,13.3845279332802
raw,mean_parity_margin,79,-0.819740960468221,13.209901708165487
raw,mean_parity_margin,80,-0.838790564496073,13.45915057325023
raw,mean_parity_margin,81,-0.8103011421469911,13.650643009246284
raw,mean_parity_margin,82,-0.9038856190675877,13.209708595488522
raw,mean_parity_margin,83,-0.8340050448443962,13.365615543663006
raw,mean_parity_margin,84,-0.9033891157034721,13.669435903194817
raw,mean_parity_margin,85,-0.841591347704597,13.737616918671007
raw,mean_parity_margin,86,-0.9305625553908963,13.624015444136575
raw,mean_parity_margin,87,-0.8910523839245654,13.216242960342212
raw,mean_parity_margin,88,-0.9691375693637282,13.634341422164562
raw,mean_parity_margin,89,-0.8763119273300071,13.28599073572246
raw,mean_parity_margin,90,-0.8959158625147543,13.431328680752527
raw,mean_parity_margin,91,-0.897807569444376,13.646460666637017
raw,mean_parity_margin,92,-0.9905259088842464,13.819077683109661
raw,mean_parity_margin,93,-0.9681616324255372,13.85282214534016
raw,mean_parity_margin,94,-0.9710936811110493,13.777830723762072
raw,mean_parity_margin,95,-0.9546627040253004,13.324969522292225
raw,mean_parity_margin,96,-0.9573893550109356,13.689932192826612
raw,mean_parity_margin,97,-1.0271273405372032,13.617023063189563
raw,mean_parity_margin,98,-1.0090567623694024,13.323437082040584
raw,mean_parity_margin,99,-1.010966923065518,13.789228396255679
raw,mean_parity_margin,100,-1.0549175911402506,13.814231180653096
raw,mean_parity_margin,101,-1.0732247798092478,14.118419347037594
raw,mean_parity_margin,102,-0.9852254291979001,13.936509397946958
raw,mean_parity_margin,103,-1.0781782460690545,13.664267271122329
raw,mean_parity_margin,104,-1.063297811453888,13.622457159896808
raw,mean_parity_margin,105,-1.0771556471403303,13.838470698781132
raw,mean_parity_margin,106,-1.1414093662180438,13.677010546731328
raw,mean_parity_margin,107,-1.037438499028827,13.415822993645397
raw,mean_parity_margin,108,-1.1184946158882976,14.025120223009129
raw,mean_parity_margin,109,-1.1508514056179604,13.691622779118724
raw,mean_parity_margin,110,-1.1094318657928215,13.838890404654279
raw,mean_parity_margin,111,-1.1424450227198462,13.643777345525272
raw,mean_parity_margin,112,-1.1502555642551315,13.966211279332652
raw,mean_parity_margin,113,-1.2337252005113828,14.25940342704436
raw,mean_parity_margin,114,-1.1555278142449528,13.964966931611126
raw,mean_parity_margin,115,-1.2214643982385474,14.197327186128724
raw,mean_parity_margin,116,-1.237564486741726,14.050043699076197
raw,mean_parity_margin,117,-1.2385830416668042,13.87198884521828
raw,mean_parity_margin,118,-1.220237965186245,14.148119036506811
raw,mean_parity_margin,119,-1.2759429963263824,14.242214336097595
raw,mean_parity_margin,120,-1.241192984386065,14.026573571785764
raw,mean_parity_margin,121,-1.2392528321960028,14.128736897440696
raw,mean_parity_margin,122,-1.1880107975955145,14.019063830034192
raw,mean_parity_margin,123,-1.2388160044525163,13.698397367589399
raw,mean_parity_margin,124,-1.2868089530009201,13.925048227098655
raw,mean_parity_margin,125,-1.3674205127624255,14.062168069359597
raw,mean_parity_margin,126,-1.3475661297077943,14.255680489081907
raw,mean_parity_margin,127,-1.3374919378964294,13.695750718752706
raw,mean_parity_margin,128,-1.3469152279469945,13.941833946856983
raw,mean_parity_margin,129,-1.3098647790443023,13.799960393738054
raw,mean_parity_margin,130,-1.3265261538128608,13.901512108528083
raw,mean_parity_margin,131,-1.3885675141537575,13.729303593253686
raw,mean_parity_margin,132,-1.3874746503356779,14.219215858916805
raw,mean_parity_margin,133,-1.452077319917009,14.175235831411158
raw,mean_parity_margin,134,-1.3932880934883616,14.342683268673682
raw,mean_parity_margin,135,-1.4368220962835943,14.303468150023926
raw,mean_parity_margin,136,-1.380701193053005,14.135705180617801
raw,mean_parity_margin,137,-1.4463311631111075,14.235973535966924
raw,mean_parity_margin,138,-1.4685588127871052,14.441183372240099
raw,mean_parity_margin,139,-1.4598672339741448,14.39218375527979
raw,mean_parity_margin,140,-1.4648350479104288,14.60886088621162
raw,mean_parity_margin,141,-1.5022693094112696,14.473554678746575
raw,mean_parity_margin,142,-1.4117811357114811,13.704306156693262
raw,mean_parity_margin,143,-1.4764463991075127,14.168055302015715
raw,mean_parity_margin,144,-1.475713866510203,14.22791716168742
raw,mean_parity_margin,145,-1.558179939240819,14.308823697894791
raw,mean_parity_margin,146,-1.5462618849219265,14.500577859047384
raw,mean_parity_margin,147,-1.5276746873391172,14.225895420648657
raw,mean_parity_margin,148,-1.4461494337834655,14.49642926629379
raw,mean_parity_margin,149,-1.5539143695430044,14.450391652712055
raw,mean_parity_margin,150,-1.5578494944264394,14.415706625978403
raw,mean_parity_margin,151,-1.5245807835957867,14.333947053875065
raw,mean_parity_margin,152,-1.5255300419869366,14.194872019703448
raw,mean_parity_margin,153,-1.5981614120614407,14.422914048563875
raw,mean_parity_margin,154,-1.5595850453170887,14.320021255330039
raw,mean_parity_margin,155,-1.6463115028545559,14.191360566350456
raw,mean_parity_margin,156,-1.567990754272079,14.479422152907256
raw,mean_parity_margin,157,-1.669022187327255,14.457007086087298
raw,mean_parity_margin,158,-1.6859712681718377,14.675805231786129
raw,mean_parity_margin,159,-1.7156739211216905,14.301320626509069
raw,mean_parity_margin,160,-1.5898044893365995,14.450835740691636
raw,mean_parity_margin,161,-1.7172444875528308,14.692629090440072
raw,mean_parity_margin,162,-1.708091916690118,14.72011507594102
raw,mean_parity_margin,163,-1.6517845533237783,14.467333717087849
raw,mean_parity_margin,164,-1.690175375305941,14.617267665298986
raw,mean_parity_margin,165,-1.7479869458121768,14.73959223547394
raw,mean_parity_margin,166,-1.7222538679800115,14.67103171729723
raw,mean_parity_margin,167,-1.7498067136517628,14.669755278810857
raw,mean_parity_margin,168,-1.666474323494555,14.413937783495626
raw,mean_parity_margin,169,-1.7297389952786681,14.782896137173156
raw,mean_parity_margin,170,-1.7121614314788747,14.63373872001162
raw,mean_parity_margin,171,-1.7537538737431704,14.66265567075206
raw,mean_parity_margin,172,-1.7375024782519486,14.602884028110374
raw,mean_parity_margin,173,-1.7712823878195405,14.39812263011421
raw,mean_parity_margin,174,-1.7534738915158012,14.59157567398828
raw,mean_parity_margin,175,-1.800050752860028,14.655654233407548
raw,mean_parity_margin,176,-1.758487081590762,14.463901606128887
raw,mean_parity_margin,177,-1.8295573213182614,14.734108554644825
raw,mean_parity_margin,178,-1.881026780457067,14.249429460119533
raw,mean_parity_margin,179,-1.9295774867506725,14.898424243393181
raw,mean_parity_margin,180,-1.7853522945654423,14.571342086579651
raw,mean_parity_margin,181,-1.9070893046956614,14.75512224793524
raw,mean_parity_margin,182,-1.8316416157680064,14.836285450051747
raw,mean_parity_margin,183,-1.8831990224813293,14.723348275289435
raw,mean_parity_margin,184,-1.851211979461658,14.770719532222808
raw,mean_parity_margin,185,-1.8630040402482482,14.862867399131842
raw,mean_parity_margin,186,-1.907289937662089,14.90291873451742
raw,mean_parity_margin,187,-1.8761099183853978,14.885542481888082
raw,mean_parity_margin,188,-1.8842056964021716,14.816857337095461
raw,mean_parity_margin,189,-1.9413968572932148,14.90246268930706
raw,mean_parity_margin,190,-1.9283951077156765,14.458455753073261
raw,mean_parity_margin,191,-2.0011965996777294,14.726105135087716
raw,mean_parity_margin,192,-1.928108195691308,14.831589721653998
raw,mean_parity_margin,193,-2.0013882088665094,14.899905715796995
raw,mean_parity_margin,194,-1.9719174652276192,13.668546799115973
raw,mean_parity_margin,195,-2.0593530488163876,14.732254987450288
raw,mean_parity_margin,196,-2.00028479230103,14.772835752514348
raw,mean_parity_margin,197,-2.0238573188015243,14.712093664744755
raw,mean_parity_margin,198,-2.019249504172511,14.424732270674834
raw,mean_parity_margin,199,-2.0189145600048723,14.942183775815119
raw,mean_parity_margin,200,-1.9482457019680055,14.955415451031934
raw,mean_parity_margin,201,-2.045274662684825,14.69325630066241
raw,mean_parity_margin,202,-2.1126487592633723,14.621952188193033
raw,mean_parity_margin,203,-2.0265945514763435,14.762164266523067
raw,mean_parity_margin,204,-2.0596093110999205,14.528670686988434
raw,mean_parity_margin,205,-2.1719134538956344,14.637731831862835
raw,mean_parity_margin,206,-2.0664222356647834,14.867286090030394
raw,mean_parity_margin,207,-2.0195956292675077,14.566235391380667
raw,mean_parity_margin,208,-1.9743737681733944,14.542053250487715
raw,mean_parity_margin,209,-2.1109783716483252,14.66890907902642
raw,mean_parity_margin,210,-2.1008789855709376,14.768934038894423
raw,mean_parity_margin,211,-2.1563890613185426,14.544519159289194
raw,mean_parity_margin,212,-2.124292320153861,14.657116077684556
raw,mean_parity_margin,213,-2.226326273026699,14.717323280587859
raw,mean_parity_margin,214,-2.087692616953989,14.572227512491908
raw,mean_parity_margin,215,-2.1471844396748887,14.923190789435182
raw,mean_parity_margin,216,-2.255849121252909,14.590199525725664
raw,mean_parity_margin,217,-2.1815979784049158,14.585858316900108
raw,mean_parity_margin,218,-2.2574790400710887,14.470472815907161
raw,mean_parity_margin,219,-2.206648873450782,14.871745550163368
raw,mean_parity_margin,220,-2.2193589162825216,14.703353108699673
raw,mean_parity_margin,221,-2.1933937420534892,14.83559939518533
raw,mean_parity_margin,222,-2.2542665267487214,14.73415710949084
raw,mean_parity_margin,223,-2.192117507378321,14.78405068503612
raw,mean_parity_margin,224,-2.379610045760315,14.674606695917975
raw,mean_parity_margin,225,-2.328271061795235,14.625289662533483
raw,mean_parity_margin,226,-2.234305298208152,14.61973852021102
raw,mean_parity_margin,227,-2.361949858471336,14.6855509193838
raw,mean_parity_margin,228,-2.1950554054531333,14.77232590437314
raw,mean_parity_margin,229,-2.3339467892088175,14.609065359624172
raw,mean_parity_margin,230,-2.363933790552064,14.58875960398051
raw,mean_parity_margin,231,-2.267044519259155,14.630540908798492
raw,mean_parity_margin,232,-2.357904837202154,14.681199901487119
raw,mean_parity_margin,233,-2.2901798450643756,14.752133688059622
raw,mean_parity_margin,234,-2.4046832378152736,14.583324547204734
raw,mean_parity_margin,235,-2.4191607448924093,14.195938604881622
raw,mean_parity_margin,236,-2.482577376827525,14.51521000709606
raw,mean_parity_margin,237,-2.420814661783764,14.56556939664077
raw,mean_parity_margin,238,-2.357549508615186,14.69039366507406
raw,mean_parity_margin,239,-2.374439775413957,14.545957866968498
raw,mean_parity_margin,240,-2.4209002803255624,14.491494626191587
raw,mean_parity_margin,241,-2.5116274642309575,14.597848790943338
raw,mean_parity_margin,242,-2.498389458704587,14.642053584736896
raw,mean_parity_margin,243,-2.4391407689860825,14.5801185990535
raw,mean_parity_margin,244,-2.422216829609226,14.709126438557275
raw,mean_parity_margin,245,-2.412825272191905,14.680400955829798
raw,mean_parity_margin,246,-2.470268691671673,14.64300377718562
raw,mean_parity_margin,247,-2.4625164611215964,14.482495975887133
raw,mean_parity_margin,248,-2.611210546593047,14.394669998885995
raw,mean_parity_margin,249,-2.5869154153177605,14.550566179890893
raw,mean_parity_margin,250,-2.486967387501466,14.686634358121573
raw,mean_parity_margin,251,-2.538511888339758,14.533607355553087
raw,mean_parity_margin,252,-2.3562301105375045,14.677716350302578
raw,mean_parity_margin,253,-2.53991997809561,14.134051415398934
raw,mean_parity_margin,254,-2.5125736513768095,14.376160833396558
raw,mean_parity_margin,255,-2.4482447468595296,14.588922728617346
raw,mean_parity_margin,256,-2.6243782677542424,14.367472028753621
raw,mean_parity_margin,257,-2.6402957223258556,14.4151908071519
raw,mean_parity_margin,258,-2.583219244387682,14.537837625280352
raw,mean_parity_margin,259,-2.528993118869714,14.474274159705832
raw,mean_parity_margin,260,-2.602029555695661,14.591209559349213
raw,mean_parity_margin,261,-2.61453358423178,14.496765617405542
raw,mean_parity_margin,262,-2.589122526482512,14.452525564908871
raw,mean_parity_margin,263,-2.6666865788966954,14.476027147001448
raw,mean_parity_margin,264,-2.697810572819002,14.399148369410023
raw,mean_parity_margin,265,-2.6695591153885037,14.118303194004882
raw,mean_parity_margin,266,-2.7130341355130096,14.33712331971176
raw,mean_parity_margin,267,-2.6284733941008267,14.346588363116924
raw,mean_parity_margin,268,-2.825661484451972,14.315857840817316
raw,mean_parity_margin,269,-2.6842895048381203,14.278446327681362
raw,mean_parity_margin,270,-2.691416098117659,14.525162194518865
raw,mean_parity_margin,271,-2.6918990931866076,14.459173403506009
raw,mean_parity_margin,272,-2.7100575539289573,14.475428555100407
raw,mean_parity_margin,273,-2.743712784601753,14.473816806389161
raw,mean_parity_margin,274,-2.670767843938168,14.35625805885005
raw,mean_parity_margin,275,-2.6555727079837093,14.448040207485185
raw,mean_parity_margin,276,-2.849052055594957,14.376017792679557
raw,mean_parity_margin,277,-2.6941508818219444,14.291594578531546
raw,mean_parity_margin,278,-2.7441139117932,14.492218261099968
raw,mean_parity_margin,279,-2.762262702813739,14.395035957046801
raw,mean_parity_margin,280,-2.7913096960725445,14.076439997826999
raw,mean_parity_margin,281,-2.707992624553531,14.3931941844496
raw,mean_parity_margin,282,-2.8266306965890906,14.292972020525498
raw,mean_parity_margin,283,-2.811731490104554,14.370555226448078
raw,mean_parity_margin,284,-2.9011946435556375,14.320489976356559
raw,mean_parity_margin,285,-2.9017776549569523,14.276986555389376
raw,mean_parity_margin,286,-2.9199792775976925,14.351280477209098
raw,mean_parity_margin,287,-2.913785602173635,14.177990804671598
raw,mean_parity_margin,288,-2.869980275671693,14.253865818485748
raw,mean_parity_margin,289,-2.8938208107756256,14.291150784937788
raw,mean_parity_margin,290,-2.962707949670838,14.283475510529467
raw,mean_parity_margin,291,-3.0318746104899374,14.367497033576443
raw,mean_parity_margin,292,-2.943791534065843,14.34647385425483
raw,mean_parity_margin,293,-2.9432187757609745,14.330513356073613
raw,mean_parity_margin,294,-2.839640285555552,14.041240640230365
raw,mean_parity_margin,295,-2.854546737621542,14.215231949956232
raw,mean_parity_margin,296,-2.9653739518194957,14.320929211964101
raw,mean_parity_margin,297,-2.915832632012719,14.23150415595135
raw,mean_parity_margin,298,-3.1126614597027595,14.303333201833865
raw,mean_parity_margin,299,-3.0464859278258656,14.299446958842761
raw,mean_parity_margin,300,-2.944750978238044,14.32943474253805
raw,mean_parity_margin,301,-2.884880432033418,14.227315170884552
raw,mean_parity_margin,302,-2.996768693458162,14.014100489543376
raw,mean_parity_margin,303,-2.9673706858969355,14.28351232012152
raw,mean_parity_margin,304,-3.0522751207313137,14.357804017141776
raw,mean_parity_margin,305,-3.1699136593884747,14.371205922818891
raw,mean_parity_margin,306,-3.0643975123072833,14.383051114236384
raw,mean_parity_margin,307,-3.046629169479431,14.25080735526163
raw,mean_parity_margin,308,-3.04479760117829,14.352247778218594
raw,mean_parity_margin,309,-3.0513052774862017,14.182961797065373
raw,mean_parity_margin,310,-3.123677694108594,14.286829640646475
raw,mean_parity_margin,311,-3.0406117525517597,14.276228614297812
raw,mean_parity_margin,312,-3.1401922016114003,14.177357308198017
raw,mean_parity_margin,313,-3.098658115812044,14.317068500269222
raw,mean_parity_margin,314,-3.0351716356253795,14.352560486138074
raw,mean_parity_margin,315,-3.160082558658988,14.44500998501726
raw,mean_parity_margin,316,-3.0997619706801167,14.234507903811592
raw,mean_parity_margin,317,-3.1669180359520204,14.336844127540834
raw,mean_parity_margin,318,-3.240449418955256,14.205579862921777
raw,mean_parity_margin,319,-3.156676901686053,14.372425428654799
raw,mean_parity_margin,320,-3.247008236350664,14.350099787484593
raw,mean_parity_margin,321,-3.1395197036107763,14.372401342868377
raw,mean_parity_margin,322,-3.177017795285958,14.266194363690682
raw,mean_parity_margin,323,-3.1522952183899626,14.303808080662954
raw,mean_parity_margin,324,-3.1667273330325725,14.386259869618328
raw,mean_parity_margin,325,-3.3106222622461527,14.339668386856813
raw,mean_parity_margin,326,-3.349699851440753,14.545795393470092
raw,mean_parity_margin,327,-3.3261121302845673,14.229838129106314
raw,mean_parity_margin,328,-3.1747182825359572,14.117394660853028
raw,mean_parity_margin,329,-3.437151273241345,14.422313571979918
raw,mean_parity_margin,330,-3.283554219683712,14.352501174156252
raw,mean_parity_margin,331,-3.2813527515218235,14.425470529437844
raw,mean_parity_margin,332,-3.200047686618054,14.477210389797198
raw,mean_parity_margin,333,-3.1822486982710942,14.055494453569239
raw,mean_parity_margin,334,-3.2803022422774433,14.234067427765535
raw,mean_parity_margin,335,-3.40732191693444,14.539060410040907
raw,mean_parity_margin,336,-3.387595518291205,14.208780929254033
raw,mean_parity_margin,337,-3.3581583372868633,14.519627342893966
raw,mean_parity_margin,338,-3.397997353324723,14.533029860683822
raw,mean_parity_margin,339,-3.3725064901431,14.330052291383275
raw,mean_parity_margin,340,-3.330275988787513,14.468424172240933
raw,mean_parity_margin,341,-3.2968281258992027,14.450917793717338
raw,mean_parity_margin,342,-3.4123555496724745,14.528155323565773
raw,mean_parity_margin,343,-3.3685533613354806,14.525563607306465
raw,mean_parity_margin,344,-3.3312900295439025,14.453723180634817
raw,mean_parity_margin,345,-3.4797879276340513,14.528507849209781
raw,mean_parity_margin,346,-3.5182695491879317,14.70397903370745
raw,mean_parity_margin,347,-3.5453609350768804,14.772935369978695
raw,mean_parity_margin,348,-3.3991517352584477,14.515617588764314
raw,mean_parity_margin,349,-3.7094036390522485,14.696470849030112
raw,mean_parity_margin,350,-3.407648559244426,14.405227004551131
raw,mean_parity_margin,351,-3.48127440702087,14.598006513192567
raw,mean_parity_margin,352,-3.3896426344740136,14.533293140620637
raw,mean_parity_margin,353,-3.519836198497544,14.024677231581487
raw,mean_parity_margin,354,-3.5452032945430134,14.60860123643414
raw,mean_parity_margin,355,-3.5974020191015414,14.563403257204506
raw,mean_parity_margin,356,-3.536456862979045,14.603362900539464
raw,mean_parity_margin,357,-3.6953348427486175,14.555205483079803
raw,mean_parity_margin,358,-3.4945277693553787,14.646936857475444
raw,mean_parity_margin,359,-3.5859561284135375,14.74536622918445
raw,mean_parity_margin,360,-3.631033432208884,14.787457853959342
raw,mean_parity_margin,361,-3.5529551046573102,14.594156226497496
raw,mean_parity_margin,362,-3.6399924402623207,14.854893606434048
raw,mean_parity_margin,363,-3.675311422926726,14.589189834471595
raw,mean_parity_margin,364,-3.562048324375387,14.699306712614776
raw,mean_parity_margin,365,-3.7079414935483097,14.82207026635544
raw,mean_parity_margin,366,-3.59709526293404,14.65376467568383
raw,mean_parity_margin,367,-3.754889708037477,14.91247006269302
raw,mean_parity_margin,368,-3.598637461416922,14.752104071188704
raw,mean_parity_margin,369,-3.6982820829244356,14.705571573430076
raw,mean_parity_margin,370,-3.5484972647143733,14.712696929110056
raw,mean_parity_margin,371,-3.583670317106929,14.312825598632246
raw,mean_parity_margin,372,-3.6793730722581994,14.780224283000061
raw,mean_parity_margin,373,-3.6519711058501505,14.62669590042416
raw,mean_parity_margin,374,-3.8619772400014645,14.806118620362207
raw,mean_parity_margin,375,-3.733895103535282,14.858409738050167
raw,mean_parity_margin,376,-3.6482092543657387,14.783713015941602
raw,mean_parity_margin,377,-3.7729457980248005,14.868696322991434
raw,mean_parity_margin,378,-3.8278188532515185,14.952783242626413
raw,mean_parity_margin,379,-3.656948983766122,14.762861244749065
raw,mean_parity_margin,380,-3.6113464508369373,14.608320838530592
raw,mean_parity_margin,381,-3.7842971802996512,14.919479930807855
raw,mean_parity_margin,382,-3.7979609560981644,15.00609310589369
raw,mean_parity_margin,383,-3.6729887621991137,14.810594353497
raw,mean_parity_margin,384,-3.8036782065086747,14.870453211697612
raw,mean_parity_margin,385,-3.8969122595029417,14.845357087761496
raw,mean_parity_margin,386,-3.6742764030710076,14.580138418105614
raw,mean_parity_margin,387,-3.877632694537831,14.92386158872472
raw,mean_parity_margin,388,-3.8031351008201613,14.831315315290686
raw,mean_parity_margin,389,-3.86275773300294,14.932740201017989
raw,mean_parity_margin,390,-3.860979965167684,14.910484053131148
raw,mean_parity_margin,391,-3.9557248775732603,15.014604688862992
raw,mean_parity_margin,392,-3.8912587057740833,14.975092223998187
raw,mean_parity_margin,393,-3.885484188500865,14.971422257293842
raw,mean_parity_margin,394,-3.9635347032939405,15.002960141532478
raw,mean_parity_margin,395,-3.9243048735365593,14.973168570991136
raw,mean_parity_margin,396,-3.967311860344738,14.987158353354733
raw,mean_parity_margin,397,-3.797906417483359,14.856420625076826
raw,mean_parity_margin,398,-4.020098940695165,14.999077299734507
raw,mean_parity_margin,399,-3.9864744548585134,14.980748517799316
raw,mean_parity_margin,400,-3.9773859981850634,14.486660221886465
raw,mean_parity_margin,401,-3.895193852083264,14.83990323261162
raw,mean_parity_margin,402,-3.851744960446296,14.12944476499374
raw,mean_parity_margin,403,-4.007318523063971,14.837157267796206
raw,mean_parity_margin,404,-3.9835046457702563,15.016959849660012
raw,mean_parity_margin,405,-3.9926522646007236,14.89958025254124
raw,mean_parity_margin,406,-3.9158363277427664,14.81005960634437
raw,mean_parity_margin,407,-3.9299189592939743,14.911623078484418
raw,mean_parity_margin,408,-3.9701689961662376,15.00843383274108
raw,mean_parity_margin,409,-4.0392193243567975,14.80036356748916
raw,mean_parity_margin,410,-4.001499851561913,14.944811844438966
raw,mean_parity_margin,411,-4.129009035121598,14.96011910594782
raw,mean_parity_margin,412,-4.021897621736927,14.858231744449633
raw,mean_parity_margin,413,-4.089709549385344,14.909999884140735
raw,mean_parity_margin,414,-3.982626153403251,14.919142130053123
raw,mean_parity_margin,415,-4.067498600459597,14.914566511050884
raw,mean_parity_margin,416,-4.111152188182983,14.908627573000294
raw,mean_parity_margin,417,-4.031631632640502,14.97247071043336
raw,mean_parity_margin,418,-4.13953981284364,14.893024900380226
raw,mean_parity_margin,419,-4.256721649866448,14.821717011515078
raw,mean_parity_margin,420,-3.979625968722504,15.010197700309186
raw,mean_parity_margin,421,-4.030079492199559,15.011274812371273
raw,mean_parity_margin,422,-4.1002815222816045,14.85545424017632
raw,mean_parity_margin,423,-4.098855660446326,14.733792271049854
raw,mean_parity_margin,424,-4.235977347478392,14.75135253687873
raw,mean_parity_margin,425,-4.095408777909044,14.95973279113147
raw,mean_parity_margin,426,-4.142124700533614,14.675220135404825
raw,mean_parity_margin,427,-4.14583368432431,14.81077071084677
raw,mean_parity_margin,428,-4.297906398036072,14.770449131955596
raw,mean_parity_margin,429,-4.341831874684899,14.804727362590715
raw,mean_parity_margin,430,-4.286819502256256,14.743304627734691
raw,mean_parity_margin,431,-4.128031148798841,15.002654148871196
raw,mean_parity_margin,432,-4.319584352781141,14.819619215918461
raw,mean_parity_margin,433,-4.270723093213874,14.917955574466973
raw,mean_parity_margin,434,-4.214594927368866,14.923489083120055
raw,mean_parity_margin,435,-4.2977260363075125,14.743350977671565
raw,mean_parity_margin,436,-4.261243718064293,14.85965726893586
raw,mean_parity_margin,437,-4.343124780925973,14.707781907517756
raw,mean_parity_margin,438,-4.257182860522215,14.67294745096605
raw,mean_parity_margin,439,-4.244067068686625,14.894706643644396
raw,mean_parity_margin,440,-4.286557493347795,14.80985481483297
raw,mean_parity_margin,441,-4.368945906458537,14.81784976401703
raw,mean_parity_margin,442,-4.176433917362889,14.912020348655984
raw,mean_parity_margin,443,-4.190384896865063,14.947597889537823
raw,mean_parity_margin,444,-4.212042967115476,14.556906931384269
raw,mean_parity_margin,445,-4.328625862217855,14.836192306025163
raw,mean_parity_margin,446,-4.268306598882042,14.82370200472598
raw,mean_parity_margin,447,-4.367932269075861,14.769761575359226
raw,mean_parity_margin,448,-4.313142024630641,14.83691408820369
raw,mean_parity_margin,449,-4.284583756050681,14.564079425698228
raw,mean_parity_margin,450,-4.243182369108073,14.73256440047206
raw,mean_parity_margin,451,-4.423811786493101,14.570029295325828
raw,mean_parity_margin,452,-4.205543433515382,14.782255707805364
raw,mean_parity_margin,453,-4.361469616983192,14.672211345340353
raw,mean_parity_margin,454,-4.46399978105484,14.701670645657835
raw,mean_parity_margin,455,-4.4887192412612835,14.594809639194573
raw,mean_parity_margin,456,-4.3245470315464605,14.875762090284121
raw,mean_parity_margin,457,-4.692447628714972,14.243083937469036
raw,mean_parity_margin,458,-4.328466824144705,14.72024211870262
raw,mean_parity_margin,459,-4.55087233768414,14.50030758960648
raw,mean_parity_margin,460,-4.562732797896877,14.586983747951857
raw,mean_parity_margin,461,-4.279665123524698,14.728886119003862
raw,mean_parity_margin,462,-4.56237406447621,14.644151199231015
raw,mean_parity_margin,463,-4.594955156541158,14.613134572266757
raw,mean_parity_margin,464,-4.720781342718043,14.448334610138746
raw,mean_parity_margin,465,-4.404264208219737,14.701512973699241
raw,mean_parity_margin,466,-4.4056007659749765,14.404101135264643
raw,mean_parity_margin,467,-4.571453845677522,14.554469780993083
raw,mean_parity_margin,468,-4.540169873159168,14.552809370308625
raw,mean_parity_margin,469,-4.623235528428892,14.602009340489248
raw,mean_parity_margin,470,-4.585534275551919,14.54075483904757
raw,mean_parity_margin,471,-4.55691258388357,14.66841105120937
raw,mean_parity_margin,472,-4.575462139291774,14.606005378160935
raw,mean_parity_margin,473,-4.501657955338297,14.730895212996433
raw,mean_parity_margin,474,-4.635575137965292,14.568938737586894
raw,mean_parity_margin,475,-4.720167403389864,14.483550029174763
raw,mean_parity_margin,476,-4.595231594034597,13.84991031922319
raw,mean_parity_margin,477,-4.714418421306666,14.31824644795552
raw,mean_parity_margin,478,-4.6926462524540025,14.406483403211327
raw,mean_parity_margin,479,-4.705217554817789,14.387523849203868
raw,mean_parity_margin,480,-4.608514853061082,14.486959588742359
raw,mean_parity_margin,481,-4.655524785667323,14.50767575086063
raw,mean_parity_margin,482,-4.730485151070796,14.401530308883936
raw,mean_parity_margin,483,-4.930663982595722,14.41043226056834
raw,mean_parity_margin,484,-4.815263112874366,14.48503139729033
raw,mean_parity_margin,485,-4.72474693827486,14.492931568411356
raw,mean_parity_margin,486,-4.537340920358046,14.643592765162973
raw,mean_parity_margin,487,-4.561007799489977,14.616041227110854
raw,mean_parity_margin,488,-4.69042214565871,14.394500975433203
raw,mean_parity_margin,489,-4.794678414504576,14.476859118582924
raw,mean_parity_margin,490,-4.678053393907866,14.494865124998322
J,mean_parity_margin,41,-0.08280587679737715,11.82551510145084
J,mean_parity_margin,42,-0.07492132946673655,12.602522289932475
J,mean_parity_margin,43,-0.0945184728877689,13.313727922285091
J,mean_parity_margin,44,-0.06378028516966308,13.194639446618295
J,mean_parity_margin,45,-0.09113550854331058,12.867888672991672
J,mean_parity_margin,46,-0.051579815301044024,12.570047979724459
J,mean_parity_margin,47,-0.12939498317156006,11.577498691815608
J,mean_parity_margin,48,-0.06414027905375648,12.503019258163924
J,mean_parity_margin,49,-0.13097337105333293,13.198558126026473
J,mean_parity_margin,50,-0.14791860585797736,11.267186750180057
J,mean_parity_margin,51,-0.1252068196634912,11.976652517227008
J,mean_parity_margin,52,-0.10362808726196981,12.94054120275468
J,mean_parity_margin,53,-0.14488954587342473,12.539072322912213
J,mean_parity_margin,54,-0.13042120277121194,13.782409414485917
J,mean_parity_margin,55,-0.17376119877471627,13.458239656501387
J,mean_parity_margin,56,-0.1196081294900366,13.705237509868466
J,mean_parity_margin,57,-0.14934958669641316,12.212159264469896
J,mean_parity_margin,58,-0.10759215453737378,13.13682679696339
J,mean_parity_margin,59,-0.1758115965873435,13.324760291635515
J,mean_parity_margin,60,-0.15517483748399355,13.443595060810656
J,mean_parity_margin,61,-0.1825938385183097,13.102389124508216
J,mean_parity_margin,62,-0.152850402882747,13.199554393208007
J,mean_parity_margin,63,-0.1400677930609332,13.488023092924676
J,mean_parity_margin,64,-0.11988357161109413,13.15648828187941
J,mean_parity_margin,65,-0.14733147482656217,13.60516782203392
J,mean_parity_margin,66,-0.1407292840052277,13.624729135856628
J,mean_parity_margin,67,-0.14573607784011283,12.922033223002952
J,mean_parity_margin,68,-0.16896395176893242,14.230672917564826
J,mean_parity_margin,69,-0.16925513465414566,12.754963884527397
J,mean_parity_margin,70,-0.16291330952831382,13.576774213313398
J,mean_parity_margin,71,-0.20120924169808416,14.257714048575458
J,mean_parity_margin,72,-0.1610590574105243,13.040512416125633
J,mean_parity_margin,73,-0.19841639610899064,13.980443636319297
J,mean_parity_margin,74,-0.19676155922065883,13.104068994469147
J,mean_parity_margin,75,-0.19589028580571752,14.100047633294334
J,mean_parity_margin,76,-0.1817158593847546,13.775979416395371
J,mean_parity_margin,77,-0.19441831341320107,13.430672032647921
J,mean_parity_margin,78,-0.1624650709442475,13.63323150150353
J,mean_parity_margin,79,-0.23250322867351758,13.229403235497367
J,mean_parity_margin,80,-0.21015164670209688,13.52966482476822
J,mean_parity_margin,81,-0.19845377392471072,14.033763933006632
J,mean_parity_margin,82,-0.2619616309150502,13.076374579359321
J,mean_parity_margin,83,-0.23692221407397604,13.468600382222235
J,mean_parity_margin,84,-0.25187618957639835,13.912528918001192
J,mean_parity_margin,85,-0.20896356381077713,13.890760742190853
J,mean_parity_margin,86,-0.24856292344139402,13.761096903697801
J,mean_parity_margin,87,-0.2438446913926673,13.370570066071549
J,mean_parity_margin,88,-0.25025066129534546,13.853313841852476
J,mean_parity_margin,89,-0.20680868397476926,13.8702737896095
J,mean_parity_margin,90,-0.2155463504471072,13.498417038446284
J,mean_parity_margin,91,-0.22049005010963152,13.859450063112586
J,mean_parity_margin,92,-0.279066731765708,14.169980765257534
J,mean_parity_margin,93,-0.2503234061130719,14.164312616978817
J,mean_parity_margin,94,-0.266277962450749,13.927592099204409
J,mean_parity_margin,95,-0.2692267778357149,13.411451337516983
J,mean_parity_margin,96,-0.20756570220081952,13.87183798986325
J,mean_parity_margin,97,-0.27811014341712137,13.819122349295155
J,mean_parity_margin,98,-0.26872344998210557,13.46249953657109
J,mean_parity_margin,99,-0.24879034721637341,14.145018023534805
J,mean_parity_margin,100,-0.2951052543567198,13.947949627707505
J,mean_parity_margin,101,-0.2817866437109037,14.409795424378206
J,mean_parity_margin,102,-0.21168638600918085,14.313151675564152
J,mean_parity_margin,103,-0.2666808719222998,13.843410438382973
J,mean_parity_margin,104,-0.2536101784862685,13.73543846483189
J,mean_parity_margin,105,-0.26571747934940565,14.120625325077823
J,mean_parity_margin,106,-0.29850300121949347,14.098976895922174
J,mean_parity_margin,107,-0.21690833250648348,13.878956756192158
J,mean_parity_margin,108,-0.3132978781535467,14.316652541542437
J,mean_parity_margin,109,-0.28268845792085734,14.14927196427996
J,mean_parity_margin,110,-0.2727641257870951,14.170799550721524
J,mean_parity_margin,111,-0.2808869773874722,13.84958526765012
J,mean_parity_margin,112,-0.2895153174271066,14.43668061642809
J,mean_parity_margin,113,-0.3344186975160928,14.531070815591148
J,mean_parity_margin,114,-0.2864691657757517,14.194769450207128
J,mean_parity_margin,115,-0.3162533721497955,14.58020209973253
J,mean_parity_margin,116,-0.3441964399038992,14.418907454842644
J,mean_parity_margin,117,-0.30590296878017054,14.116124014647271
J,mean_parity_margin,118,-0.3176666420583086,14.316923945308135
J,mean_parity_margin,119,-0.33165944374078826,14.515734611274617
J,mean_parity_margin,120,-0.31839332334110493,14.28001032942656
J,mean_parity_margin,121,-0.29286512028092454,14.582268651812816
J,mean_parity_margin,122,-0.2672672690606529,14.140125063283373
J,mean_parity_margin,123,-0.29497435108691794,14.04439258587373
J,mean_parity_margin,124,-0.3357262911143565,14.210881977877245
J,mean_parity_margin,125,-0.36277581198789005,14.303943575400007
J,mean_parity_margin,126,-0.3522691764712421,14.593542001768538
J,mean_parity_margin,127,-0.3373293469408154,13.891608550773592
J,mean_parity_margin,128,-0.3723742949262248,14.155431035481996
J,mean_parity_margin,129,-0.3546614415184616,14.062842825309342
J,mean_parity_margin,130,-0.39445829276856836,13.933544524602864
J,mean_parity_margin,131,-0.357016113596368,13.939406737997224
J,mean_parity_margin,132,-0.37175706596429225,14.384569112803412
J,mean_parity_margin,133,-0.3744329555526427,14.408060653052685
J,mean_parity_margin,134,-0.4393278502817266,14.45177338422174
J,mean_parity_margin,135,-0.3641724244771684,14.495119667333197
J,mean_parity_margin,136,-0.39841940583594837,14.241689489338007
J,mean_parity_margin,137,-0.3445204598974687,14.50032359801677
J,mean_parity_margin,138,-0.4264857749924295,14.428645926711521
J,mean_parity_margin,139,-0.3583202815705152,14.620721200125962
J,mean_parity_margin,140,-0.3622559868940891,14.732688479541377
J,mean_parity_margin,141,-0.35918355596144674,14.622439434530378
J,mean_parity_margin,142,-0.39327390845800037,13.683867863687547
J,mean_parity_margin,143,-0.32605711999006526,14.44178888104644
J,mean_parity_margin,144,-0.360134948782689,14.379583459414187
J,mean_parity_margin,145,-0.3900847905627433,14.147388878324554
J,mean_parity_margin,146,-0.44150586279640286,14.459221131409361
J,mean_parity_margin,147,-0.34922391918385887,14.214594529835772
J,mean_parity_margin,148,-0.3266669085012968,14.567280952860068
J,mean_parity_margin,149,-0.3691152449925679,14.555103149152277
J,mean_parity_margin,150,-0.3820807013525404,14.497435250320283
J,mean_parity_margin,151,-0.3090055209245227,14.36301431782905
J,mean_parity_margin,152,-0.3585283146962658,14.267985066364862
J,mean_parity_margin,153,-0.38984678521831856,14.36889482382189
J,mean_parity_margin,154,-0.3913018331488294,14.233064838722793
J,mean_parity_margin,155,-0.36056428225868326,14.364135933448853
J,mean_parity_margin,156,-0.41949500500368087,14.464131470908306
J,mean_parity_margin,157,-0.3729082081982322,14.551509112032733
J,mean_parity_margin,158,-0.4517840162550337,14.412803104593701
J,mean_parity_margin,159,-0.4333202167206115,14.31207158764079
J,mean_parity_margin,160,-0.40905287224731546,14.184446818406498
J,mean_parity_margin,161,-0.39902701883538266,14.456977014007824
J,mean_parity_margin,162,-0.41751703983763877,14.534728977410342
J,mean_parity_margin,163,-0.3740472766208024,14.275361213906137
J,mean_parity_margin,164,-0.4636124147453173,14.464777584816893
J,mean_parity_margin,165,-0.38876336052482413,14.556830900323586
J,mean_parity_margin,166,-0.43307679891301953,14.391406665223197
J,mean_parity_margin,167,-0.43375440063734205,14.356671948818807
J,mean_parity_margin,168,-0.3920799406323015,14.333287247649581
J,mean_parity_margin,169,-0.43141707840716853,14.516385487368177
J,mean_parity_margin,170,-0.4406751482868043,14.359926568217645
J,mean_parity_margin,171,-0.4035961558530974,14.368026607314112
J,mean_parity_margin,172,-0.5063274523009916,14.387667396755344
J,mean_parity_margin,173,-0.4121918219611388,13.97682109133957
J,mean_parity_margin,174,-0.43948583233824234,14.509102039414222
J,mean_parity_margin,175,-0.40115935459439095,14.532089892876222
J,mean_parity_margin,176,-0.4622648309575955,14.283681020036118
J,mean_parity_margin,177,-0.42017571482395827,14.458823730355437
J,mean_parity_margin,178,-0.4931711357128853,14.252970347941563
J,mean_parity_margin,179,-0.49614039182125097,14.594319650210668
J,mean_parity_margin,180,-0.4538949052752553,14.108769321597446
J,mean_parity_margin,181,-0.47580127546436013,14.40485008230494
J,mean_parity_margin,182,-0.4712552618098084,14.47777722399971
J,mean_parity_margin,183,-0.4381126659820889,14.66305904799496
J,mean_parity_margin,184,-0.3915526149725484,14.56796187197405
J,mean_parity_margin,185,-0.4202954988455371,14.611087073043098
J,mean_parity_margin,186,-0.5441925999863799,14.487509364817846
J,mean_parity_margin,187,-0.41254131805615635,14.497104062043977
J,mean_parity_margin,188,-0.4511783354645937,14.604562649847963
J,mean_parity_margin,189,-0.4699708512452195,14.61755203486714
J,mean_parity_margin,190,-0.4986916434302525,14.376728190057953
J,mean_parity_margin,191,-0.47912593243694784,14.374036863196716
J,mean_parity_margin,192,-0.48642423442041194,14.328815402014094
J,mean_parity_margin,193,-0.4416892543558439,14.660997425911072
J,mean_parity_margin,194,-0.4736421814317863,13.934111430022611
J,mean_parity_margin,195,-0.5083098612794227,14.504914762550278
J,mean_parity_margin,196,-0.4676174693529482,14.471794142570246
J,mean_parity_margin,197,-0.48873927597280303,14.368517545997642
J,mean_parity_margin,198,-0.4509703342226414,14.4183878904169
J,mean_parity_margin,199,-0.459216795484372,14.452959669189115
J,mean_parity_margin,200,-0.44726980056223703,14.573343413458757
J,mean_parity_margin,201,-0.4929763808294282,14.222385481822368
J,mean_parity_margin,202,-0.5451038801422705,14.462714517961345
J,mean_parity_margin,203,-0.45043579454301624,14.486155569062086
J,mean_parity_margin,204,-0.5140182360629835,14.425670945404145
J,mean_parity_margin,205,-0.5384771831188871,14.466184303390305
J,mean_parity_margin,206,-0.46930521706796197,14.59879255641917
J,mean_parity_margin,207,-0.39427000092150316,14.621532506296166
J,mean_parity_margin,208,-0.5372314774293266,14.334234852965112
J,mean_parity_margin,209,-0.4897725959953747,14.367633113301176
J,mean_parity_margin,210,-0.533592512725184,14.517751438454567
J,mean_parity_margin,211,-0.5129137446562038,14.415646108981562
J,mean_parity_margin,212,-0.5664928519973752,14.292725916920256
J,mean_parity_margin,213,-0.5976519698655129,14.082941008739427
J,mean_parity_margin,214,-0.5256319844099867,14.461570330091643
J,mean_parity_margin,215,-0.5127707123781475,14.434383150311204
J,mean_parity_margin,216,-0.5802139745089026,14.458686605185001
J,mean_parity_margin,217,-0.4931245477843868,14.468448443710516
J,mean_parity_margin,218,-0.57230887747629,14.371863662015159
J,mean_parity_margin,219,-0.4938994196402485,14.55554349462337
J,mean_parity_margin,220,-0.5749057517648517,14.419918736226895
J,mean_parity_margin,221,-0.5253083421338492,14.54484641830972
J,mean_parity_margin,222,-0.6093271404905133,14.436429746725153
J,mean_parity_margin,223,-0.4829379270422262,14.40824356580444
J,mean_parity_margin,224,-0.6414511442098054,14.402378896911989
J,mean_parity_margin,225,-0.5681962757312098,14.472700145408039
J,mean_parity_margin,226,-0.4770296798403377,14.591241118777516
J,mean_parity_margin,227,-0.5468571704451556,14.432613936639916
J,mean_parity_margin,228,-0.49418637676147514,14.64811992029347
J,mean_parity_margin,229,-0.5438974220478974,14.505445462959184
J,mean_parity_margin,230,-0.6068261808009344,14.464221846728394
J,mean_parity_margin,231,-0.4682583809364893,14.538200526666241
J,mean_parity_margin,232,-0.6273390921988407,14.25125379940555
J,mean_parity_margin,233,-0.5656089613258222,14.319924168959586
J,mean_parity_margin,234,-0.5470639854995872,14.422517059689689
J,mean_parity_margin,235,-0.49873164370175926,14.357442597439336
J,mean_parity_margin,236,-0.5910347132679569,14.356090822383056
J,mean_parity_margin,237,-0.5793195513219939,14.527814283165487
J,mean_parity_margin,238,-0.5658174069091995,14.358789222745559
J,mean_parity_margin,239,-0.5736539555313581,14.261206133668688
J,mean_parity_margin,240,-0.5029340132849383,14.522049660816402
J,mean_parity_margin,241,-0.6539561178859912,14.264890511966062
J,mean_parity_margin,242,-0.6314472608623577,14.424146778194437
J,mean_parity_margin,243,-0.5688428262167758,14.495500108693312
J,mean_parity_margin,244,-0.5552421490035627,14.556830739961526
J,mean_parity_margin,245,-0.5430958487613217,14.376130156457927
J,mean_parity_margin,246,-0.5962464510422759,14.558671153440017
J,mean_parity_margin,247,-0.5987358141954228,14.460751078464032
J,mean_parity_margin,248,-0.694221636106793,14.317788913268034
J,mean_parity_margin,249,-0.7090131763688235,14.322499591704181
J,mean_parity_margin,250,-0.6327386440670049,14.503970339748635
J,mean_parity_margin,251,-0.5427198542487829,14.497965255112609
J,mean_parity_margin,252,-0.3671056211097947,14.567927286526544
J,mean_parity_margin,253,-0.5490929130433525,14.320258966804708
J,mean_parity_margin,254,-0.5160363795116265,14.52184419585098
J,mean_parity_margin,255,-0.5519684706743904,14.383897832575514
J,mean_parity_margin,256,-0.6619952404895472,14.44228229835233
J,mean_parity_margin,257,-0.6862211361786013,14.315685864408897
J,mean_parity_margin,258,-0.6562012268407768,14.520400695842227
J,mean_parity_margin,259,-0.5373250953923271,14.355718161200059
J,mean_parity_margin,260,-0.6588740173304128,14.412593805339073
J,mean_parity_margin,261,-0.5891041559682928,14.62125213405793
J,mean_parity_margin,262,-0.631333729620513,14.483508231422801
J,mean_parity_margin,263,-0.6025931749495114,14.506798388088292
J,mean_parity_margin,264,-0.6126302122282357,14.42587871094787
J,mean_parity_margin,265,-0.5785739241239468,14.373657582619385
J,mean_parity_margin,266,-0.7008367994115893,14.351753353521442
J,mean_parity_margin,267,-0.6068749066765512,14.191392413227808
J,mean_parity_margin,268,-0.7690947706994399,14.387588354136552
J,mean_parity_margin,269,-0.5215635262637919,14.409770900731164
J,mean_parity_margin,270,-0.6565686638193036,14.421245696625794
J,mean_parity_margin,271,-0.7047180585921026,14.367902976058605
J,mean_parity_margin,272,-0.597002983781105,14.60124895807211
J,mean_parity_margin,273,-0.6256305371002772,14.497381241292198
J,mean_parity_margin,274,-0.6319837084589808,14.46235626303135
J,mean_parity_margin,275,-0.6238252730018446,14.334181792374896
J,mean_parity_margin,276,-0.6736027881913402,14.506525585286944
J,mean_parity_margin,277,-0.5782944385580916,14.339489159671407
J,mean_parity_margin,278,-0.6555300569106632,14.538201241031041
J,mean_parity_margin,279,-0.6249017329471034,14.49275674803949
J,mean_parity_margin,280,-0.632766975870898,14.239973138510008
J,mean_parity_margin,281,-0.6183789929021186,14.51291037079501
J,mean_parity_margin,282,-0.6621394960931218,14.366371393542897
J,mean_parity_margin,283,-0.6515615124405131,14.271822992787733
J,mean_parity_margin,284,-0.7612608252857836,14.390564493607396
J,mean_parity_margin,285,-0.6792198340457188,14.474913364222026
J,mean_parity_margin,286,-0.7175290576735616,14.315742097485465
J,mean_parity_margin,287,-0.6294298293920405,14.464983116122353
J,mean_parity_margin,288,-0.6987807954853047,14.07502236331903
J,mean_parity_margin,289,-0.6308780990832284,14.566988524922461
J,mean_parity_margin,290,-0.6699442794139417,14.49533814714443
J,mean_parity_margin,291,-0.700305299420596,14.463435040370923
J,mean_parity_margin,292,-0.6983370876115522,14.362523780485308
J,mean_parity_margin,293,-0.7030461472083668,14.187422967045405
J,mean_parity_margin,294,-0.6289309606282165,14.323207495411815
J,mean_parity_margin,295,-0.5826179170240718,14.44950730710941
J,mean_parity_margin,296,-0.7772688396602891,14.337586979052196
J,mean_parity_margin,297,-0.6025056844160348,14.336759052573532
J,mean_parity_margin,298,-0.8745060622858457,14.164520936665484
J,mean_parity_margin,299,-0.6774838353836693,14.427486670380977
J,mean_parity_margin,300,-0.6733046224031611,14.337826794568507
J,mean_parity_margin,301,-0.6798870622109835,14.17448176847995
J,mean_parity_margin,302,-0.7319880915728935,14.382599061274176
J,mean_parity_margin,303,-0.6141323807103115,14.436647213650172
J,mean_parity_margin,304,-0.7089575204935334,14.439584984067956
J,mean_parity_margin,305,-0.7941465652729174,14.405280600783687
J,mean_parity_margin,306,-0.7007516743399946,14.33238959089387
J,mean_parity_margin,307,-0.6704262454684787,14.362942952904787
J,mean_parity_margin,308,-0.6397452006064627,14.302384801813611
J,mean_parity_margin,309,-0.8169283507439815,14.30385629715645
J,mean_parity_margin,310,-0.7808416184685627,14.299997643822142
J,mean_parity_margin,311,-0.6170946358844605,14.44537156247431
J,mean_parity_margin,312,-0.7872408162796306,14.332697756870173
J,mean_parity_margin,313,-0.6980434957409539,14.263913655143655
J,mean_parity_margin,314,-0.5981425342607438,14.437323089847443
J,mean_parity_margin,315,-0.6731927431066004,14.503687133609521
J,mean_parity_margin,316,-0.7282787020164693,14.33058173490945
J,mean_parity_margin,317,-0.7344030623506793,14.35442998641892
J,mean_parity_margin,318,-0.7556056198098418,14.383731304433988
J,mean_parity_margin,319,-0.6855662902638405,14.37054528002694
J,mean_parity_margin,320,-0.8662466383968677,14.28949198428818
J,mean_parity_margin,321,-0.7692117217643393,14.31672762505504
J,mean_parity_margin,322,-0.6308999016284393,14.44413995731537
J,mean_parity_margin,323,-0.6850594883997895,14.152566068968932
J,mean_parity_margin,324,-0.794989826373684,14.377229262002542
J,mean_parity_margin,325,-0.7500336805712066,14.365882259325227
J,mean_parity_margin,326,-0.8079662036344399,14.285245999860498
J,mean_parity_margin,327,-0.7945938865701125,14.297941932994878
J,mean_parity_margin,328,-0.7207614875193535,14.414404125333657
J,mean_parity_margin,329,-0.8233013591247976,14.225416184349138
J,mean_parity_margin,330,-0.7133705475135796,14.246132967557264
J,mean_parity_margin,331,-0.7859686425793654,14.220977013675592
J,mean_parity_margin,332,-0.6825889519761944,14.497542809597642
J,mean_parity_margin,333,-0.7438724579223629,14.16779950894235
J,mean_parity_margin,334,-0.8498911269734032,14.311745804320514
J,mean_parity_margin,335,-0.778867168998679,14.437319197673387
J,mean_parity_margin,336,-0.7089423243402732,14.222106556988416
J,mean_parity_margin,337,-0.6773060759698857,14.543835270828794
J,mean_parity_margin,338,-0.7852442530121896,14.363186841629034
J,mean_parity_margin,339,-0.6742903871690575,14.403698707490518
J,mean_parity_margin,340,-0.8423952998695989,14.151558905754065
J,mean_parity_margin,341,-0.8014178933376852,14.332249545007864
J,mean_parity_margin,342,-0.8266737526828075,14.435119788963817
J,mean_parity_margin,343,-0.6576357015647435,14.510727147666882
J,mean_parity_margin,344,-0.7173901443100417,14.258481631609863
J,mean_parity_margin,345,-0.8723920270570915,13.970588036618162
J,mean_parity_margin,346,-0.8997520826836233,14.251279621694627
J,mean_parity_margin,347,-0.8686614896544178,14.364761138742164
J,mean_parity_margin,348,-0.699796693259011,14.42014504088355
J,mean_parity_margin,349,-0.8476407498251981,14.410472759895349
J,mean_parity_margin,350,-0.8285303583529259,14.337378640097366
J,mean_parity_margin,351,-0.7000152612340612,14.445427396660394
J,mean_parity_margin,352,-0.7021817301077139,14.341810491882171
J,mean_parity_margin,353,-0.9261928962307773,14.084152428398335
J,mean_parity_margin,354,-0.8559930471679186,14.259035811505186
J,mean_parity_margin,355,-0.8331765429989889,14.259892279916567
J,mean_parity_margin,356,-0.6994142137595536,14.485801294999547
J,mean_parity_margin,357,-0.9498403988219417,13.711029800014805
J,mean_parity_margin,358,-0.769139690110102,14.451292286509952
J,mean_parity_margin,359,-0.7039170229774594,14.349253599800154
J,mean_parity_margin,360,-0.8424444573100741,14.241861709764153
J,mean_parity_margin,361,-0.856285509473136,14.389289671627711
J,mean_parity_margin,362,-0.8266762491626364,14.398974236759196
J,mean_parity_margin,363,-0.725128488886843,14.321326448134165
J,mean_parity_margin,364,-0.8282140247842625,14.242930373946708
J,mean_parity_margin,365,-0.7728659909632989,14.364979882735483
J,mean_parity_margin,366,-0.7561956606307706,14.334233009946885
J,mean_parity_margin,367,-0.9216519827144868,14.373053736239958
J,mean_parity_margin,368,-0.8231294547779119,14.255511153378684
J,mean_parity_margin,369,-0.7901671812572405,14.304734975629291
J,mean_parity_margin,370,-0.6787179004456245,14.3100336270515
J,mean_parity_margin,371,-0.7651928411193164,14.287070043853728
J,mean_parity_margin,372,-0.750657662491742,14.405474764517178
J,mean_parity_margin,373,-0.8111018068498836,14.247154690037318
J,mean_parity_margin,374,-0.9126609312890174,14.245592242740768
J,mean_parity_margin,375,-0.7617585843951089,14.347996439836034
J,mean_parity_margin,376,-0.8843098121052064,14.109353986169863
J,mean_parity_margin,377,-0.8678824739501884,14.094014912673526
J,mean_parity_margin,378,-0.9040442917967396,14.249150447136051
J,mean_parity_margin,379,-0.8567610707104968,14.370883238390578
J,mean_parity_margin,380,-0.5462500447647602,14.295697302602948
J,mean_parity_margin,381,-0.7758832353622446,14.371619938372712
J,mean_parity_margin,382,-0.9020442788073828,14.353187686556284
J,mean_parity_margin,383,-0.7288107094019106,14.360160762254367
J,mean_parity_margin,384,-0.8507268274124616,14.044620913178496
J,mean_parity_margin,385,-0.8998793303295755,13.91582387735999
J,mean_parity_margin,386,-0.8644127401319501,14.398687707976823
J,mean_parity_margin,387,-0.7806147047698011,14.229919987337633
J,mean_parity_margin,388,-0.8399443098778367,14.242971619719022
J,mean_parity_margin,389,-0.7610749235766255,14.441414436768873
J,mean_parity_margin,390,-0.913812985038431,14.251299504433598
J,mean_parity_margin,391,-1.0044871118107321,14.355139119445479
J,mean_parity_margin,392,-0.9342175959100033,14.257645686762073
J,mean_parity_margin,393,-0.7964688822942775,14.421674172436314
J,mean_parity_margin,394,-1.0279609307762834,14.269105239900737
J,mean_parity_margin,395,-0.8046623212153945,14.196768338060425
J,mean_parity_margin,396,-0.8185704382618595,14.411682237871155
J,mean_parity_margin,397,-0.7119032503446273,14.38567765289879
J,mean_parity_margin,398,-0.9212701004107003,14.233033661484454
J,mean_parity_margin,399,-0.8200397065861461,14.330193396622048
J,mean_parity_margin,400,-0.849406233793145,14.190559404562896
J,mean_parity_margin,401,-0.6861582247110732,14.324224478754765
J,mean_parity_margin,402,-0.7086917246982338,14.032871394556164
J,mean_parity_margin,403,-0.9451441034345972,14.278682580222164
J,mean_parity_margin,404,-0.889333931831149,14.23736213496682
J,mean_parity_margin,405,-0.8253524497989745,14.324625176488867
J,mean_parity_margin,406,-0.970418634934721,14.127721670327002
J,mean_parity_margin,407,-0.8078367987835758,14.301754833788083
J,mean_parity_margin,408,-0.9695899374423551,14.208064570602396
J,mean_parity_margin,409,-0.8508305257868531,14.322124902544749
J,mean_parity_margin,410,-0.8763154744104776,14.141727836185455
J,mean_parity_margin,411,-0.8652444085412747,14.223038056262142
J,mean_parity_margin,412,-0.8937424662997547,14.347555372063484
J,mean_parity_margin,413,-0.9876698685060715,14.342005249064796
J,mean_parity_margin,414,-0.8553735393272079,14.388038736399666
J,mean_parity_margin,415,-0.8184710502901003,14.275870024784272
J,mean_parity_margin,416,-0.9689652765293958,14.22658971661268
J,mean_parity_margin,417,-0.8686098024278315,14.282115245266027
J,mean_parity_margin,418,-0.9955527059691095,14.203159623006467
J,mean_parity_margin,419,-0.9170995362809301,14.381575942811905
J,mean_parity_margin,420,-0.8672681194585183,14.13920599046407
J,mean_parity_margin,421,-0.7572307828245214,14.397081287471133
J,mean_parity_margin,422,-0.8545426586317313,14.081850637876487
J,mean_parity_margin,423,-0.8102920178608211,14.237608621723977
J,mean_parity_margin,424,-0.9421377180369906,14.338184010317892
J,mean_parity_margin,425,-0.844847112859553,14.293214990877221
J,mean_parity_margin,426,-0.9495517225890918,14.232065342817641
J,mean_parity_margin,427,-0.9673705087003429,13.996445623034694
J,mean_parity_margin,428,-0.9359032381434942,14.244816569652734
J,mean_parity_margin,429,-1.0545679093543356,14.25920650708016
J,mean_parity_margin,430,-0.9028752188043502,14.29522818542147
J,mean_parity_margin,431,-0.8896722523390067,14.022275855836636
J,mean_parity_margin,432,-0.9238990177403771,14.379641318865298
J,mean_parity_margin,433,-0.9493098800253902,14.354575586091642
J,mean_parity_margin,434,-1.0121663129163796,14.26056601030497
J,mean_parity_margin,435,-0.9757974562490638,14.15925013352951
J,mean_parity_margin,436,-0.9374146285805717,14.17983029870375
J,mean_parity_margin,437,-0.9344890259384891,13.947308155752228
J,mean_parity_margin,438,-0.9547347597350441,14.25862676321613
J,mean_parity_margin,439,-0.9354749244388414,14.245423242159271
J,mean_parity_margin,440,-0.9510993418312607,14.030981603329977
J,mean_parity_margin,441,-0.8805510839351589,14.385873319553355
J,mean_parity_margin,442,-0.8018810791636155,14.329260077285761
J,mean_parity_margin,443,-0.7528627012259844,14.317761388199228
J,mean_parity_margin,444,-0.748022910511304,13.891398035878384
J,mean_parity_margin,445,-0.8866215773147889,14.3565777683436
J,mean_parity_margin,446,-0.9156446435861451,14.384853171558154
J,mean_parity_margin,447,-0.8213329981046443,14.337029151686233
J,mean_parity_margin,448,-0.8521360020891803,14.200120761964456
J,mean_parity_margin,449,-0.9326242068323131,14.304796060941301
J,mean_parity_margin,450,-1.0148628540884608,14.084912224376582
J,mean_parity_margin,451,-0.9304864204071912,14.311769839191797
J,mean_parity_margin,452,-0.7591019500523442,14.226257230714143
J,mean_parity_margin,453,-0.9171897013448874,14.240284552151886
J,mean_parity_margin,454,-0.9809696897768673,14.212653927324762
J,mean_parity_margin,455,-1.1028648366440823,14.274070487554713
J,mean_parity_margin,456,-0.8350018077723288,14.325724569218746
J,mean_parity_margin,457,-1.1102038583619303,14.273412087643981
J,mean_parity_margin,458,-0.9613333140294172,13.575692050368232
J,mean_parity_margin,459,-1.0997382224659153,14.260732999916408
J,mean_parity_margin,460,-1.017273200309845,14.268061461520123
J,mean_parity_margin,461,-0.7577527032245969,14.287084605660016
J,mean_parity_margin,462,-1.0997203792085108,14.342097288773743
J,mean_parity_margin,463,-1.0020382523513158,14.23569282638187
J,mean_parity_margin,464,-1.0891061853287256,14.30320088686003
J,mean_parity_margin,465,-0.7916109451201331,14.325967606410627
J,mean_parity_margin,466,-0.8718863909257433,13.797543360729396
J,mean_parity_margin,467,-0.9966201145447209,14.404641617894367
J,mean_parity_margin,468,-0.9838748704797077,14.151926638739866
J,mean_parity_margin,469,-1.120560654298999,14.232823429090349
J,mean_parity_margin,470,-0.9153615379678836,14.272893698020416
J,mean_parity_margin,471,-0.8705925532336154,14.42633952411381
J,mean_parity_margin,472,-0.8770158159320456,14.353782483052118
J,mean_parity_margin,473,-0.8391615046466563,14.38435805080242
J,mean_parity_margin,474,-1.0611745045977146,14.364611475263768
J,mean_parity_margin,475,-1.1180135601250762,14.30509160181943
J,mean_parity_margin,476,-0.8477536070321259,13.857810892304126
J,mean_parity_margin,477,-0.8558668150482118,14.100382901869473
J,mean_parity_margin,478,-1.0908716215067513,14.381412771376041
J,mean_parity_margin,479,-1.0560614108428414,14.24822178371328
J,mean_parity_margin,480,-0.9526194773466636,14.255481934547504
J,mean_parity_margin,481,-0.9957761742654063,14.162133296742947
J,mean_parity_margin,482,-0.9985553095639802,14.322120140262992
J,mean_parity_margin,483,-1.123672899133901,14.401362451068906
J,mean_parity_margin,484,-1.1321465939481288,14.347416068590201
J,mean_parity_margin,485,-1.0343187255054618,14.049580685355519
J,mean_parity_margin,486,-1.024729537580172,14.362354301024256
J,mean_parity_margin,487,-0.981267339531062,14.132346543313368
J,mean_parity_margin,488,-0.981343550491901,14.324074908358854
J,mean_parity_margin,489,-0.9440745986594403,14.203238248826692
J,mean_parity_margin,490,-1.0235415043617129,14.054123871074154
