backbone,condition,target,n,accuracy,ci_low,ci_high
A,raw_to_one/L1/pattern,current,4116,0.0014577259475218659,0.0004883975074404761,0.002574791564492398
A,raw_to_one/L1/pattern,one,4116,0.9963556851311953,0.9943844340284353,0.9980554205153136
A,raw_to_one/L1/pattern,two,4116,0.00206511175898931,0.0009548647493708532,0.0035084962502839696
A,raw_to_one/L1/value,current,4116,0.002551020408163265,0.0013414634146341464,0.003949666444194544
A,raw_to_one/L1/value,one,4116,0.9939261418853256,0.991408820299044,0.9961371551299844
A,raw_to_one/L1/value,two,4116,0.0031584062196307093,0.0016100467779152168,0.004889982840758506
A,raw_to_one/L1/pattern_value,current,4116,0.0023080660835762875,0.0011901106836064567,0.003663920766936675
A,raw_to_one/L1/pattern_value,one,4116,0.9940476190476191,0.9915254237288136,0.9962388681770386
A,raw_to_one/L1/pattern_value,two,4116,0.0032798833819241984,0.0016986168405726766,0.005089922421856255
A,raw_to_one/L1/query,current,4116,0.0014577259475218659,0.000484024177698495,0.0026563792381359024
A,raw_to_one/L1/query,one,4116,0.9964771622934888,0.9944711346461047,0.998161775966819
A,raw_to_one/L1/query,two,4116,0.00206511175898931,0.0008648114723567675,0.0034630113433369025
A,raw_to_one/L1/key,current,4116,0.0014577259475218659,0.0004883975074404761,0.002574791564492398
A,raw_to_one/L1/key,one,4116,0.9962342079689018,0.9942401335534213,0.9979303753903908
A,raw_to_one/L1/key,two,4116,0.002186588921282799,0.0009782342871117633,0.0036328628827859664
A,raw_to_one/L1/query_key,current,4116,0.0014577259475218659,0.0004883975074404761,0.002574791564492398
A,raw_to_one/L1/query_key,one,4116,0.9963556851311953,0.9943844340284353,0.9980554205153136
A,raw_to_one/L1/query_key,two,4116,0.00206511175898931,0.0009548647493708532,0.0035084962502839696
A,raw_to_one/L1/attention_output,current,4116,0.0023080660835762875,0.0011901106836064567,0.003663920766936675
A,raw_to_one/L1/attention_output,one,4116,0.9940476190476191,0.9915254237288136,0.9962388681770386
A,raw_to_one/L1/attention_output,two,4116,0.0032798833819241984,0.0016986168405726766,0.005089922421856255
A,raw_to_one/L1/mlp,current,4116,0.01032555879494655,0.00752212710610618,0.013294770773765726
A,raw_to_one/L1/mlp,one,4116,0.983843537414966,0.979885396153005,0.9877279740730652
A,raw_to_one/L1/mlp,two,4116,0.004494655004859086,0.002448460147269032,0.0068824103973099664
A,raw_to_one/L1/block_input,current,4116,0.4968415937803693,0.481274266495383,0.5121304298758323
A,raw_to_one/L1/block_input,one,4116,0.48517978620019436,0.47095490010913793,0.49975915221579964
A,raw_to_one/L1/block_input,two,4116,0.014820213799805637,0.009985326455455865,0.020273610875773417
A,raw_to_one/L2/pattern,current,4116,0.22631195335276968,0.2161702596420778,0.23648382285121344
A,raw_to_one/L2/pattern,one,4116,0.7582604470359572,0.7476556017900773,0.7686897330037931
A,raw_to_one/L2/pattern,two,4116,0.009961127308066083,0.006543828512587678,0.01368737814658306
A,raw_to_one/L2/value,current,4116,0.0009718172983479105,0.00024096385542168674,0.001945537123045601
A,raw_to_one/L2/value,one,4116,0.9837220602526725,0.9794386284257017,0.9877234942338087
A,raw_to_one/L2/value,two,4116,0.013848396501457727,0.010296613866210178,0.017727375060266483
A,raw_to_one/L2/pattern_value,current,4116,0.22789115646258504,0.21725488377642457,0.23869734691927205
A,raw_to_one/L2/pattern_value,one,4116,0.7312925170068028,0.7191623721292432,0.7431455818501402
A,raw_to_one/L2/pattern_value,two,4116,0.022230320699708456,0.016926037263135192,0.02814858932232643
A,raw_to_one/L2/query,current,4116,0.14188532555879493,0.13391517691505395,0.15014779969916647
A,raw_to_one/L2/query,one,4116,0.8507045675413022,0.8422472848000325,0.8589875056824787
A,raw_to_one/L2/query,two,4116,0.0058309037900874635,0.0034146133304785863,0.008432554838728451
A,raw_to_one/L2/key,current,4116,0.009961127308066083,0.007365192990510325,0.012855347991998091
A,raw_to_one/L2/key,one,4116,0.98432944606414,0.980294689763013,0.9879679875374429
A,raw_to_one/L2/key,two,4116,0.004980563654033042,0.0029189445961585922,0.00733353772095056
A,raw_to_one/L2/query_key,current,4116,0.22631195335276968,0.2161702596420778,0.23648382285121344
A,raw_to_one/L2/query_key,one,4116,0.7582604470359572,0.7476556017900773,0.7686897330037931
A,raw_to_one/L2/query_key,two,4116,0.009961127308066083,0.006543828512587678,0.01368737814658306
A,raw_to_one/L2/attention_output,current,4116,0.22789115646258504,0.21725488377642457,0.23869734691927205
A,raw_to_one/L2/attention_output,one,4116,0.7312925170068028,0.7191623721292432,0.7431455818501402
A,raw_to_one/L2/attention_output,two,4116,0.022230320699708456,0.016926037263135192,0.02814858932232643
A,raw_to_one/L2/mlp,current,4116,0.18221574344023322,0.1728134690295954,0.19148510099692517
A,raw_to_one/L2/mlp,one,4116,0.8025996112730807,0.7930070363369978,0.8124709831684388
A,raw_to_one/L2/mlp,two,4116,0.013969873663751214,0.0103328392158822,0.018041888423574272
A,raw_to_one/L2/block_input,current,4116,0.4968415937803693,0.481274266495383,0.5121304298758323
A,raw_to_one/L2/block_input,one,4116,0.48517978620019436,0.47095490010913793,0.49975915221579964
A,raw_to_one/L2/block_input,two,4116,0.014820213799805637,0.009985326455455865,0.020273610875773417
A,raw_to_one/L12/pattern,current,4116,0.2272837706511176,0.21721852009856332,0.23723937353289373
A,raw_to_one/L12/pattern,one,4116,0.7574101068999028,0.7469158842456342,0.7677799334180408
A,raw_to_one/L12/pattern,two,4116,0.01032555879494655,0.006768356099358335,0.014074339223913507
A,raw_to_one/L12/value,current,4116,0.004008746355685131,0.00245398773006135,0.005806809317719122
A,raw_to_one/L12/value,one,4116,0.9763119533527697,0.9714800636852077,0.9807172684844019
A,raw_to_one/L12/value,two,4116,0.017857142857142856,0.013949454475038137,0.02209333104265476
A,raw_to_one/L12/pattern_value,current,4116,0.23226433430515064,0.22143546006678366,0.24299978054731552
A,raw_to_one/L12/pattern_value,one,4116,0.7291059280855199,0.717127009771841,0.7407321037852012
A,raw_to_one/L12/pattern_value,two,4116,0.024416909620991252,0.018931963268809925,0.030470270249863006
A,raw_to_one/L12/query,current,4116,0.1444363459669582,0.13646184163775216,0.15278818065018368
A,raw_to_one/L12/query,one,4116,0.8480320699708455,0.8395540475036355,0.8562317163783165
A,raw_to_one/L12/query,two,4116,0.005952380952380952,0.0035032193576990923,0.008580534444716842
A,raw_to_one/L12/key,current,4116,0.008989310009718173,0.006553345554262124,0.011674236078627604
A,raw_to_one/L12/key,one,4116,0.9848153547133139,0.9808954596344908,0.9884861067561476
A,raw_to_one/L12/key,two,4116,0.005466472303206997,0.0031415763642264577,0.008117522629111818
A,raw_to_one/L12/query_key,current,4116,0.2272837706511176,0.21721852009856332,0.23723937353289373
A,raw_to_one/L12/query_key,one,4116,0.7574101068999028,0.7469158842456342,0.7677799334180408
A,raw_to_one/L12/query_key,two,4116,0.01032555879494655,0.006768356099358335,0.014074339223913507
A,raw_to_one/L12/attention_output,current,4116,0.23226433430515064,0.22143546006678366,0.24299978054731552
A,raw_to_one/L12/attention_output,one,4116,0.7291059280855199,0.717127009771841,0.7407321037852012
A,raw_to_one/L12/attention_output,two,4116,0.024416909620991252,0.018931963268809925,0.030470270249863006
A,raw_to_one/L12/mlp,current,4116,0.2303206997084548,0.21958178021427444,0.24121656527036459
A,raw_to_one/L12/mlp,one,4116,0.7535228377065112,0.7425870545754204,0.7644849571352027
A,raw_to_one/L12/mlp,two,4116,0.013119533527696793,0.009247733442590795,0.01768839350617882
A,raw_to_one/L12/block_input,current,4116,0.4968415937803693,0.481274266495383,0.5121304298758323
A,raw_to_one/L12/block_input,one,4116,0.48517978620019436,0.47095490010913793,0.49975915221579964
A,raw_to_one/L12/block_input,two,4116,0.014820213799805637,0.009985326455455865,0.020273610875773417
A,raw_to_one/L2_answer/pattern,current,4116,0.22631195335276968,0.2161702596420778,0.23648382285121344
A,raw_to_one/L2_answer/pattern,one,4116,0.7582604470359572,0.7476556017900773,0.7686897330037931
A,raw_to_one/L2_answer/pattern,two,4116,0.009961127308066083,0.006543828512587678,0.01368737814658306
A,raw_to_two/L1/pattern,current,4116,0.002186588921282799,0.0003669275929549902,0.004554260716275775
A,raw_to_two/L1/pattern,one,4116,0.008989310009718173,0.00647920998136153,0.011724440192536947
A,raw_to_two/L1/pattern,two,4116,0.9784985422740525,0.9733543688055124,0.9832843893519609
A,raw_to_two/L1/value,current,4116,0.002551020408163265,0.0007263878558328541,0.0049541439883964535
A,raw_to_two/L1/value,one,4116,0.024173955296404277,0.02019832529590295,0.02830873679922005
A,raw_to_two/L1/value,two,4116,0.9544460641399417,0.9475402869650703,0.9608498650231376
A,raw_to_two/L1/pattern_value,current,4116,0.003401360544217687,0.001455595249569197,0.005959874656403702
A,raw_to_two/L1/pattern_value,one,4116,0.038629737609329445,0.033714668331711266,0.043774901593701995
A,raw_to_two/L1/pattern_value,two,4116,0.9390184645286687,0.9316266611617304,0.9459964083176142
A,raw_to_two/L1/query,current,4116,0.0023080660835762875,0.00048579062424095217,0.004720585118291598
A,raw_to_two/L1/query,one,4116,0.008867832847424683,0.006333827835270498,0.011613978174570291
A,raw_to_two/L1/query,two,4116,0.9787414965986394,0.9735961257021672,0.9833695427473543
A,raw_to_two/L1/key,current,4116,0.00206511175898931,0.00036205429658995914,0.004380654549125427
A,raw_to_two/L1/key,one,4116,0.008989310009718173,0.006341424756603089,0.011756242155482325
A,raw_to_two/L1/key,two,4116,0.9810495626822158,0.9764590903788007,0.985354229545875
A,raw_to_two/L1/query_key,current,4116,0.002186588921282799,0.0003669275929549902,0.004554260716275775
A,raw_to_two/L1/query_key,one,4116,0.008989310009718173,0.00647920998136153,0.011724440192536947
A,raw_to_two/L1/query_key,two,4116,0.9784985422740525,0.9733543688055124,0.9832843893519609
A,raw_to_two/L1/attention_output,current,4116,0.003401360544217687,0.001455595249569197,0.005959874656403702
A,raw_to_two/L1/attention_output,one,4116,0.038629737609329445,0.033714668331711266,0.043774901593701995
A,raw_to_two/L1/attention_output,two,4116,0.9390184645286687,0.9316266611617304,0.9459964083176142
A,raw_to_two/L1/mlp,current,4116,0.02040816326530612,0.016577527543670104,0.024721546917800773
A,raw_to_two/L1/mlp,one,4116,0.12135568513119534,0.11335424739654786,0.12985721649123358
A,raw_to_two/L1/mlp,two,4116,0.8414723032069971,0.8317537818698908,0.8507691119315737
A,raw_to_two/L1/block_input,current,4116,0.4968415937803693,0.481274266495383,0.5121304298758323
A,raw_to_two/L1/block_input,one,4116,0.48517978620019436,0.47095490010913793,0.49975915221579964
A,raw_to_two/L1/block_input,two,4116,0.014820213799805637,0.009985326455455865,0.020273610875773417
A,raw_to_two/L2/pattern,current,4116,0.17359086491739553,0.16418076485179464,0.18327751867093783
A,raw_to_two/L2/pattern,one,4116,0.39832361516034986,0.38574604743083,0.41158592111965314
A,raw_to_two/L2/pattern,two,4116,0.39868804664723034,0.38842631171984726,0.40905808619517936
A,raw_to_two/L2/value,current,4116,0.0014577259475218659,0.0001201338292546071,0.0034305737835552295
A,raw_to_two/L2/value,one,4116,0.07033527696793003,0.06332021117401523,0.07732462512891265
A,raw_to_two/L2/value,two,4116,0.8502186588921283,0.8405440596477607,0.860374843442607
A,raw_to_two/L2/pattern_value,current,4116,0.130466472303207,0.12159505962816589,0.1391310320114668
A,raw_to_two/L2/pattern_value,one,4116,0.4650145772594752,0.4517667187635669,0.47784540487656696
A,raw_to_two/L2/pattern_value,two,4116,0.3550777453838678,0.34466800441032386,0.3659108411181915
A,raw_to_two/L2/query,current,4116,0.2076044703595724,0.19721351225442027,0.21782679682001224
A,raw_to_two/L2/query,one,4116,0.31681243926141883,0.30484211187497334,0.32894488359032237
A,raw_to_two/L2/query,two,4116,0.4290573372206025,0.41823893674232065,0.43967404976514124
A,raw_to_two/L2/key,current,4116,0.05806608357628766,0.051631676143123986,0.06473304425205366
A,raw_to_two/L2/key,one,4116,0.08175413022351798,0.07375648848460908,0.08966869888370176
A,raw_to_two/L2/key,two,4116,0.8451166180758017,0.8356026884969682,0.8543710871260295
A,raw_to_two/L2/query_key,current,4116,0.17359086491739553,0.16418076485179464,0.18327751867093783
A,raw_to_two/L2/query_key,one,4116,0.39832361516034986,0.38574604743083,0.41158592111965314
A,raw_to_two/L2/query_key,two,4116,0.39868804664723034,0.38842631171984726,0.40905808619517936
A,raw_to_two/L2/attention_output,current,4116,0.130466472303207,0.12159505962816589,0.1391310320114668
A,raw_to_two/L2/attention_output,one,4116,0.4650145772594752,0.4517667187635669,0.47784540487656696
A,raw_to_two/L2/attention_output,two,4116,0.3550777453838678,0.34466800441032386,0.3659108411181915
A,raw_to_two/L2/mlp,current,4116,0.18500971817298348,0.17483855536952883,0.19555137226361974
A,raw_to_two/L2/mlp,one,4116,0.5351068999028182,0.5230749605117215,0.5472461429586913
A,raw_to_two/L2/mlp,two,4116,0.23858114674441205,0.22574337324185814,0.25161646199044196
A,raw_to_two/L2/block_input,current,4116,0.4968415937803693,0.481274266495383,0.5121304298758323
A,raw_to_two/L2/block_input,one,4116,0.48517978620019436,0.47095490010913793,0.49975915221579964
A,raw_to_two/L2/block_input,two,4116,0.014820213799805637,0.009985326455455865,0.020273610875773417
A,raw_to_two/L12/pattern,current,4116,0.18428085519922255,0.1742921316713167,0.1943088031359077
A,raw_to_two/L12/pattern,one,4116,0.39067055393586003,0.37780234541376134,0.4039915784202362
A,raw_to_two/L12/pattern,two,4116,0.3937074829931973,0.38330006880055706,0.40426155598363905
A,raw_to_two/L12/value,current,4116,0.002551020408163265,0.0007251631617113851,0.004968643193187934
A,raw_to_two/L12/value,one,4116,0.11710398445092322,0.10867970695638052,0.125801319503562
A,raw_to_two/L12/value,two,4116,0.8062439261418853,0.7955530538930066,0.817016786090593
A,raw_to_two/L12/pattern_value,current,4116,0.15269679300291544,0.14374539010363208,0.16159076628513303
A,raw_to_two/L12/pattern_value,one,4116,0.5187074829931972,0.5055328775140052,0.5317947733264552
A,raw_to_two/L12/pattern_value,two,4116,0.28741496598639454,0.27716988579321533,0.2978884817862195
A,raw_to_two/L12/query,current,4116,0.22424684159378036,0.213301073379358,0.23509083887943943
A,raw_to_two/L12/query,one,4116,0.30296404275996114,0.2909088150926743,0.3153752954894597
A,raw_to_two/L12/query,two,4116,0.42553449951409134,0.41512134791069755,0.4360174548794322
A,raw_to_two/L12/key,current,4116,0.0597667638483965,0.053188834077934975,0.06660228191068565
A,raw_to_two/L12/key,one,4116,0.09317298347910592,0.08497755775210238,0.10150244502223947
A,raw_to_two/L12/key,two,4116,0.831754130223518,0.8221010602827421,0.8413072136332128
A,raw_to_two/L12/query_key,current,4116,0.18428085519922255,0.1742921316713167,0.1943088031359077
A,raw_to_two/L12/query_key,one,4116,0.39067055393586003,0.37780234541376134,0.4039915784202362
A,raw_to_two/L12/query_key,two,4116,0.3937074829931973,0.38330006880055706,0.40426155598363905
A,raw_to_two/L12/attention_output,current,4116,0.15269679300291544,0.14374539010363208,0.16159076628513303
A,raw_to_two/L12/attention_output,one,4116,0.5187074829931972,0.5055328775140052,0.5317947733264552
A,raw_to_two/L12/attention_output,two,4116,0.28741496598639454,0.27716988579321533,0.2978884817862195
A,raw_to_two/L12/mlp,current,4116,0.2325072886297376,0.2216431426590811,0.24349003612052664
A,raw_to_two/L12/mlp,one,4116,0.5556365403304179,0.5434511440928478,0.5680983534222358
A,raw_to_two/L12/mlp,two,4116,0.17541302235179787,0.16360726614989934,0.18762044139557288
A,raw_to_two/L12/block_input,current,4116,0.4968415937803693,0.481274266495383,0.5121304298758323
A,raw_to_two/L12/block_input,one,4116,0.48517978620019436,0.47095490010913793,0.49975915221579964
A,raw_to_two/L12/block_input,two,4116,0.014820213799805637,0.009985326455455865,0.020273610875773417
A,raw_to_two/L2_answer/pattern,current,4116,0.17359086491739553,0.16418076485179464,0.18327751867093783
A,raw_to_two/L2_answer/pattern,one,4116,0.39832361516034986,0.38574604743083,0.41158592111965314
A,raw_to_two/L2_answer/pattern,two,4116,0.39868804664723034,0.38842631171984726,0.40905808619517936
A,one_to_raw/L1/pattern,current,4116,0.49404761904761907,0.47901801845914643,0.5090302948373758
A,one_to_raw/L1/pattern,one,4116,0.4874878522837707,0.47352145856436123,0.5015905159145312
A,one_to_raw/L1/pattern,two,4116,0.015427599611273081,0.010601675935460339,0.020893445952906
A,one_to_raw/L1/value,current,4116,0.352891156462585,0.33993656074922945,0.3663937598967268
A,one_to_raw/L1/value,one,4116,0.6328960155490768,0.6200596207991292,0.645423238800699
A,one_to_raw/L1/value,two,4116,0.01251214771622935,0.008286569067752925,0.01724158875372809
A,one_to_raw/L1/pattern_value,current,4116,0.3551992225461613,0.3423886135366252,0.36838305316769976
A,one_to_raw/L1/pattern_value,one,4116,0.6310738581146744,0.6185675851620773,0.6435026062404003
A,one_to_raw/L1/pattern_value,two,4116,0.012633624878522837,0.008382997354804952,0.017497753527344003
A,one_to_raw/L1/query,current,4116,0.5010932944606414,0.4854804037533628,0.516125287958649
A,one_to_raw/L1/query,one,4116,0.4815354713313897,0.46715144754730437,0.4961062504823747
A,one_to_raw/L1/query,two,4116,0.014941690962099125,0.01014227347419813,0.020368233566302456
A,one_to_raw/L1/key,current,4116,0.4939261418853256,0.4785800555633128,0.5087874456062692
A,one_to_raw/L1/key,one,4116,0.48760932944606417,0.47346087072377446,0.5019287334796119
A,one_to_raw/L1/key,two,4116,0.014941690962099125,0.010140960531361739,0.02039576180572472
A,one_to_raw/L1/query_key,current,4116,0.49404761904761907,0.47901801845914643,0.5090302948373758
A,one_to_raw/L1/query_key,one,4116,0.4874878522837707,0.47352145856436123,0.5015905159145312
A,one_to_raw/L1/query_key,two,4116,0.015427599611273081,0.010601675935460339,0.020893445952906
A,one_to_raw/L1/attention_output,current,4116,0.3551992225461613,0.3423886135366252,0.36838305316769976
A,one_to_raw/L1/attention_output,one,4116,0.6310738581146744,0.6185675851620773,0.6435026062404003
A,one_to_raw/L1/attention_output,two,4116,0.012633624878522837,0.008382997354804952,0.017497753527344003
A,one_to_raw/L1/mlp,current,4116,0.40901360544217685,0.39542001573861996,0.42288788528676263
A,one_to_raw/L1/mlp,one,4116,0.5768950437317785,0.5634051165461864,0.590263640575499
A,one_to_raw/L1/mlp,two,4116,0.01251214771622935,0.00804093567251462,0.01754813297741777
A,one_to_raw/L1/block_input,current,4116,0.0015792031098153547,0.000605176682196309,0.0027060437065984833
A,one_to_raw/L1/block_input,one,4116,0.9963556851311953,0.9944717444717445,0.9979577249026717
A,one_to_raw/L1/block_input,two,4116,0.00206511175898931,0.0009652393245012638,0.003411326828322736
A,one_to_raw/L2/pattern,current,4116,0.11345966958211856,0.10516303383720932,0.12207894153573363
A,one_to_raw/L2/pattern,one,4116,0.8769436345966958,0.8680719461675951,0.8857869703781518
A,one_to_raw/L2/pattern,two,4116,0.00923226433430515,0.0064903066434406536,0.012288382636648588
A,one_to_raw/L2/value,current,4116,0.5346209912536443,0.5201002832948766,0.5491853494912516
A,one_to_raw/L2/value,one,4116,0.45019436345966957,0.4362000823544036,0.46425940244468133
A,one_to_raw/L2/value,two,4116,0.009718172983479106,0.006354795340505568,0.013474567744323962
A,one_to_raw/L2/pattern_value,current,4116,0.16933916423712342,0.15949989417667446,0.17928610753431826
A,one_to_raw/L2/pattern_value,one,4116,0.8247084548104956,0.8145429820172246,0.834778446160855
A,one_to_raw/L2/pattern_value,two,4116,0.00522351797862002,0.003159154566183356,0.0075609814643513695
A,one_to_raw/L2/query,current,4116,0.22534013605442177,0.21454626234375876,0.236778476373298
A,one_to_raw/L2/query,one,4116,0.7625121477162293,0.7513343552918514,0.7739045268901852
A,one_to_raw/L2/query,two,4116,0.010811467444120506,0.007464057373405378,0.014547733788766322
A,one_to_raw/L2/key,current,4116,0.4382896015549077,0.4243914493319601,0.45220768814025236
A,one_to_raw/L2/key,one,4116,0.5517492711370262,0.5381595905142713,0.5651444615948535
A,one_to_raw/L2/key,two,4116,0.007774538386783284,0.004879209087284822,0.011073249948184632
A,one_to_raw/L2/query_key,current,4116,0.11345966958211856,0.10516303383720932,0.12207894153573363
A,one_to_raw/L2/query_key,one,4116,0.8769436345966958,0.8680719461675951,0.8857869703781518
A,one_to_raw/L2/query_key,two,4116,0.00923226433430515,0.0064903066434406536,0.012288382636648588
A,one_to_raw/L2/attention_output,current,4116,0.16933916423712342,0.15949989417667446,0.17928610753431826
A,one_to_raw/L2/attention_output,one,4116,0.8247084548104956,0.8145429820172246,0.834778446160855
A,one_to_raw/L2/attention_output,two,4116,0.00522351797862002,0.003159154566183356,0.0075609814643513695
A,one_to_raw/L2/mlp,current,4116,0.14322157434402333,0.13425292744542017,0.152295465244535
A,one_to_raw/L2/mlp,one,4116,0.8507045675413022,0.8412913303122707,0.8599763784357097
A,one_to_raw/L2/mlp,two,4116,0.00510204081632653,0.002565324161952552,0.007963820159869829
A,one_to_raw/L2/block_input,current,4116,0.0015792031098153547,0.000605176682196309,0.0027060437065984833
A,one_to_raw/L2/block_input,one,4116,0.9963556851311953,0.9944717444717445,0.9979577249026717
A,one_to_raw/L2/block_input,two,4116,0.00206511175898931,0.0009652393245012638,0.003411326828322736
A,one_to_raw/L12/pattern,current,4116,0.11333819241982507,0.10484415408302275,0.12189547036182151
A,one_to_raw/L12/pattern,one,4116,0.8771865889212828,0.868154372197375,0.886132160126099
A,one_to_raw/L12/pattern,two,4116,0.00935374149659864,0.006496475207299918,0.012427035554173467
A,one_to_raw/L12/value,current,4116,0.38010204081632654,0.36696565998457675,0.39318212353055987
A,one_to_raw/L12/value,one,4116,0.609086491739553,0.5960865424937098,0.6218058698248087
A,one_to_raw/L12/value,two,4116,0.00935374149659864,0.00580667445130568,0.013520283616093523
A,one_to_raw/L12/pattern_value,current,4116,0.10191933916423712,0.09357468723562502,0.11041009463722397
A,one_to_raw/L12/pattern_value,one,4116,0.8932215743440233,0.8844293411852073,0.9016516919582469
A,one_to_raw/L12/pattern_value,two,4116,0.0047376093294460644,0.002899198529515558,0.0067356583294801995
A,one_to_raw/L12/query,current,4116,0.2259475218658892,0.21526385730152853,0.23716573296556923
A,one_to_raw/L12/query,one,4116,0.7616618075801749,0.7504934867293258,0.7730268596270908
A,one_to_raw/L12/query,two,4116,0.011054421768707483,0.0076239665876583415,0.014901906462249667
A,one_to_raw/L12/key,current,4116,0.4357385811467444,0.4216280827053141,0.44978356706869504
A,one_to_raw/L12/key,one,4116,0.5540573372206026,0.5406724398652597,0.5673709580091996
A,one_to_raw/L12/key,two,4116,0.008017492711370262,0.005066314444372677,0.011324889508476595
A,one_to_raw/L12/query_key,current,4116,0.11333819241982507,0.10484415408302275,0.12189547036182151
A,one_to_raw/L12/query_key,one,4116,0.8771865889212828,0.868154372197375,0.886132160126099
A,one_to_raw/L12/query_key,two,4116,0.00935374149659864,0.006496475207299918,0.012427035554173467
A,one_to_raw/L12/attention_output,current,4116,0.10191933916423712,0.09357468723562502,0.11041009463722397
A,one_to_raw/L12/attention_output,one,4116,0.8932215743440233,0.8844293411852073,0.9016516919582469
A,one_to_raw/L12/attention_output,two,4116,0.0047376093294460644,0.002899198529515558,0.0067356583294801995
A,one_to_raw/L12/mlp,current,4116,0.09633138969873664,0.08869983070813812,0.10410617062321534
A,one_to_raw/L12/mlp,one,4116,0.8990524781341108,0.8907457636131594,0.907054528140646
A,one_to_raw/L12/mlp,two,4116,0.00413022351797862,0.0018518290007677966,0.006770112845266271
A,one_to_raw/L12/block_input,current,4116,0.0015792031098153547,0.000605176682196309,0.0027060437065984833
A,one_to_raw/L12/block_input,one,4116,0.9963556851311953,0.9944717444717445,0.9979577249026717
A,one_to_raw/L12/block_input,two,4116,0.00206511175898931,0.0009652393245012638,0.003411326828322736
A,one_to_raw/L2_answer/pattern,current,4116,0.11345966958211856,0.10516303383720932,0.12207894153573363
A,one_to_raw/L2_answer/pattern,one,4116,0.8769436345966958,0.8680719461675951,0.8857869703781518
A,one_to_raw/L2_answer/pattern,two,4116,0.00923226433430515,0.0064903066434406536,0.012288382636648588
A,one_to_two/L1/pattern,current,4116,0.00206511175898931,0.0002456836890799155,0.0044315332377745315
A,one_to_two/L1/pattern,one,4116,0.009961127308066083,0.007168850746339154,0.01299517122715485
A,one_to_two/L1/pattern,two,4116,0.9793488824101069,0.974191207167929,0.983980489541065
A,one_to_two/L1/value,current,4116,0.00206511175898931,0.0003617072582589824,0.004334451557091814
A,one_to_two/L1/value,one,4116,0.08867832847424684,0.08118882785425349,0.09620480934639805
A,one_to_two/L1/value,two,4116,0.901846452866861,0.8936938171035261,0.9097745277605133
A,one_to_two/L1/pattern_value,current,4116,0.0023080660835762875,0.0004873294346978557,0.004656891286791745
A,one_to_two/L1/pattern_value,one,4116,0.10592808551992225,0.09798184345388121,0.11423294861509932
A,one_to_two/L1/pattern_value,two,4116,0.8821671525753159,0.8733465683911082,0.8906681670134154
A,one_to_two/L1/query,current,4116,0.002186588921282799,0.0003669275929549902,0.004554260716275775
A,one_to_two/L1/query,one,4116,0.008381924198250729,0.005962448775608052,0.011062539354936828
A,one_to_two/L1/query,two,4116,0.9793488824101069,0.9743275300756825,0.9839646978595632
A,one_to_two/L1/key,current,4116,0.002186588921282799,0.0003669275929549902,0.004554260716275775
A,one_to_two/L1/key,one,4116,0.009110787172011662,0.006453969800292256,0.01194332254555367
A,one_to_two/L1/key,two,4116,0.9810495626822158,0.9763693423555401,0.9854277309076878
A,one_to_two/L1/query_key,current,4116,0.00206511175898931,0.0002456836890799155,0.0044315332377745315
A,one_to_two/L1/query_key,one,4116,0.009961127308066083,0.007168850746339154,0.01299517122715485
A,one_to_two/L1/query_key,two,4116,0.9793488824101069,0.974191207167929,0.983980489541065
A,one_to_two/L1/attention_output,current,4116,0.0023080660835762875,0.0004873294346978557,0.004656891286791745
A,one_to_two/L1/attention_output,one,4116,0.10592808551992225,0.09798184345388121,0.11423294861509932
A,one_to_two/L1/attention_output,two,4116,0.8821671525753159,0.8733465683911082,0.8906681670134154
A,one_to_two/L1/mlp,current,4116,0.007045675413022352,0.00449462771159333,0.010017157669174786
A,one_to_two/L1/mlp,one,4116,0.09268707482993198,0.08487327718458518,0.10041594104992413
A,one_to_two/L1/mlp,two,4116,0.8933430515063168,0.8846614608270339,0.9020695209565338
A,one_to_two/L1/block_input,current,4116,0.0015792031098153547,0.000605176682196309,0.0027060437065984833
A,one_to_two/L1/block_input,one,4116,0.9963556851311953,0.9944717444717445,0.9979577249026717
A,one_to_two/L1/block_input,two,4116,0.00206511175898931,0.0009652393245012638,0.003411326828322736
A,one_to_two/L2/pattern,current,4116,0.001943634596695821,0.00024336673576902875,0.004285093440830046
A,one_to_two/L2/pattern,one,4116,0.6092079689018465,0.598431123167251,0.6197170094865898
A,one_to_two/L2/pattern,two,4116,0.3849611273080661,0.3744840817919931,0.3957272727272727
A,one_to_two/L2/value,current,4116,0.0032798833819241984,0.0013275084175730883,0.005939130728217588
A,one_to_two/L2/value,one,4116,0.1924198250728863,0.18231510364803835,0.2026866548619236
A,one_to_two/L2/value,two,4116,0.7189018464528668,0.7064129608875294,0.7312515071135761
A,one_to_two/L2/pattern_value,current,4116,0.003522837706511176,0.0014562930145136446,0.006141640688244735
A,one_to_two/L2/pattern_value,one,4116,0.7063896987366375,0.696045439382099,0.7166757014575388
A,one_to_two/L2/pattern_value,two,4116,0.2690719144800777,0.258671358715041,0.27937303893987414
A,one_to_two/L2/query,current,4116,0.004494655004859086,0.0023339522966114544,0.007139702690017303
A,one_to_two/L2/query,one,4116,0.4233479105928086,0.413571311347296,0.4330161915580939
A,one_to_two/L2/query,two,4116,0.5567298347910593,0.5470128476752537,0.5666840916394194
A,one_to_two/L2/key,current,4116,0.014577259475218658,0.011040235525024533,0.0186703379920726
A,one_to_two/L2/key,one,4116,0.3725704567541302,0.3618482170372181,0.38328098576798614
A,one_to_two/L2/key,two,4116,0.5911078717201166,0.5796531682860953,0.6021987132873171
A,one_to_two/L2/query_key,current,4116,0.001943634596695821,0.00024336673576902875,0.004285093440830046
A,one_to_two/L2/query_key,one,4116,0.6092079689018465,0.598431123167251,0.6197170094865898
A,one_to_two/L2/query_key,two,4116,0.3849611273080661,0.3744840817919931,0.3957272727272727
A,one_to_two/L2/attention_output,current,4116,0.003522837706511176,0.0014562930145136446,0.006141640688244735
A,one_to_two/L2/attention_output,one,4116,0.7063896987366375,0.696045439382099,0.7166757014575388
A,one_to_two/L2/attention_output,two,4116,0.2690719144800777,0.258671358715041,0.27937303893987414
A,one_to_two/L2/mlp,current,4116,0.0012147716229348883,0.00024032540093065733,0.002658401640614953
A,one_to_two/L2/mlp,one,4116,0.8784013605442177,0.8693263269129693,0.887437731264809
A,one_to_two/L2/mlp,two,4116,0.10519922254616132,0.09681293231664793,0.11384328649839875
A,one_to_two/L2/block_input,current,4116,0.0015792031098153547,0.000605176682196309,0.0027060437065984833
A,one_to_two/L2/block_input,one,4116,0.9963556851311953,0.9944717444717445,0.9979577249026717
A,one_to_two/L2/block_input,two,4116,0.00206511175898931,0.0009652393245012638,0.003411326828322736
A,one_to_two/L12/pattern,current,4116,0.001943634596695821,0.000244081034903588,0.004274134119380979
A,one_to_two/L12/pattern,one,4116,0.6162536443148688,0.6053135995510799,0.6272327436965088
A,one_to_two/L12/pattern,two,4116,0.3777939747327502,0.36699238844059384,0.38874027237354086
A,one_to_two/L12/value,current,4116,0.002551020408163265,0.0007334828919551958,0.004977026837162915
A,one_to_two/L12/value,one,4116,0.36576773566569487,0.3550119500354821,0.3764634861597883
A,one_to_two/L12/value,two,4116,0.5744655004859086,0.5618284804055906,0.5868980771015546
A,one_to_two/L12/pattern_value,current,4116,0.004251700680272109,0.002165517751417655,0.006875765769822329
A,one_to_two/L12/pattern_value,one,4116,0.8550777453838678,0.8462282340178449,0.8638667552272946
A,one_to_two/L12/pattern_value,two,4116,0.13751214771622935,0.1288192249899915,0.14606341894250982
A,one_to_two/L12/query,current,4116,0.004859086491739553,0.002651209327984284,0.007643775782577044
A,one_to_two/L12/query,one,4116,0.4205539358600583,0.4104186445147679,0.43055902767311255
A,one_to_two/L12/query,two,4116,0.5578231292517006,0.5480745943327682,0.5679554406286529
A,one_to_two/L12/key,current,4116,0.015427599611273081,0.011746084677374188,0.01962227466499946
A,one_to_two/L12/key,one,4116,0.37657920310981535,0.36579702763697847,0.3873466802809404
A,one_to_two/L12/key,two,4116,0.5852769679300291,0.5740240525450081,0.5966448563633696
A,one_to_two/L12/query_key,current,4116,0.001943634596695821,0.000244081034903588,0.004274134119380979
A,one_to_two/L12/query_key,one,4116,0.6162536443148688,0.6053135995510799,0.6272327436965088
A,one_to_two/L12/query_key,two,4116,0.3777939747327502,0.36699238844059384,0.38874027237354086
A,one_to_two/L12/attention_output,current,4116,0.004251700680272109,0.002165517751417655,0.006875765769822329
A,one_to_two/L12/attention_output,one,4116,0.8550777453838678,0.8462282340178449,0.8638667552272946
A,one_to_two/L12/attention_output,two,4116,0.13751214771622935,0.1288192249899915,0.14606341894250982
A,one_to_two/L12/mlp,current,4116,0.001943634596695821,0.0007240998626176421,0.00346050797770088
A,one_to_two/L12/mlp,one,4116,0.907555879494655,0.8993157170974128,0.9158651700301434
A,one_to_two/L12/mlp,two,4116,0.07993197278911565,0.07210021705995606,0.08784456924925929
A,one_to_two/L12/block_input,current,4116,0.0015792031098153547,0.000605176682196309,0.0027060437065984833
A,one_to_two/L12/block_input,one,4116,0.9963556851311953,0.9944717444717445,0.9979577249026717
A,one_to_two/L12/block_input,two,4116,0.00206511175898931,0.0009652393245012638,0.003411326828322736
A,one_to_two/L2_answer/pattern,current,4116,0.001943634596695821,0.00024336673576902875,0.004285093440830046
A,one_to_two/L2_answer/pattern,one,4116,0.6092079689018465,0.598431123167251,0.6197170094865898
A,one_to_two/L2_answer/pattern,two,4116,0.3849611273080661,0.3744840817919931,0.3957272727272727
A,two_to_raw/L1/pattern,current,4116,0.4965986394557823,0.48174118305213726,0.5114831268828043
A,two_to_raw/L1/pattern,one,4116,0.4848153547133139,0.47047958250732186,0.49913884291473803
A,two_to_raw/L1/pattern,two,4116,0.015184645286686104,0.010372831833430874,0.020540206174218364
A,two_to_raw/L1/value,current,4116,0.39067055393586003,0.37665516860980064,0.4046469358172725
A,two_to_raw/L1/value,one,4116,0.5881924198250729,0.5748103371151801,0.6015918996668033
A,two_to_raw/L1/value,two,4116,0.018221574344023325,0.013147397489254017,0.02396680451516556
A,two_to_raw/L1/pattern_value,current,4116,0.3999028182701652,0.3858419583363634,0.41402910347845795
A,two_to_raw/L1/pattern_value,one,4116,0.5783527696793003,0.5645352950022366,0.5918242731485825
A,two_to_raw/L1/pattern_value,two,4116,0.019800777453838677,0.014317167366961625,0.026068750323236852
A,two_to_raw/L1/query,current,4116,0.5172497570456754,0.5015995293631537,0.532609223044955
A,two_to_raw/L1/query,one,4116,0.46562196307094267,0.4510167689081239,0.48039463534948196
A,two_to_raw/L1/query,two,4116,0.014941690962099125,0.010226436067860386,0.020220732089488817
A,two_to_raw/L1/key,current,4116,0.4965986394557823,0.48106002680338994,0.5118137223173312
A,two_to_raw/L1/key,one,4116,0.48554421768707484,0.47129174845755717,0.5001257939347377
A,two_to_raw/L1/key,two,4116,0.013969873663751214,0.009367271882671889,0.019142350053752633
A,two_to_raw/L1/query_key,current,4116,0.4965986394557823,0.48174118305213726,0.5114831268828043
A,two_to_raw/L1/query_key,one,4116,0.4848153547133139,0.47047958250732186,0.49913884291473803
A,two_to_raw/L1/query_key,two,4116,0.015184645286686104,0.010372831833430874,0.020540206174218364
A,two_to_raw/L1/attention_output,current,4116,0.3999028182701652,0.3858419583363634,0.41402910347845795
A,two_to_raw/L1/attention_output,one,4116,0.5783527696793003,0.5645352950022366,0.5918242731485825
A,two_to_raw/L1/attention_output,two,4116,0.019800777453838677,0.014317167366961625,0.026068750323236852
A,two_to_raw/L1/mlp,current,4116,0.5953595724003887,0.5798038352783291,0.6102581156944106
A,two_to_raw/L1/mlp,one,4116,0.3784013605442177,0.3644022855648389,0.39287455651673464
A,two_to_raw/L1/mlp,two,4116,0.023080660835762875,0.017543752804666964,0.02903826716236241
A,two_to_raw/L1/block_input,current,4116,0.002186588921282799,0.0003669275929549902,0.004554260716275775
A,two_to_raw/L1/block_input,one,4116,0.008381924198250729,0.005860770089285715,0.011121975067220728
A,two_to_raw/L1/block_input,two,4116,0.9815354713313897,0.9768911267674822,0.98584335829401
A,two_to_raw/L2/pattern,current,4116,0.2510932944606414,0.23820591713704145,0.26402764776358917
A,two_to_raw/L2/pattern,one,4116,0.4199465500485909,0.4089019320127171,0.43089552615431503
A,two_to_raw/L2/pattern,two,4116,0.31936345966958213,0.30611907836408864,0.33227403149998813
A,two_to_raw/L2/value,current,4116,0.6454081632653061,0.6305964780414475,0.6598641738853217
A,two_to_raw/L2/value,one,4116,0.3077016520894072,0.29474495015690955,0.32064310554608055
A,two_to_raw/L2/value,two,4116,0.021379980563654033,0.016540458499116478,0.026399056029506842
A,two_to_raw/L2/pattern_value,current,4116,0.45383867832847424,0.4393934882411538,0.4678918503537876
A,two_to_raw/L2/pattern_value,one,4116,0.29069484936831874,0.28065183127712157,0.30095343374703254
A,two_to_raw/L2/pattern_value,two,4116,0.2258260447035957,0.21418161927046328,0.2372616650204357
A,two_to_raw/L2/query,current,4116,0.4707240038872692,0.4548859338616212,0.4854983329836969
A,two_to_raw/L2/query,one,4116,0.41557337220602525,0.40350230127994197,0.4284142775326529
A,two_to_raw/L2/query,two,4116,0.10775024295432459,0.09813786853865605,0.11773257589098056
A,two_to_raw/L2/key,current,4116,0.6437074829931972,0.6273546275256785,0.6591760367578781
A,two_to_raw/L2/key,one,4116,0.3236151603498542,0.30955680277345077,0.3376919459803405
A,two_to_raw/L2/key,two,4116,0.027210884353741496,0.021122291470816942,0.03396654728076844
A,two_to_raw/L2/query_key,current,4116,0.2510932944606414,0.23820591713704145,0.26402764776358917
A,two_to_raw/L2/query_key,one,4116,0.4199465500485909,0.4089019320127171,0.43089552615431503
A,two_to_raw/L2/query_key,two,4116,0.31936345966958213,0.30611907836408864,0.33227403149998813
A,two_to_raw/L2/attention_output,current,4116,0.45383867832847424,0.4393934882411538,0.4678918503537876
A,two_to_raw/L2/attention_output,one,4116,0.29069484936831874,0.28065183127712157,0.30095343374703254
A,two_to_raw/L2/attention_output,two,4116,0.2258260447035957,0.21418161927046328,0.2372616650204357
A,two_to_raw/L2/mlp,current,4116,0.6028911564625851,0.5878900372758185,0.6179488918208548
A,two_to_raw/L2/mlp,one,4116,0.09815354713313897,0.08876673383361126,0.10774718197089862
A,two_to_raw/L2/mlp,two,4116,0.29069484936831874,0.27761493644039836,0.30354972039873573
A,two_to_raw/L2/block_input,current,4116,0.002186588921282799,0.0003669275929549902,0.004554260716275775
A,two_to_raw/L2/block_input,one,4116,0.008381924198250729,0.005860770089285715,0.011121975067220728
A,two_to_raw/L2/block_input,two,4116,0.9815354713313897,0.9768911267674822,0.98584335829401
A,two_to_raw/L12/pattern,current,4116,0.2391885325558795,0.2264036748977776,0.25193248412113556
A,two_to_raw/L12/pattern,one,4116,0.423712342079689,0.41223098872060027,0.43509488495596765
A,two_to_raw/L12/pattern,two,4116,0.32798833819241985,0.31465198763871327,0.3412154500608196
A,two_to_raw/L12/value,current,4116,0.5839407191448007,0.5682742864561369,0.5988843396921175
A,two_to_raw/L12/value,one,4116,0.37232750242954327,0.3593062095855897,0.38592642315755527
A,two_to_raw/L12/value,two,4116,0.03206997084548105,0.0262962376454306,0.03823925494442445
A,two_to_raw/L12/pattern_value,current,4116,0.4770408163265306,0.4622197661540047,0.49190527803947404
A,two_to_raw/L12/pattern_value,one,4116,0.23760932944606414,0.2279850387140333,0.2472959685349066
A,two_to_raw/L12/pattern_value,two,4116,0.27368804664723034,0.2613161078761839,0.2863024654227824
A,two_to_raw/L12/query,current,4116,0.4811710398445092,0.4651239506280046,0.4960084617991536
A,two_to_raw/L12/query,one,4116,0.40901360544217685,0.39678667574153637,0.4218172976631173
A,two_to_raw/L12/query,two,4116,0.10459183673469388,0.09486974912870799,0.11461749649685465
A,two_to_raw/L12/key,current,4116,0.6424927113702624,0.6265047812609662,0.6578634742922905
A,two_to_raw/L12/key,one,4116,0.3237366375121477,0.30998890633771126,0.3376778493134243
A,two_to_raw/L12/key,two,4116,0.028182701652089408,0.02196134142157451,0.0349012540988623
A,two_to_raw/L12/query_key,current,4116,0.2391885325558795,0.2264036748977776,0.25193248412113556
A,two_to_raw/L12/query_key,one,4116,0.423712342079689,0.41223098872060027,0.43509488495596765
A,two_to_raw/L12/query_key,two,4116,0.32798833819241985,0.31465198763871327,0.3412154500608196
A,two_to_raw/L12/attention_output,current,4116,0.4770408163265306,0.4622197661540047,0.49190527803947404
A,two_to_raw/L12/attention_output,one,4116,0.23760932944606414,0.2279850387140333,0.2472959685349066
A,two_to_raw/L12/attention_output,two,4116,0.27368804664723034,0.2613161078761839,0.2863024654227824
A,two_to_raw/L12/mlp,current,4116,0.6709183673469388,0.6569054954133023,0.684724413247655
A,two_to_raw/L12/mlp,one,4116,0.07252186588921283,0.06385413561085682,0.08139406493315085
A,two_to_raw/L12/mlp,two,4116,0.25072886297376096,0.23889411985621545,0.26306798283941374
A,two_to_raw/L12/block_input,current,4116,0.002186588921282799,0.0003669275929549902,0.004554260716275775
A,two_to_raw/L12/block_input,one,4116,0.008381924198250729,0.005860770089285715,0.011121975067220728
A,two_to_raw/L12/block_input,two,4116,0.9815354713313897,0.9768911267674822,0.98584335829401
A,two_to_raw/L2_answer/pattern,current,4116,0.2510932944606414,0.23820591713704145,0.26402764776358917
A,two_to_raw/L2_answer/pattern,one,4116,0.4199465500485909,0.4089019320127171,0.43089552615431503
A,two_to_raw/L2_answer/pattern,two,4116,0.31936345966958213,0.30611907836408864,0.33227403149998813
A,two_to_one/L1/pattern,current,4116,0.0014577259475218659,0.0004885168026350245,0.002574791564492398
A,two_to_one/L1/pattern,one,4116,0.9948979591836735,0.9925805642032526,0.9968788637488081
A,two_to_one/L1/pattern,two,4116,0.0032798833819241984,0.001697370896158481,0.005194170967248252
A,two_to_one/L1/value,current,4116,0.00206511175898931,0.0008525928263852461,0.003434782095511737
A,two_to_one/L1/value,one,4116,0.9911321671525753,0.9877367084779664,0.9941424473080857
A,two_to_one/L1/value,two,4116,0.006316812439261419,0.003808269814512383,0.009111564542930765
A,two_to_one/L1/pattern_value,current,4116,0.0017006802721088435,0.0006070908207867897,0.003025938360777067
A,two_to_one/L1/pattern_value,one,4116,0.9923469387755102,0.989353912785441,0.994981793519735
A,two_to_one/L1/pattern_value,two,4116,0.005587949465500486,0.003358905001682743,0.008184905758909223
A,two_to_one/L1/query,current,4116,0.0015792031098153547,0.0006067961165048543,0.002763127876298377
A,two_to_one/L1/query,one,4116,0.9961127308066083,0.9941715637147717,0.9977963051254062
A,two_to_one/L1/query,two,4116,0.002186588921282799,0.0009787129924149743,0.003580114603336328
A,two_to_one/L1/key,current,4116,0.0015792031098153547,0.000602990834539315,0.0027933130554695937
A,two_to_one/L1/key,one,4116,0.9952623906705539,0.9930197697971757,0.9972141641544211
A,two_to_one/L1/key,two,4116,0.002793974732750243,0.0014531275564028602,0.004399956026085211
A,two_to_one/L1/query_key,current,4116,0.0014577259475218659,0.0004885168026350245,0.002574791564492398
A,two_to_one/L1/query_key,one,4116,0.9948979591836735,0.9925805642032526,0.9968788637488081
A,two_to_one/L1/query_key,two,4116,0.0032798833819241984,0.001697370896158481,0.005194170967248252
A,two_to_one/L1/attention_output,current,4116,0.0017006802721088435,0.0006070908207867897,0.003025938360777067
A,two_to_one/L1/attention_output,one,4116,0.9923469387755102,0.989353912785441,0.994981793519735
A,two_to_one/L1/attention_output,two,4116,0.005587949465500486,0.003358905001682743,0.008184905758909223
A,two_to_one/L1/mlp,current,4116,0.0031584062196307093,0.0017110417412750975,0.004772422745728166
A,two_to_one/L1/mlp,one,4116,0.989310009718173,0.9855638950357861,0.9927943771611334
A,two_to_one/L1/mlp,two,4116,0.006924198250728863,0.00429130685249085,0.010007803781964569
A,two_to_one/L1/block_input,current,4116,0.002186588921282799,0.0003669275929549902,0.004554260716275775
A,two_to_one/L1/block_input,one,4116,0.008381924198250729,0.005860770089285715,0.011121975067220728
A,two_to_one/L1/block_input,two,4116,0.9815354713313897,0.9768911267674822,0.98584335829401
A,two_to_one/L2/pattern,current,4116,0.008381924198250729,0.005860734335227867,0.011059309723940841
A,two_to_one/L2/pattern,one,4116,0.5244169096209913,0.5156656093357451,0.5331626392373631
A,two_to_one/L2/pattern,two,4116,0.45396015549076774,0.44432251784874127,0.46360306702250925
A,two_to_one/L2/value,current,4116,0.02077259475218659,0.017121293776340415,0.024503887865550193
A,two_to_one/L2/value,one,4116,0.8956511175898931,0.8870404630562012,0.9044029102741638
A,two_to_one/L2/value,two,4116,0.04033041788143829,0.03495143881955927,0.045830624853987326
A,two_to_one/L2/pattern_value,current,4116,0.09961127308066084,0.0932303427602692,0.1060980932867543
A,two_to_one/L2/pattern_value,one,4116,0.47278911564625853,0.46416148553596615,0.4813549567414598
A,two_to_one/L2/pattern_value,two,4116,0.3997813411078717,0.3896805025315299,0.4102691077586026
A,two_to_one/L2/query,current,4116,0.042031098153547136,0.036951190878072894,0.04747316737013868
A,two_to_one/L2/query,one,4116,0.8893343051506317,0.8819571845993083,0.896728942165843
A,two_to_one/L2/query,two,4116,0.06499028182701652,0.058721643469457976,0.0713411644344836
A,two_to_one/L2/key,current,4116,0.009718172983479106,0.007097126528613903,0.012497042586750787
A,two_to_one/L2/key,one,4116,0.9303935860058309,0.9229655270893898,0.9375914322706254
A,two_to_one/L2/key,two,4116,0.05490767735665695,0.048649963512527365,0.061195063525723445
A,two_to_one/L2/query_key,current,4116,0.008381924198250729,0.005860734335227867,0.011059309723940841
A,two_to_one/L2/query_key,one,4116,0.5244169096209913,0.5156656093357451,0.5331626392373631
A,two_to_one/L2/query_key,two,4116,0.45396015549076774,0.44432251784874127,0.46360306702250925
A,two_to_one/L2/attention_output,current,4116,0.09961127308066084,0.0932303427602692,0.1060980932867543
A,two_to_one/L2/attention_output,one,4116,0.47278911564625853,0.46416148553596615,0.4813549567414598
A,two_to_one/L2/attention_output,two,4116,0.3997813411078717,0.3896805025315299,0.4102691077586026
A,two_to_one/L2/mlp,current,4116,0.014941690962099125,0.011625018970119683,0.018622217733305624
A,two_to_one/L2/mlp,one,4116,0.2888726919339164,0.27485394877325,0.30278653584562787
A,two_to_one/L2/mlp,two,4116,0.6806365403304179,0.6656551730221382,0.6956788338320152
A,two_to_one/L2/block_input,current,4116,0.002186588921282799,0.0003669275929549902,0.004554260716275775
A,two_to_one/L2/block_input,one,4116,0.008381924198250729,0.005860770089285715,0.011121975067220728
A,two_to_one/L2/block_input,two,4116,0.9815354713313897,0.9768911267674822,0.98584335829401
A,two_to_one/L12/pattern,current,4116,0.006559766763848397,0.004584828481610797,0.00869671729544341
A,two_to_one/L12/pattern,one,4116,0.5232021379980564,0.5143948949624354,0.5318996632779989
A,two_to_one/L12/pattern,two,4116,0.45262390670553937,0.4430922293772092,0.4623447269434342
A,two_to_one/L12/value,current,4116,0.035835762876579205,0.031438189594314506,0.0402975154716908
A,two_to_one/L12/value,one,4116,0.8707482993197279,0.8613587107889457,0.8794275486848142
A,two_to_one/L12/value,two,4116,0.0824829931972789,0.07477733846724376,0.09031550634669835
A,two_to_one/L12/pattern_value,current,4116,0.08503401360544217,0.07827933147962254,0.09188978361941572
A,two_to_one/L12/pattern_value,one,4116,0.3826530612244898,0.3734070306692835,0.3920166426785216
A,two_to_one/L12/pattern_value,two,4116,0.5110544217687075,0.4998795303188827,0.522357593201361
A,two_to_one/L12/query,current,4116,0.0369290573372206,0.032199179043082664,0.041992003808260986
A,two_to_one/L12/query,one,4116,0.8920068027210885,0.8845586253962663,0.8994444203792953
A,two_to_one/L12/query,two,4116,0.0663265306122449,0.05985572536496351,0.07273841807670137
A,two_to_one/L12/key,current,4116,0.00923226433430515,0.006737125859222933,0.011904834230168372
A,two_to_one/L12/key,one,4116,0.9257774538386784,0.9180726733177322,0.9332931666745132
A,two_to_one/L12/key,two,4116,0.0597667638483965,0.05319142387107253,0.06639791451877737
A,two_to_one/L12/query_key,current,4116,0.006559766763848397,0.004584828481610797,0.00869671729544341
A,two_to_one/L12/query_key,one,4116,0.5232021379980564,0.5143948949624354,0.5318996632779989
A,two_to_one/L12/query_key,two,4116,0.45262390670553937,0.4430922293772092,0.4623447269434342
A,two_to_one/L12/attention_output,current,4116,0.08503401360544217,0.07827933147962254,0.09188978361941572
A,two_to_one/L12/attention_output,one,4116,0.3826530612244898,0.3734070306692835,0.3920166426785216
A,two_to_one/L12/attention_output,two,4116,0.5110544217687075,0.4998795303188827,0.522357593201361
A,two_to_one/L12/mlp,current,4116,0.034742468415937804,0.0298906439854192,0.039895126041689856
A,two_to_one/L12/mlp,one,4116,0.2751457725947522,0.26164622429037115,0.28889337600934023
A,two_to_one/L12/mlp,two,4116,0.673712342079689,0.6580159938541233,0.6892091331403852
A,two_to_one/L12/block_input,current,4116,0.002186588921282799,0.0003669275929549902,0.004554260716275775
A,two_to_one/L12/block_input,one,4116,0.008381924198250729,0.005860770089285715,0.011121975067220728
A,two_to_one/L12/block_input,two,4116,0.9815354713313897,0.9768911267674822,0.98584335829401
A,two_to_one/L2_answer/pattern,current,4116,0.008381924198250729,0.005860734335227867,0.011059309723940841
A,two_to_one/L2_answer/pattern,one,4116,0.5244169096209913,0.5156656093357451,0.5331626392373631
A,two_to_one/L2_answer/pattern,two,4116,0.45396015549076774,0.44432251784874127,0.46360306702250925
C,raw_to_one/L1/pattern,current,4116,0.001336248785228377,0.00036863867934155476,0.0024219085885239773
C,raw_to_one/L1/pattern,one,4116,0.9956268221574344,0.9931821221961399,0.9976869323319519
C,raw_to_one/L1/pattern,two,4116,0.002186588921282799,0.0006236904917798598,0.004197750100279976
C,raw_to_one/L1/value,current,4116,0.013848396501457727,0.01038104543234001,0.01767393378671477
C,raw_to_one/L1/value,one,4116,0.9801992225461613,0.9752965323970554,0.9847348800465099
C,raw_to_one/L1/value,two,4116,0.002186588921282799,0.0008493032692163463,0.0037926057310561164
C,raw_to_one/L1/pattern_value,current,4116,0.015549076773566569,0.01192469748038077,0.019610409158475933
C,raw_to_one/L1/pattern_value,one,4116,0.9780126336248786,0.9728349532700401,0.9829070853642177
C,raw_to_one/L1/pattern_value,two,4116,0.002672497570456754,0.0012141742721778427,0.004380654549125427
C,raw_to_one/L1/query,current,4116,0.0010932944606413995,0.0002447965438302925,0.0020596324279871644
C,raw_to_one/L1/query,one,4116,0.9963556851311953,0.9940502929272266,0.9982066532537858
C,raw_to_one/L1/query,two,4116,0.0015792031098153547,0.0002420135527589545,0.003416300634455832
C,raw_to_one/L1/key,current,4116,0.0015792031098153547,0.0006075260359868736,0.002759117082533589
C,raw_to_one/L1/key,one,4116,0.9952623906705539,0.9929144724284439,0.9973171385441925
C,raw_to_one/L1/key,two,4116,0.00206511175898931,0.0006069434328720563,0.003990326481257557
C,raw_to_one/L1/query_key,current,4116,0.001336248785228377,0.00036863867934155476,0.0024219085885239773
C,raw_to_one/L1/query_key,one,4116,0.9956268221574344,0.9931821221961399,0.9976869323319519
C,raw_to_one/L1/query_key,two,4116,0.002186588921282799,0.0006236904917798598,0.004197750100279976
C,raw_to_one/L1/attention_output,current,4116,0.015549076773566569,0.01192469748038077,0.019610409158475933
C,raw_to_one/L1/attention_output,one,4116,0.9780126336248786,0.9728349532700401,0.9829070853642177
C,raw_to_one/L1/attention_output,two,4116,0.002672497570456754,0.0012141742721778427,0.004380654549125427
C,raw_to_one/L1/mlp,current,4116,0.008138969873663752,0.005591397695238049,0.010982411584252054
C,raw_to_one/L1/mlp,one,4116,0.9812925170068028,0.9765091474748602,0.9856658508971065
C,raw_to_one/L1/mlp,two,4116,0.0047376093294460644,0.0026776369255775007,0.007141445401240106
C,raw_to_one/L1/block_input,current,4116,0.9514091350826045,0.9431999367013766,0.9592186777623671
C,raw_to_one/L1/block_input,one,4116,0.034742468415937804,0.028825298847255248,0.040866217926978886
C,raw_to_one/L1/block_input,two,4116,0.0029154518950437317,0.001222187595353317,0.004849660523763337
C,raw_to_one/L2/pattern,current,4116,0.4576044703595724,0.43982791999739335,0.47663064829481544
C,raw_to_one/L2/pattern,one,4116,0.4715743440233236,0.4553308083653985,0.4873648181883533
C,raw_to_one/L2/pattern,two,4116,0.03231292517006803,0.02727923071192257,0.037530339397998554
C,raw_to_one/L2/value,current,4116,0.001336248785228377,0.0004780000584388428,0.0024474562646784395
C,raw_to_one/L2/value,one,4116,0.9699951409135082,0.9649608777792082,0.974919713249427
C,raw_to_one/L2/value,two,4116,0.010811467444120506,0.007973489356965185,0.013809474058993262
C,raw_to_one/L2/pattern_value,current,4116,0.43440233236151604,0.41479724597769185,0.4538614311510529
C,raw_to_one/L2/pattern_value,one,4116,0.40488338192419826,0.3885647825312918,0.42168535743149665
C,raw_to_one/L2/pattern_value,two,4116,0.059402332361516035,0.05286883116883117,0.06641635112861186
C,raw_to_one/L2/query,current,4116,0.43537414965986393,0.4185587476959523,0.4525603218076783
C,raw_to_one/L2/query,one,4116,0.5263605442176871,0.5102494528328746,0.5424522550017118
C,raw_to_one/L2/query,two,4116,0.01336248785228377,0.010248888663716755,0.016719166464744365
C,raw_to_one/L2/key,current,4116,0.1489310009718173,0.1382821586422315,0.15963150261500964
C,raw_to_one/L2/key,one,4116,0.8452380952380952,0.8347041803419782,0.8559605857286573
C,raw_to_one/L2/key,two,4116,0.001943634596695821,0.0006069434328720563,0.003681885125184094
C,raw_to_one/L2/query_key,current,4116,0.4576044703595724,0.43982791999739335,0.47663064829481544
C,raw_to_one/L2/query_key,one,4116,0.4715743440233236,0.4553308083653985,0.4873648181883533
C,raw_to_one/L2/query_key,two,4116,0.03231292517006803,0.02727923071192257,0.037530339397998554
C,raw_to_one/L2/attention_output,current,4116,0.43440233236151604,0.41479724597769185,0.4538614311510529
C,raw_to_one/L2/attention_output,one,4116,0.40488338192419826,0.3885647825312918,0.42168535743149665
C,raw_to_one/L2/attention_output,two,4116,0.059402332361516035,0.05286883116883117,0.06641635112861186
C,raw_to_one/L2/mlp,current,4116,0.8395286686103013,0.82639885739029,0.8525945023371349
C,raw_to_one/L2/mlp,one,4116,0.11746841593780369,0.10663383501858119,0.12843757212826376
C,raw_to_one/L2/mlp,two,4116,0.019071914480077744,0.015206801640617981,0.02304267263906528
C,raw_to_one/L2/block_input,current,4116,0.9514091350826045,0.9431999367013766,0.9592186777623671
C,raw_to_one/L2/block_input,one,4116,0.034742468415937804,0.028825298847255248,0.040866217926978886
C,raw_to_one/L2/block_input,two,4116,0.0029154518950437317,0.001222187595353317,0.004849660523763337
C,raw_to_one/L12/pattern,current,4116,0.46586491739552965,0.44742618170092896,0.4848208386189103
C,raw_to_one/L12/pattern,one,4116,0.47242468415937805,0.45608800791305937,0.4886074016046234
C,raw_to_one/L12/pattern,two,4116,0.026117589893100097,0.021430204877696434,0.031137628932324652
C,raw_to_one/L12/value,current,4116,0.01044703595724004,0.007675024706538268,0.013510254038359584
C,raw_to_one/L12/value,one,4116,0.9642857142857143,0.9583026955465075,0.9698549372102614
C,raw_to_one/L12/value,two,4116,0.008381924198250729,0.005885144359740666,0.011114055312747659
C,raw_to_one/L12/pattern_value,current,4116,0.46051992225461613,0.4407512887672299,0.48006870812469205
C,raw_to_one/L12/pattern_value,one,4116,0.4036686103012634,0.3872524131633272,0.42001021134713895
C,raw_to_one/L12/pattern_value,two,4116,0.04907677356656948,0.043076498136905804,0.05555555555555555
C,raw_to_one/L12/query,current,4116,0.4500728862973761,0.43317007980083894,0.46712380057131625
C,raw_to_one/L12/query,one,4116,0.5140913508260447,0.49806653920652816,0.5297535998104403
C,raw_to_one/L12/query,two,4116,0.013241010689990281,0.010048701010029163,0.016715933627955926
C,raw_to_one/L12/key,current,4116,0.15136054421768708,0.14087811995503374,0.16187602328758283
C,raw_to_one/L12/key,one,4116,0.841958211856171,0.8312867451241853,0.8526810986250348
C,raw_to_one/L12/key,two,4116,0.0023080660835762875,0.0007281509224596726,0.004247766473869033
C,raw_to_one/L12/query_key,current,4116,0.46586491739552965,0.44742618170092896,0.4848208386189103
C,raw_to_one/L12/query_key,one,4116,0.47242468415937805,0.45608800791305937,0.4886074016046234
C,raw_to_one/L12/query_key,two,4116,0.026117589893100097,0.021430204877696434,0.031137628932324652
C,raw_to_one/L12/attention_output,current,4116,0.46051992225461613,0.4407512887672299,0.48006870812469205
C,raw_to_one/L12/attention_output,one,4116,0.4036686103012634,0.3872524131633272,0.42001021134713895
C,raw_to_one/L12/attention_output,two,4116,0.04907677356656948,0.043076498136905804,0.05555555555555555
C,raw_to_one/L12/mlp,current,4116,0.8508260447035957,0.8380728603790839,0.8632414389155052
C,raw_to_one/L12/mlp,one,4116,0.11090864917395529,0.10085525714464394,0.12092931336673918
C,raw_to_one/L12/mlp,two,4116,0.019922254616132166,0.015715397980708503,0.02436677780715784
C,raw_to_one/L12/block_input,current,4116,0.9514091350826045,0.9431999367013766,0.9592186777623671
C,raw_to_one/L12/block_input,one,4116,0.034742468415937804,0.028825298847255248,0.040866217926978886
C,raw_to_one/L12/block_input,two,4116,0.0029154518950437317,0.001222187595353317,0.004849660523763337
C,raw_to_one/L2_answer/pattern,current,4116,0.4576044703595724,0.43982791999739335,0.47663064829481544
C,raw_to_one/L2_answer/pattern,one,4116,0.4715743440233236,0.4553308083653985,0.4873648181883533
C,raw_to_one/L2_answer/pattern,two,4116,0.03231292517006803,0.02727923071192257,0.037530339397998554
C,raw_to_two/L1/pattern,current,4116,0.002551020408163265,0.0013220677808449353,0.0040000242483026185
C,raw_to_two/L1/pattern,one,4116,0.01761418853255588,0.013231060021876706,0.022088933169771913
C,raw_to_two/L1/pattern,two,4116,0.9368318756073858,0.9273344439915403,0.9461335512282593
C,raw_to_two/L1/value,current,4116,0.0071671525753158405,0.005030613150834172,0.00955895705739923
C,raw_to_two/L1/value,one,4116,0.047133138969873666,0.03915512318595918,0.05550270939715071
C,raw_to_two/L1/value,two,4116,0.9033041788143829,0.891103540207295,0.9152284748248396
C,raw_to_two/L1/pattern_value,current,4116,0.00826044703595724,0.005903507843074683,0.010848132243183437
C,raw_to_two/L1/pattern_value,one,4116,0.050170068027210885,0.041829276573473635,0.05895039539899353
C,raw_to_two/L1/pattern_value,two,4116,0.9003887269193391,0.8878697822022995,0.9125737398379834
C,raw_to_two/L1/query,current,4116,0.002186588921282799,0.0010951503109606295,0.0034956816327356348
C,raw_to_two/L1/query,one,4116,0.017735665694849367,0.01329257170048144,0.022166535062938225
C,raw_to_two/L1/query,two,4116,0.9379251700680272,0.9286407620950311,0.9470494306770855
C,raw_to_two/L1/key,current,4116,0.002186588921282799,0.0010866874762637316,0.003533203016380257
C,raw_to_two/L1/key,one,4116,0.01749271137026239,0.013070144337098714,0.021897215774146436
C,raw_to_two/L1/key,two,4116,0.9392614188532555,0.929732680811939,0.9484525104634574
C,raw_to_two/L1/query_key,current,4116,0.002551020408163265,0.0013220677808449353,0.0040000242483026185
C,raw_to_two/L1/query_key,one,4116,0.01761418853255588,0.013231060021876706,0.022088933169771913
C,raw_to_two/L1/query_key,two,4116,0.9368318756073858,0.9273344439915403,0.9461335512282593
C,raw_to_two/L1/attention_output,current,4116,0.00826044703595724,0.005903507843074683,0.010848132243183437
C,raw_to_two/L1/attention_output,one,4116,0.050170068027210885,0.041829276573473635,0.05895039539899353
C,raw_to_two/L1/attention_output,two,4116,0.9003887269193391,0.8878697822022995,0.9125737398379834
C,raw_to_two/L1/mlp,current,4116,0.005466472303206997,0.0035099611074668573,0.007675445171756447
C,raw_to_two/L1/mlp,one,4116,0.0369290573372206,0.030159854881875232,0.04406788870288434
C,raw_to_two/L1/mlp,two,4116,0.8713556851311953,0.8588926092280412,0.8837069823746503
C,raw_to_two/L1/block_input,current,4116,0.9514091350826045,0.9431999367013766,0.9592186777623671
C,raw_to_two/L1/block_input,one,4116,0.034742468415937804,0.028825298847255248,0.040866217926978886
C,raw_to_two/L1/block_input,two,4116,0.0029154518950437317,0.001222187595353317,0.004849660523763337
C,raw_to_two/L2/pattern,current,4116,0.06511175898931001,0.05797807551766139,0.0723572090424347
C,raw_to_two/L2/pattern,one,4116,0.14164237123420798,0.13088545677827215,0.15270788734439975
C,raw_to_two/L2/pattern,two,4116,0.3227648202137998,0.3082191087128506,0.33740542303667337
C,raw_to_two/L2/value,current,4116,0.0009718172983479105,0.00024015369836695484,0.0019521717911176184
C,raw_to_two/L2/value,one,4116,0.09159378036929057,0.08169125641114376,0.10163798043702235
C,raw_to_two/L2/value,two,4116,0.8287172011661808,0.8142546215346581,0.8427527843217342
C,raw_to_two/L2/pattern_value,current,4116,0.03595724003887269,0.030678839749002627,0.04130012454768397
C,raw_to_two/L2/pattern_value,one,4116,0.1933916423712342,0.1824415449880423,0.20473430610034582
C,raw_to_two/L2/pattern_value,two,4116,0.27113702623906705,0.2609163950859633,0.28190211685404454
C,raw_to_two/L2/query,current,4116,0.09256559766763849,0.08325218191947015,0.10202372347183461
C,raw_to_two/L2/query,one,4116,0.1422497570456754,0.1329735559378584,0.15152317359327333
C,raw_to_two/L2/query,two,4116,0.34706025267249757,0.333250067704331,0.3615094036867668
C,raw_to_two/L2/key,current,4116,0.17747813411078717,0.16484317582296323,0.19033209776886595
C,raw_to_two/L2/key,one,4116,0.047619047619047616,0.04117737809714225,0.053892962835978456
C,raw_to_two/L2/key,two,4116,0.6694606413994169,0.656204900930394,0.6827756985026927
C,raw_to_two/L2/query_key,current,4116,0.06511175898931001,0.05797807551766139,0.0723572090424347
C,raw_to_two/L2/query_key,one,4116,0.14164237123420798,0.13088545677827215,0.15270788734439975
C,raw_to_two/L2/query_key,two,4116,0.3227648202137998,0.3082191087128506,0.33740542303667337
C,raw_to_two/L2/attention_output,current,4116,0.03595724003887269,0.030678839749002627,0.04130012454768397
C,raw_to_two/L2/attention_output,one,4116,0.1933916423712342,0.1824415449880423,0.20473430610034582
C,raw_to_two/L2/attention_output,two,4116,0.27113702623906705,0.2609163950859633,0.28190211685404454
C,raw_to_two/L2/mlp,current,4116,0.8403790087463557,0.8266860043509789,0.8531777791778495
C,raw_to_two/L2/mlp,one,4116,0.07835276967930029,0.06944698167801329,0.08744640314450146
C,raw_to_two/L2/mlp,two,4116,0.051992225461613216,0.045115154348964584,0.05893178521193705
C,raw_to_two/L2/block_input,current,4116,0.9514091350826045,0.9431999367013766,0.9592186777623671
C,raw_to_two/L2/block_input,one,4116,0.034742468415937804,0.028825298847255248,0.040866217926978886
C,raw_to_two/L2/block_input,two,4116,0.0029154518950437317,0.001222187595353317,0.004849660523763337
C,raw_to_two/L12/pattern,current,4116,0.06790573372206025,0.060676163881489185,0.07515212975025945
C,raw_to_two/L12/pattern,one,4116,0.13629737609329445,0.12597181729834792,0.14699530587241827
C,raw_to_two/L12/pattern,two,4116,0.32215743440233235,0.3079325087857489,0.3365406905807711
C,raw_to_two/L12/value,current,4116,0.011661807580174927,0.008640970018759853,0.015136926459886013
C,raw_to_two/L12/value,one,4116,0.1163751214771623,0.10535831588254291,0.12743197055203012
C,raw_to_two/L12/value,two,4116,0.7983479105928085,0.782100542177422,0.8142064459477798
C,raw_to_two/L12/pattern_value,current,4116,0.0608600583090379,0.05348523885494798,0.06839934605633513
C,raw_to_two/L12/pattern_value,one,4116,0.23177842565597667,0.21978005436278558,0.2443336902538756
C,raw_to_two/L12/pattern_value,two,4116,0.2586248785228377,0.24831954887131025,0.26925852890956503
C,raw_to_two/L12/query,current,4116,0.10507774538386783,0.09497066867570936,0.11529094564375116
C,raw_to_two/L12/query,one,4116,0.1379980563654033,0.12873938349076222,0.147521705996803
C,raw_to_two/L12/query,two,4116,0.34438775510204084,0.3299007520574824,0.35865634408718083
C,raw_to_two/L12/key,current,4116,0.18002915451895043,0.16734761657647626,0.19287520415483744
C,raw_to_two/L12/key,one,4116,0.047862001943634595,0.04159671387633777,0.05406741679897825
C,raw_to_two/L12/key,two,4116,0.6671525753158406,0.6540605927936852,0.6804589792965862
C,raw_to_two/L12/query_key,current,4116,0.06790573372206025,0.060676163881489185,0.07515212975025945
C,raw_to_two/L12/query_key,one,4116,0.13629737609329445,0.12597181729834792,0.14699530587241827
C,raw_to_two/L12/query_key,two,4116,0.32215743440233235,0.3079325087857489,0.3365406905807711
C,raw_to_two/L12/attention_output,current,4116,0.0608600583090379,0.05348523885494798,0.06839934605633513
C,raw_to_two/L12/attention_output,one,4116,0.23177842565597667,0.21978005436278558,0.2443336902538756
C,raw_to_two/L12/attention_output,two,4116,0.2586248785228377,0.24831954887131025,0.26925852890956503
C,raw_to_two/L12/mlp,current,4116,0.8567784256559767,0.8436407282165415,0.8693967026189975
C,raw_to_two/L12/mlp,one,4116,0.07361516034985423,0.06513306919244996,0.08257480973270363
C,raw_to_two/L12/mlp,two,4116,0.04033041788143829,0.03433895932939163,0.046882498419526526
C,raw_to_two/L12/block_input,current,4116,0.9514091350826045,0.9431999367013766,0.9592186777623671
C,raw_to_two/L12/block_input,one,4116,0.034742468415937804,0.028825298847255248,0.040866217926978886
C,raw_to_two/L12/block_input,two,4116,0.0029154518950437317,0.001222187595353317,0.004849660523763337
C,raw_to_two/L2_answer/pattern,current,4116,0.06511175898931001,0.05797807551766139,0.0723572090424347
C,raw_to_two/L2_answer/pattern,one,4116,0.14164237123420798,0.13088545677827215,0.15270788734439975
C,raw_to_two/L2_answer/pattern,two,4116,0.3227648202137998,0.3082191087128506,0.33740542303667337
C,one_to_raw/L1/pattern,current,4116,0.9511661807580175,0.942835686668008,0.9589731747823372
C,one_to_raw/L1/pattern,one,4116,0.03717201166180758,0.03107546960670244,0.0436539459921157
C,one_to_raw/L1/pattern,two,4116,0.0024295432458697765,0.0009823062151764074,0.004110450590766644
C,one_to_raw/L1/value,current,4116,0.9240767735665695,0.9130484861485353,0.9345151267291745
C,one_to_raw/L1/value,one,4116,0.05879494655004859,0.0502915275243814,0.06752136752136752
C,one_to_raw/L1/value,two,4116,0.004859086491739553,0.002815160254048364,0.007144587812927161
C,one_to_raw/L1/pattern_value,current,4116,0.9240767735665695,0.9131946899135752,0.9344666683972795
C,one_to_raw/L1/pattern_value,one,4116,0.06000971817298348,0.0514881712683998,0.06868943654268246
C,one_to_raw/L1/pattern_value,two,4116,0.004616132167152575,0.0025374423825238733,0.006984754126231178
C,one_to_raw/L1/query,current,4116,0.9521379980563655,0.943814563062828,0.9597537232329352
C,one_to_raw/L1/query,one,4116,0.036564625850340135,0.030456591103328188,0.04291002128743059
C,one_to_raw/L1/query,two,4116,0.002672497570456754,0.001114095847318068,0.004556678311409177
C,one_to_raw/L1/key,current,4116,0.951773566569485,0.9433608798839109,0.9596562658432476
C,one_to_raw/L1/key,one,4116,0.03486394557823129,0.028885926845125885,0.04111930086623655
C,one_to_raw/L1/key,two,4116,0.002672497570456754,0.0012112329763386597,0.004382841233836965
C,one_to_raw/L1/query_key,current,4116,0.9511661807580175,0.942835686668008,0.9589731747823372
C,one_to_raw/L1/query_key,one,4116,0.03717201166180758,0.03107546960670244,0.0436539459921157
C,one_to_raw/L1/query_key,two,4116,0.0024295432458697765,0.0009823062151764074,0.004110450590766644
C,one_to_raw/L1/attention_output,current,4116,0.9240767735665695,0.9131946899135752,0.9344666683972795
C,one_to_raw/L1/attention_output,one,4116,0.06000971817298348,0.0514881712683998,0.06868943654268246
C,one_to_raw/L1/attention_output,two,4116,0.004616132167152575,0.0025374423825238733,0.006984754126231178
C,one_to_raw/L1/mlp,current,4116,0.9501943634596696,0.9423634519035634,0.9577065813772213
C,one_to_raw/L1/mlp,one,4116,0.0336491739552964,0.028217860987452204,0.03954606574612493
C,one_to_raw/L1/mlp,two,4116,0.0023080660835762875,0.0009711094925952901,0.004003882552778452
C,one_to_raw/L1/block_input,current,4116,0.0008503401360544217,0.00012330304261681642,0.0017040233429439242
C,one_to_raw/L1/block_input,one,4116,0.9968415937803693,0.9947226313205695,0.9985426281272771
C,one_to_raw/L1/block_input,two,4116,0.0014577259475218659,0.00012135848707661209,0.003268053041424953
C,one_to_raw/L2/pattern,current,4116,0.8293245869776482,0.8157893114413655,0.8426221296577143
C,one_to_raw/L2/pattern,one,4116,0.16727405247813412,0.1540793856938733,0.1806259257386512
C,one_to_raw/L2/pattern,two,4116,0.0007288629737609329,0.0,0.0016904538045732264
C,one_to_raw/L2/value,current,4116,0.9670796890184645,0.9604456828560534,0.9732642752726208
C,one_to_raw/L2/value,one,4116,0.026603498542274052,0.021680548750612445,0.03176177947641236
C,one_to_raw/L2/value,two,4116,0.0008503401360544217,0.00012100677637947725,0.0017275419545903258
C,one_to_raw/L2/pattern_value,current,4116,0.8543488824101069,0.842610432689276,0.8662992822128852
C,one_to_raw/L2/pattern_value,one,4116,0.14152089407191448,0.13017708372249412,0.1528516518289214
C,one_to_raw/L2/pattern_value,two,4116,0.0009718172983479105,0.00024154589371980676,0.0019503276648061678
C,one_to_raw/L2/query,current,4116,0.9081632653061225,0.8979792941476903,0.9181763048112355
C,one_to_raw/L2/query,one,4116,0.08855685131195336,0.0789405512306867,0.09820196849172816
C,one_to_raw/L2/query,two,4116,0.0,0.0,0.0
C,one_to_raw/L2/key,current,4116,0.967687074829932,0.9617315166568018,0.9733415816033103
C,one_to_raw/L2/key,one,4116,0.02684645286686103,0.022015559318216166,0.03169962949001602
C,one_to_raw/L2/key,two,4116,0.00048590864917395527,0.0,0.001221605313317757
C,one_to_raw/L2/query_key,current,4116,0.8293245869776482,0.8157893114413655,0.8426221296577143
C,one_to_raw/L2/query_key,one,4116,0.16727405247813412,0.1540793856938733,0.1806259257386512
C,one_to_raw/L2/query_key,two,4116,0.0007288629737609329,0.0,0.0016904538045732264
C,one_to_raw/L2/attention_output,current,4116,0.8543488824101069,0.842610432689276,0.8662992822128852
C,one_to_raw/L2/attention_output,one,4116,0.14152089407191448,0.13017708372249412,0.1528516518289214
C,one_to_raw/L2/attention_output,two,4116,0.0009718172983479105,0.00024154589371980676,0.0019503276648061678
C,one_to_raw/L2/mlp,current,4116,0.2469630709426628,0.23216448403236567,0.2623563611121165
C,one_to_raw/L2/mlp,one,4116,0.7470845481049563,0.7317192175177317,0.7618821303807899
C,one_to_raw/L2/mlp,two,4116,0.002793974732750243,0.0014609203798392988,0.004300096531404938
C,one_to_raw/L2/block_input,current,4116,0.0008503401360544217,0.00012330304261681642,0.0017040233429439242
C,one_to_raw/L2/block_input,one,4116,0.9968415937803693,0.9947226313205695,0.9985426281272771
C,one_to_raw/L2/block_input,two,4116,0.0014577259475218659,0.00012135848707661209,0.003268053041424953
C,one_to_raw/L12/pattern,current,4116,0.826287657920311,0.8124080396754371,0.8399660635577437
C,one_to_raw/L12/pattern,one,4116,0.17031098153547133,0.1569820667070981,0.1838169558952512
C,one_to_raw/L12/pattern,two,4116,0.00048590864917395527,0.0,0.001221001221001221
C,one_to_raw/L12/value,current,4116,0.9540816326530612,0.9463849535906205,0.961388829569402
C,one_to_raw/L12/value,one,4116,0.038872691933916424,0.0325083693716701,0.045477163398580246
C,one_to_raw/L12/value,two,4116,0.00206511175898931,0.0008455995711087045,0.003521190936628274
C,one_to_raw/L12/pattern_value,current,4116,0.8440233236151603,0.8316299393186701,0.856626979784339
C,one_to_raw/L12/pattern_value,one,4116,0.15391156462585034,0.14171278878612129,0.16593978325700287
C,one_to_raw/L12/pattern_value,two,4116,0.0010932944606413995,0.00012135848707661209,0.00243016319945737
C,one_to_raw/L12/query,current,4116,0.9058551992225462,0.8955005400684853,0.916165796130135
C,one_to_raw/L12/query,one,4116,0.09062196307094267,0.08078325996093674,0.10061708303767082
C,one_to_raw/L12/query,two,4116,0.00012147716229348882,0.0,0.0003685526329296297
C,one_to_raw/L12/key,current,4116,0.9680515063168125,0.9620971305895998,0.9736712436455798
C,one_to_raw/L12/key,one,4116,0.026482021379980562,0.021697167475945498,0.03137113581350104
C,one_to_raw/L12/key,two,4116,0.00048590864917395527,0.0,0.001221605313317757
C,one_to_raw/L12/query_key,current,4116,0.826287657920311,0.8124080396754371,0.8399660635577437
C,one_to_raw/L12/query_key,one,4116,0.17031098153547133,0.1569820667070981,0.1838169558952512
C,one_to_raw/L12/query_key,two,4116,0.00048590864917395527,0.0,0.001221001221001221
C,one_to_raw/L12/attention_output,current,4116,0.8440233236151603,0.8316299393186701,0.856626979784339
C,one_to_raw/L12/attention_output,one,4116,0.15391156462585034,0.14171278878612129,0.16593978325700287
C,one_to_raw/L12/attention_output,two,4116,0.0010932944606413995,0.00012135848707661209,0.00243016319945737
C,one_to_raw/L12/mlp,current,4116,0.2457482993197279,0.23099486678073822,0.2602079353600515
C,one_to_raw/L12/mlp,one,4116,0.7479348882410107,0.7334597364977067,0.762488217042341
C,one_to_raw/L12/mlp,two,4116,0.0018221574344023323,0.0007331378299120235,0.003143893591293833
C,one_to_raw/L12/block_input,current,4116,0.0008503401360544217,0.00012330304261681642,0.0017040233429439242
C,one_to_raw/L12/block_input,one,4116,0.9968415937803693,0.9947226313205695,0.9985426281272771
C,one_to_raw/L12/block_input,two,4116,0.0014577259475218659,0.00012135848707661209,0.003268053041424953
C,one_to_raw/L2_answer/pattern,current,4116,0.8293245869776482,0.8157893114413655,0.8426221296577143
C,one_to_raw/L2_answer/pattern,one,4116,0.16727405247813412,0.1540793856938733,0.1806259257386512
C,one_to_raw/L2_answer/pattern,two,4116,0.0007288629737609329,0.0,0.0016904538045732264
C,one_to_two/L1/pattern,current,4116,0.002672497570456754,0.0013483696984555038,0.004084168823537808
C,one_to_two/L1/pattern,one,4116,0.0184645286686103,0.013975903614457831,0.02332068501625169
C,one_to_two/L1/pattern,two,4116,0.935374149659864,0.9258517634662056,0.9445125026358332
C,one_to_two/L1/value,current,4116,0.004494655004859086,0.0027810526669353754,0.00632161223905677
C,one_to_two/L1/value,one,4116,0.07312925170068027,0.06281802957086248,0.08399518652226233
C,one_to_two/L1/value,two,4116,0.8815597667638484,0.8677186598834182,0.8949500997387919
C,one_to_two/L1/pattern_value,current,4116,0.005952380952380952,0.0039979889418939,0.008074615384218373
C,one_to_two/L1/pattern_value,one,4116,0.07665208940719145,0.06583423185996444,0.08842235220107647
C,one_to_two/L1/pattern_value,two,4116,0.8769436345966958,0.8624779973042944,0.8907851591392286
C,one_to_two/L1/query,current,4116,0.0017006802721088435,0.0007297450159816077,0.0028111346397120896
C,one_to_two/L1/query,one,4116,0.01761418853255588,0.013208895978486344,0.022200372321392336
C,one_to_two/L1/query,two,4116,0.9384110787172012,0.9288656799267933,0.9474066892874454
C,one_to_two/L1/key,current,4116,0.001943634596695821,0.0009720534629404617,0.0030517950836017643
C,one_to_two/L1/key,one,4116,0.018343051506316814,0.013770328009648244,0.023058055873254463
C,one_to_two/L1/key,two,4116,0.9381681243926142,0.9287113511791633,0.9473621117364663
C,one_to_two/L1/query_key,current,4116,0.002672497570456754,0.0013483696984555038,0.004084168823537808
C,one_to_two/L1/query_key,one,4116,0.0184645286686103,0.013975903614457831,0.02332068501625169
C,one_to_two/L1/query_key,two,4116,0.935374149659864,0.9258517634662056,0.9445125026358332
C,one_to_two/L1/attention_output,current,4116,0.005952380952380952,0.0039979889418939,0.008074615384218373
C,one_to_two/L1/attention_output,one,4116,0.07665208940719145,0.06583423185996444,0.08842235220107647
C,one_to_two/L1/attention_output,two,4116,0.8769436345966958,0.8624779973042944,0.8907851591392286
C,one_to_two/L1/mlp,current,4116,0.05794460641399417,0.05152010417892962,0.06469165659008465
C,one_to_two/L1/mlp,one,4116,0.04701166180758017,0.039920684946177544,0.05445230452084015
C,one_to_two/L1/mlp,two,4116,0.7690719144800777,0.7546303509605679,0.7829410337296773
C,one_to_two/L1/block_input,current,4116,0.0008503401360544217,0.00012330304261681642,0.0017040233429439242
C,one_to_two/L1/block_input,one,4116,0.9968415937803693,0.9947226313205695,0.9985426281272771
C,one_to_two/L1/block_input,two,4116,0.0014577259475218659,0.00012135848707661209,0.003268053041424953
C,one_to_two/L2/pattern,current,4116,0.005952380952380952,0.003985267155578837,0.00812717205904221
C,one_to_two/L2/pattern,one,4116,0.5219873663751214,0.5104698806615162,0.5343458805211396
C,one_to_two/L2/pattern,two,4116,0.23530126336248786,0.22355442599663133,0.2472516724058081
C,one_to_two/L2/value,current,4116,0.011904761904761904,0.009225528981436939,0.014774129055709946
C,one_to_two/L2/value,one,4116,0.11127308066083576,0.10150808394374312,0.12140304781614676
C,one_to_two/L2/value,two,4116,0.7877793974732751,0.7735951632998108,0.8016502197993817
C,one_to_two/L2/pattern_value,current,4116,0.012633624878522837,0.009225685977682497,0.016137052943635738
C,one_to_two/L2/pattern_value,one,4116,0.7749028182701652,0.7636654549236105,0.7856629092441891
C,one_to_two/L2/pattern_value,two,4116,0.09050048590864918,0.08246521226866908,0.09850017303671707
C,one_to_two/L2/query,current,4116,0.11273080660835763,0.1043845702366682,0.12141197126066457
C,one_to_two/L2/query,one,4116,0.43756073858114675,0.42654578877893795,0.4489028821739928
C,one_to_two/L2/query,two,4116,0.22327502429543244,0.2117943726379443,0.23479256501831317
C,one_to_two/L2/key,current,4116,0.12900874635568513,0.1198781862205591,0.13802855400439987
C,one_to_two/L2/key,one,4116,0.06426141885325559,0.05700543874523699,0.07165487561699142
C,one_to_two/L2/key,two,4116,0.6779640427599611,0.6659334207043314,0.6901238839533954
C,one_to_two/L2/query_key,current,4116,0.005952380952380952,0.003985267155578837,0.00812717205904221
C,one_to_two/L2/query_key,one,4116,0.5219873663751214,0.5104698806615162,0.5343458805211396
C,one_to_two/L2/query_key,two,4116,0.23530126336248786,0.22355442599663133,0.2472516724058081
C,one_to_two/L2/attention_output,current,4116,0.012633624878522837,0.009225685977682497,0.016137052943635738
C,one_to_two/L2/attention_output,one,4116,0.7749028182701652,0.7636654549236105,0.7856629092441891
C,one_to_two/L2/attention_output,two,4116,0.09050048590864918,0.08246521226866908,0.09850017303671707
C,one_to_two/L2/mlp,current,4116,0.0007288629737609329,0.00012251824008223478,0.0014655862231449947
C,one_to_two/L2/mlp,one,4116,0.9784985422740525,0.9725181217588826,0.9837010124379355
C,one_to_two/L2/mlp,two,4116,0.014698736637512148,0.01083712365556009,0.01906177701777327
C,one_to_two/L2/block_input,current,4116,0.0008503401360544217,0.00012330304261681642,0.0017040233429439242
C,one_to_two/L2/block_input,one,4116,0.9968415937803693,0.9947226313205695,0.9985426281272771
C,one_to_two/L2/block_input,two,4116,0.0014577259475218659,0.00012135848707661209,0.003268053041424953
C,one_to_two/L12/pattern,current,4116,0.003401360544217687,0.0018296254622847134,0.005195778135588804
C,one_to_two/L12/pattern,one,4116,0.5293974732750243,0.5173576114717785,0.5419018802863141
C,one_to_two/L12/pattern,two,4116,0.23299319727891157,0.22119550102464833,0.2451052668630205
C,one_to_two/L12/value,current,4116,0.025631681243926143,0.021307186374679807,0.029968877226927846
C,one_to_two/L12/value,one,4116,0.135932944606414,0.12335594383188447,0.1488767434167715
C,one_to_two/L12/value,two,4116,0.7325072886297376,0.7163332541004368,0.7483731411263217
C,one_to_two/L12/pattern_value,current,4116,0.009596695821185617,0.0068897459359458235,0.012633820856607922
C,one_to_two/L12/pattern_value,one,4116,0.7710155490767736,0.7595428428333055,0.781675649652714
C,one_to_two/L12/pattern_value,two,4116,0.09074344023323615,0.08268541254999184,0.09898647457154068
C,one_to_two/L12/query,current,4116,0.11066569484936832,0.10224362998550825,0.119140625
C,one_to_two/L12/query,one,4116,0.43428085519922255,0.423057273088464,0.4457444124022487
C,one_to_two/L12/query,two,4116,0.22485422740524783,0.21395624012192369,0.23576006332203558
C,one_to_two/L12/key,current,4116,0.1270651117589893,0.11802761763130278,0.1359497601160359
C,one_to_two/L12/key,one,4116,0.0696064139941691,0.061920836826352396,0.07770631121573181
C,one_to_two/L12/key,two,4116,0.6722546161321672,0.6600294895709319,0.684565515481985
C,one_to_two/L12/query_key,current,4116,0.003401360544217687,0.0018296254622847134,0.005195778135588804
C,one_to_two/L12/query_key,one,4116,0.5293974732750243,0.5173576114717785,0.5419018802863141
C,one_to_two/L12/query_key,two,4116,0.23299319727891157,0.22119550102464833,0.2451052668630205
C,one_to_two/L12/attention_output,current,4116,0.009596695821185617,0.0068897459359458235,0.012633820856607922
C,one_to_two/L12/attention_output,one,4116,0.7710155490767736,0.7595428428333055,0.781675649652714
C,one_to_two/L12/attention_output,two,4116,0.09074344023323615,0.08268541254999184,0.09898647457154068
C,one_to_two/L12/mlp,current,4116,0.001943634596695821,0.0008474524984716632,0.0032569557160555345
C,one_to_two/L12/mlp,one,4116,0.9834791059280855,0.9782504191200274,0.9882680922178366
C,one_to_two/L12/mlp,two,4116,0.008138969873663752,0.005124294832656461,0.01153663177925785
C,one_to_two/L12/block_input,current,4116,0.0008503401360544217,0.00012330304261681642,0.0017040233429439242
C,one_to_two/L12/block_input,one,4116,0.9968415937803693,0.9947226313205695,0.9985426281272771
C,one_to_two/L12/block_input,two,4116,0.0014577259475218659,0.00012135848707661209,0.003268053041424953
C,one_to_two/L2_answer/pattern,current,4116,0.005952380952380952,0.003985267155578837,0.00812717205904221
C,one_to_two/L2_answer/pattern,one,4116,0.5219873663751214,0.5104698806615162,0.5343458805211396
C,one_to_two/L2_answer/pattern,two,4116,0.23530126336248786,0.22355442599663133,0.2472516724058081
C,two_to_raw/L1/pattern,current,4116,0.9521379980563655,0.9438108540905942,0.9600004788125448
C,two_to_raw/L1/pattern,one,4116,0.03522837706511176,0.029176350714988825,0.0415651122924158
C,two_to_raw/L1/pattern,two,4116,0.0037657920310981536,0.0018110694197296562,0.005997601220054169
C,two_to_raw/L1/value,current,4116,0.9188532555879495,0.9070044878129118,0.9300128563909035
C,two_to_raw/L1/value,one,4116,0.04871234207968902,0.04123828125138318,0.056426522923054515
C,two_to_raw/L1/value,two,4116,0.014091350826044704,0.010592122642902584,0.01797278179319678
C,two_to_raw/L1/pattern_value,current,4116,0.9201895043731778,0.908130264589003,0.931415528091004
C,two_to_raw/L1/pattern_value,one,4116,0.047862001943634595,0.04029510020060511,0.05543323946407647
C,two_to_raw/L1/pattern_value,two,4116,0.014577259475218658,0.010798284422893545,0.018669234634385478
C,two_to_raw/L1/query,current,4116,0.9511661807580175,0.9426529963253937,0.9590708840395373
C,two_to_raw/L1/query,one,4116,0.035592808551992226,0.02944695020461764,0.041992575397959794
C,two_to_raw/L1/query,two,4116,0.0031584062196307093,0.0014555864277273518,0.005118331055344397
C,two_to_raw/L1/key,current,4116,0.9514091350826045,0.9430143260816723,0.9592533291921754
C,two_to_raw/L1/key,one,4116,0.03462099125364432,0.028738396275563072,0.040898361577041215
C,two_to_raw/L1/key,two,4116,0.0032798833819241984,0.0014644594200396482,0.005319213270337316
C,two_to_raw/L1/query_key,current,4116,0.9521379980563655,0.9438108540905942,0.9600004788125448
C,two_to_raw/L1/query_key,one,4116,0.03522837706511176,0.029176350714988825,0.0415651122924158
C,two_to_raw/L1/query_key,two,4116,0.0037657920310981536,0.0018110694197296562,0.005997601220054169
C,two_to_raw/L1/attention_output,current,4116,0.9201895043731778,0.908130264589003,0.931415528091004
C,two_to_raw/L1/attention_output,one,4116,0.047862001943634595,0.04029510020060511,0.05543323946407647
C,two_to_raw/L1/attention_output,two,4116,0.014577259475218658,0.010798284422893545,0.018669234634385478
C,two_to_raw/L1/mlp,current,4116,0.9589407191448007,0.9511549406090771,0.9662519234738634
C,two_to_raw/L1/mlp,one,4116,0.023566569484936833,0.018669446737846845,0.028716492628992625
C,two_to_raw/L1/mlp,two,4116,0.003401360544217687,0.0016001674233876756,0.005497605079320131
C,two_to_raw/L1/block_input,current,4116,0.001943634596695821,0.0009720534629404617,0.0030517950836017643
C,two_to_raw/L1/block_input,one,4116,0.017128279883381923,0.012823411082312277,0.021496562774585743
C,two_to_raw/L1/block_input,two,4116,0.9392614188532555,0.9297777709036062,0.9483818759550376
C,two_to_raw/L2/pattern,current,4116,0.8706268221574344,0.8568832962429789,0.8839090022815099
C,two_to_raw/L2/pattern,one,4116,0.0847910592808552,0.07457512373832395,0.09517515970066882
C,two_to_raw/L2/pattern,two,4116,0.03717201166180758,0.03163045347013003,0.04298036569387186
C,two_to_raw/L2/value,current,4116,0.9764334305150631,0.970522727524145,0.9819204269003089
C,two_to_raw/L2/value,one,4116,0.014698736637512148,0.01106182593361219,0.018629919677206057
C,two_to_raw/L2/value,two,4116,0.002793974732750243,0.0013603591429218716,0.004496021063131672
C,two_to_raw/L2/pattern_value,current,4116,0.939382896015549,0.9288830886439696,0.9493264027015303
C,two_to_raw/L2/pattern_value,one,4116,0.025388726919339164,0.01957466340775896,0.03165822949269615
C,two_to_raw/L2/pattern_value,two,4116,0.023080660835762875,0.018473111000632432,0.027818592268266728
C,two_to_raw/L2/query,current,4116,0.9314868804664723,0.9206794806010895,0.9417560088651289
C,two_to_raw/L2/query,one,4116,0.049927113702623906,0.0421820499335175,0.05796276316837795
C,two_to_raw/L2/query,two,4116,0.011054421768707483,0.008142897488624025,0.014268585131894485
C,two_to_raw/L2/key,current,4116,0.9650145772594753,0.957829767022114,0.9718796414348844
C,two_to_raw/L2/key,one,4116,0.026360544217687076,0.02115213594806572,0.03180514231674658
C,two_to_raw/L2/key,two,4116,0.002186588921282799,0.0008582428292586576,0.0037650147087262146
C,two_to_raw/L2/query_key,current,4116,0.8706268221574344,0.8568832962429789,0.8839090022815099
C,two_to_raw/L2/query_key,one,4116,0.0847910592808552,0.07457512373832395,0.09517515970066882
C,two_to_raw/L2/query_key,two,4116,0.03717201166180758,0.03163045347013003,0.04298036569387186
C,two_to_raw/L2/attention_output,current,4116,0.939382896015549,0.9288830886439696,0.9493264027015303
C,two_to_raw/L2/attention_output,one,4116,0.025388726919339164,0.01957466340775896,0.03165822949269615
C,two_to_raw/L2/attention_output,two,4116,0.023080660835762875,0.018473111000632432,0.027818592268266728
C,two_to_raw/L2/mlp,current,4116,0.7464771622934888,0.732958640098792,0.7602425861839478
C,two_to_raw/L2/mlp,one,4116,0.03389212827988338,0.028130734360143062,0.04013471411766096
C,two_to_raw/L2/mlp,two,4116,0.20238095238095238,0.19006624345247408,0.21433882767428689
C,two_to_raw/L2/block_input,current,4116,0.001943634596695821,0.0009720534629404617,0.0030517950836017643
C,two_to_raw/L2/block_input,one,4116,0.017128279883381923,0.012823411082312277,0.021496562774585743
C,two_to_raw/L2/block_input,two,4116,0.9392614188532555,0.9297777709036062,0.9483818759550376
C,two_to_raw/L12/pattern,current,4116,0.8714771622934888,0.8581849469467232,0.88437748866859
C,two_to_raw/L12/pattern,one,4116,0.0847910592808552,0.07471795050091098,0.09489420903001287
C,two_to_raw/L12/pattern,two,4116,0.03644314868804665,0.031086030089348467,0.04218779200325536
C,two_to_raw/L12/value,current,4116,0.9624635568513119,0.9544995981717268,0.9700715323388089
C,two_to_raw/L12/value,one,4116,0.01882896015549077,0.014626939027720373,0.023111578135570035
C,two_to_raw/L12/value,two,4116,0.009961127308066083,0.006872841875508068,0.013106796116504855
C,two_to_raw/L12/pattern_value,current,4116,0.9454567541302236,0.9354319058778446,0.9547984712376612
C,two_to_raw/L12/pattern_value,one,4116,0.016885325558794947,0.012323211008724756,0.022168102372951
C,two_to_raw/L12/pattern_value,two,4116,0.028304178814382897,0.022916269083969463,0.03389856632322514
C,two_to_raw/L12/query,current,4116,0.9320942662779398,0.9214580150842866,0.9424115913555993
C,two_to_raw/L12/query,one,4116,0.04956268221574344,0.0419291837773465,0.057664076637875615
C,two_to_raw/L12/query,two,4116,0.011540330417881437,0.008463869325794961,0.014898295754706263
C,two_to_raw/L12/key,current,4116,0.9648931000971818,0.9576619658931455,0.9718243148470616
C,two_to_raw/L12/key,one,4116,0.026117589893100097,0.020920233486924303,0.03165647581742758
C,two_to_raw/L12/key,two,4116,0.002551020408163265,0.0010895883777239709,0.004310370638034276
C,two_to_raw/L12/query_key,current,4116,0.8714771622934888,0.8581849469467232,0.88437748866859
C,two_to_raw/L12/query_key,one,4116,0.0847910592808552,0.07471795050091098,0.09489420903001287
C,two_to_raw/L12/query_key,two,4116,0.03644314868804665,0.031086030089348467,0.04218779200325536
C,two_to_raw/L12/attention_output,current,4116,0.9454567541302236,0.9354319058778446,0.9547984712376612
C,two_to_raw/L12/attention_output,one,4116,0.016885325558794947,0.012323211008724756,0.022168102372951
C,two_to_raw/L12/attention_output,two,4116,0.028304178814382897,0.022916269083969463,0.03389856632322514
C,two_to_raw/L12/mlp,current,4116,0.7717444120505345,0.7594841081962483,0.7843427468883629
C,two_to_raw/L12/mlp,one,4116,0.025388726919339164,0.020465003632840883,0.03067152617176542
C,two_to_raw/L12/mlp,two,4116,0.18865403304178816,0.17706217758356868,0.20026686884961314
C,two_to_raw/L12/block_input,current,4116,0.001943634596695821,0.0009720534629404617,0.0030517950836017643
C,two_to_raw/L12/block_input,one,4116,0.017128279883381923,0.012823411082312277,0.021496562774585743
C,two_to_raw/L12/block_input,two,4116,0.9392614188532555,0.9297777709036062,0.9483818759550376
C,two_to_raw/L2_answer/pattern,current,4116,0.8706268221574344,0.8568832962429789,0.8839090022815099
C,two_to_raw/L2_answer/pattern,one,4116,0.0847910592808552,0.07457512373832395,0.09517515970066882
C,two_to_raw/L2_answer/pattern,two,4116,0.03717201166180758,0.03163045347013003,0.04298036569387186
C,two_to_one/L1/pattern,current,4116,0.0012147716229348883,0.000364961284216993,0.002212974205192939
C,two_to_one/L1/pattern,one,4116,0.9952623906705539,0.9923245087887665,0.9975793079103118
C,two_to_one/L1/pattern,two,4116,0.00206511175898931,0.0003664793549963352,0.0043395454105434805
C,two_to_one/L1/value,current,4116,0.01445578231292517,0.0111110447523491,0.01809133628298294
C,two_to_one/L1/value,one,4116,0.9742468415937804,0.968263377416466,0.9796143163150157
C,two_to_one/L1/value,two,4116,0.007288629737609329,0.004589178312941432,0.010368014570813915
C,two_to_one/L1/pattern_value,current,4116,0.0195578231292517,0.015473702336352197,0.023971110819024352
C,two_to_one/L1/pattern_value,one,4116,0.9680515063168125,0.9614279905720758,0.9741693053906042
C,two_to_one/L1/pattern_value,two,4116,0.007531584062196307,0.004836700913892647,0.01056260112061193
C,two_to_one/L1/query,current,4116,0.0010932944606413995,0.00036328188910071506,0.00204481769422719
C,two_to_one/L1/query,one,4116,0.9959912536443148,0.9931275517349104,0.9981823467873734
C,two_to_one/L1/query,two,4116,0.0018221574344023323,0.0002420135527589545,0.004092490303470527
C,two_to_one/L1/key,current,4116,0.0012147716229348883,0.0003643407562879981,0.0022145941886972395
C,two_to_one/L1/key,one,4116,0.9959912536443148,0.9935612397632403,0.9979558093373251
C,two_to_one/L1/key,two,4116,0.001943634596695821,0.00036066145361310966,0.00414540627344043
C,two_to_one/L1/query_key,current,4116,0.0012147716229348883,0.000364961284216993,0.002212974205192939
C,two_to_one/L1/query_key,one,4116,0.9952623906705539,0.9923245087887665,0.9975793079103118
C,two_to_one/L1/query_key,two,4116,0.00206511175898931,0.0003664793549963352,0.0043395454105434805
C,two_to_one/L1/attention_output,current,4116,0.0195578231292517,0.015473702336352197,0.023971110819024352
C,two_to_one/L1/attention_output,one,4116,0.9680515063168125,0.9614279905720758,0.9741693053906042
C,two_to_one/L1/attention_output,two,4116,0.007531584062196307,0.004836700913892647,0.01056260112061193
C,two_to_one/L1/mlp,current,4116,0.01664237123420797,0.013216308717944006,0.020403210324270067
C,two_to_one/L1/mlp,one,4116,0.9622206025267249,0.9556625879291255,0.9683180491918006
C,two_to_one/L1/mlp,two,4116,0.011904761904761904,0.008769373052106427,0.015311150797368675
C,two_to_one/L1/block_input,current,4116,0.001943634596695821,0.0009720534629404617,0.0030517950836017643
C,two_to_one/L1/block_input,one,4116,0.017128279883381923,0.012823411082312277,0.021496562774585743
C,two_to_one/L1/block_input,two,4116,0.9392614188532555,0.9297777709036062,0.9483818759550376
C,two_to_one/L2/pattern,current,4116,0.10677842565597667,0.09823804106839429,0.11561394210310415
C,two_to_one/L2/pattern,one,4116,0.36042274052478135,0.34684855287121763,0.37378063580393084
C,two_to_one/L2/pattern,two,4116,0.499757045675413,0.48514486256797534,0.5140577516482515
C,two_to_one/L2/value,current,4116,0.17723517978620018,0.16674749212437323,0.1874546200722807
C,two_to_one/L2/value,one,4116,0.7713799805636541,0.7606658290337219,0.7819373584824647
C,two_to_one/L2/value,two,4116,0.023931000971817298,0.019960943325592506,0.02814858932232643
C,two_to_one/L2/pattern_value,current,4116,0.36382410106899904,0.3517891814509268,0.3761279534354153
C,two_to_one/L2/pattern_value,one,4116,0.11285228377065112,0.10312413087144623,0.12290778508592859
C,two_to_one/L2/pattern_value,two,4116,0.45687560738581146,0.4449647423479978,0.46821172591799043
C,two_to_one/L2/query,current,4116,0.37123420796890183,0.3572452879453118,0.3848611111111111
C,two_to_one/L2/query,one,4116,0.3945578231292517,0.38164335079423534,0.4071603234158943
C,two_to_one/L2/query,two,4116,0.19776482021379982,0.1878351860287724,0.20795202003270763
C,two_to_one/L2/key,current,4116,0.38848396501457727,0.37569651457325,0.40142957195169315
C,two_to_one/L2/key,one,4116,0.6007045675413022,0.5882706533517664,0.6129737106983579
C,two_to_one/L2/key,two,4116,0.004859086491739553,0.0028108943784989062,0.007179581044936776
C,two_to_one/L2/query_key,current,4116,0.10677842565597667,0.09823804106839429,0.11561394210310415
C,two_to_one/L2/query_key,one,4116,0.36042274052478135,0.34684855287121763,0.37378063580393084
C,two_to_one/L2/query_key,two,4116,0.499757045675413,0.48514486256797534,0.5140577516482515
C,two_to_one/L2/attention_output,current,4116,0.36382410106899904,0.3517891814509268,0.3761279534354153
C,two_to_one/L2/attention_output,one,4116,0.11285228377065112,0.10312413087144623,0.12290778508592859
C,two_to_one/L2/attention_output,two,4116,0.45687560738581146,0.4449647423479978,0.46821172591799043
C,two_to_one/L2/mlp,current,4116,0.026360544217687076,0.02186462825503189,0.031152057229719823
C,two_to_one/L2/mlp,one,4116,0.07750242954324588,0.06673940037073282,0.08895651569823147
C,two_to_one/L2/mlp,two,4116,0.766885325558795,0.7525734663968427,0.7806602434871982
C,two_to_one/L2/block_input,current,4116,0.001943634596695821,0.0009720534629404617,0.0030517950836017643
C,two_to_one/L2/block_input,one,4116,0.017128279883381923,0.012823411082312277,0.021496562774585743
C,two_to_one/L2/block_input,two,4116,0.9392614188532555,0.9297777709036062,0.9483818759550376
C,two_to_one/L12/pattern,current,4116,0.10119047619047619,0.09283023038794606,0.10984973987389571
C,two_to_one/L12/pattern,one,4116,0.36358114674441205,0.34984117542975934,0.37692710072038516
C,two_to_one/L12/pattern,two,4116,0.5021865889212828,0.4875271766949347,0.516459701379837
C,two_to_one/L12/value,current,4116,0.2920310981535471,0.28081000023816427,0.30335858367525853
C,two_to_one/L12/value,one,4116,0.6271865889212828,0.6155332794434325,0.6384260779055725
C,two_to_one/L12/value,two,4116,0.04640427599611273,0.040265223452444876,0.05301367497370625
C,two_to_one/L12/pattern_value,current,4116,0.3729348882410107,0.3606077873937575,0.3854321073972552
C,two_to_one/L12/pattern_value,one,4116,0.10519922254616132,0.09583159956163977,0.11474629386526639
C,two_to_one/L12/pattern_value,two,4116,0.4611273080660836,0.4490905444822557,0.4730997142693834
C,two_to_one/L12/query,current,4116,0.33418367346938777,0.3212900680613753,0.34761333557170443
C,two_to_one/L12/query,one,4116,0.4099854227405248,0.39747307451892494,0.42221265840394684
C,two_to_one/L12/query,two,4116,0.2195092322643343,0.20891449390295597,0.230141369112017
C,two_to_one/L12/key,current,4116,0.3675898931000972,0.35480728785662036,0.38059746308094405
C,two_to_one/L12/key,one,4116,0.6209912536443148,0.6083226704392165,0.6330488830909944
C,two_to_one/L12/key,two,4116,0.00522351797862002,0.0031234795606197847,0.007610902405041365
C,two_to_one/L12/query_key,current,4116,0.10119047619047619,0.09283023038794606,0.10984973987389571
C,two_to_one/L12/query_key,one,4116,0.36358114674441205,0.34984117542975934,0.37692710072038516
C,two_to_one/L12/query_key,two,4116,0.5021865889212828,0.4875271766949347,0.516459701379837
C,two_to_one/L12/attention_output,current,4116,0.3729348882410107,0.3606077873937575,0.3854321073972552
C,two_to_one/L12/attention_output,one,4116,0.10519922254616132,0.09583159956163977,0.11474629386526639
C,two_to_one/L12/attention_output,two,4116,0.4611273080660836,0.4490905444822557,0.4730997142693834
C,two_to_one/L12/mlp,current,4116,0.0608600583090379,0.0541159979586222,0.06774125167300575
C,two_to_one/L12/mlp,one,4116,0.06584062196307094,0.05680686861742737,0.07516421369451878
C,two_to_one/L12/mlp,two,4116,0.7532798833819242,0.7393552067903053,0.767274495853331
C,two_to_one/L12/block_input,current,4116,0.001943634596695821,0.0009720534629404617,0.0030517950836017643
C,two_to_one/L12/block_input,one,4116,0.017128279883381923,0.012823411082312277,0.021496562774585743
C,two_to_one/L12/block_input,two,4116,0.9392614188532555,0.9297777709036062,0.9483818759550376
C,two_to_one/L2_answer/pattern,current,4116,0.10677842565597667,0.09823804106839429,0.11561394210310415
C,two_to_one/L2_answer/pattern,one,4116,0.36042274052478135,0.34684855287121763,0.37378063580393084
C,two_to_one/L2_answer/pattern,two,4116,0.499757045675413,0.48514486256797534,0.5140577516482515
B,raw_to_one/L1/pattern,current,4116,0.005952380952380952,0.004208703622766123,0.007847017865460753
B,raw_to_one/L1/pattern,one,4116,0.8107385811467445,0.8023280194989542,0.8190729544026374
B,raw_to_one/L1/pattern,two,4116,0.07203595724003888,0.06533228306725924,0.07882624798398162
B,raw_to_one/L1/value,current,4116,0.01129737609329446,0.008717406762734248,0.014062117877231597
B,raw_to_one/L1/value,one,4116,0.7871720116618076,0.7765745305257922,0.7976250196549445
B,raw_to_one/L1/value,two,4116,0.08673469387755102,0.0790894317702301,0.09458849301066656
B,raw_to_one/L1/pattern_value,current,4116,0.013726919339164237,0.010906401025517853,0.016800584368151936
B,raw_to_one/L1/pattern_value,one,4116,0.7214528668610302,0.7093606999898311,0.7333494237822447
B,raw_to_one/L1/pattern_value,two,4116,0.10191933916423712,0.09351972955337234,0.11029957721849613
B,raw_to_one/L1/query,current,4116,0.004616132167152575,0.0030479999201255313,0.0063702512254901955
B,raw_to_one/L1/query,one,4116,0.7999271137026239,0.7909483089528488,0.8086532080701465
B,raw_to_one/L1/query,two,4116,0.07349368318756073,0.06665044552526227,0.08051180029528635
B,raw_to_one/L1/key,current,4116,0.0058309037900874635,0.004096360871092174,0.007759550960496325
B,raw_to_one/L1/key,one,4116,0.8130466472303207,0.803969306687669,0.8217692968799872
B,raw_to_one/L1/key,two,4116,0.08005344995140913,0.07269345047857141,0.08728302153561193
B,raw_to_one/L1/query_key,current,4116,0.005952380952380952,0.004208703622766123,0.007847017865460753
B,raw_to_one/L1/query_key,one,4116,0.8107385811467445,0.8023280194989542,0.8190729544026374
B,raw_to_one/L1/query_key,two,4116,0.07203595724003888,0.06533228306725924,0.07882624798398162
B,raw_to_one/L1/attention_output,current,4116,0.013726919339164237,0.010906401025517853,0.016800584368151936
B,raw_to_one/L1/attention_output,one,4116,0.7214528668610302,0.7093606999898311,0.7333494237822447
B,raw_to_one/L1/attention_output,two,4116,0.10191933916423712,0.09351972955337234,0.11029957721849613
B,raw_to_one/L1/mlp,current,4116,0.2988338192419825,0.28765946839782275,0.31063382948573764
B,raw_to_one/L1/mlp,one,4116,0.5409378036929058,0.5285840866618957,0.5524905696677883
B,raw_to_one/L1/mlp,two,4116,0.10398445092322643,0.09610646034539752,0.1123327219950014
B,raw_to_one/L1/block_input,current,4116,1.0,1.0,1.0
B,raw_to_one/L1/block_input,one,4116,0.0,0.0,0.0
B,raw_to_one/L1/block_input,two,4116,0.0,0.0,0.0
B,raw_to_one/L2/pattern,current,4116,0.3398931000971817,0.3296354301858914,0.3497799427914552
B,raw_to_one/L2/pattern,one,4116,0.2751457725947522,0.2611036912337841,0.2887515084317512
B,raw_to_one/L2/pattern,two,4116,0.12852283770651118,0.11723781609716212,0.14014423076923077
B,raw_to_one/L2/value,current,4116,0.004251700680272109,0.0026894865525672372,0.00599758873329601
B,raw_to_one/L2/value,one,4116,0.32543731778425655,0.3159039999808751,0.3348989573734327
B,raw_to_one/L2/value,two,4116,0.46331389698736636,0.45370813674832533,0.4732727504264208
B,raw_to_one/L2/pattern_value,current,4116,0.15792031098153547,0.14910341780672645,0.16703977077977913
B,raw_to_one/L2/pattern_value,one,4116,0.14723032069970846,0.13747158857442168,0.15716425375154375
B,raw_to_one/L2/pattern_value,two,4116,0.31681243926141883,0.3041291341370433,0.3298802332152595
B,raw_to_one/L2/query,current,4116,0.16047133138969874,0.15051560458826932,0.17006729318850022
B,raw_to_one/L2/query,one,4116,0.48177842565597667,0.4666741165743543,0.4973184465871851
B,raw_to_one/L2/query,two,4116,0.14637998056365403,0.1351051864451696,0.15778588807785887
B,raw_to_one/L2/key,current,4116,0.03012633624878523,0.0261727298135526,0.034104879793153846
B,raw_to_one/L2/key,one,4116,0.7033527696793003,0.6916001010599057,0.7148762810909487
B,raw_to_one/L2/key,two,4116,0.12257045675413022,0.11339028782371473,0.13180105641891368
B,raw_to_one/L2/query_key,current,4116,0.3398931000971817,0.3296354301858914,0.3497799427914552
B,raw_to_one/L2/query_key,one,4116,0.2751457725947522,0.2611036912337841,0.2887515084317512
B,raw_to_one/L2/query_key,two,4116,0.12852283770651118,0.11723781609716212,0.14014423076923077
B,raw_to_one/L2/attention_output,current,4116,0.15792031098153547,0.14910341780672645,0.16703977077977913
B,raw_to_one/L2/attention_output,one,4116,0.14723032069970846,0.13747158857442168,0.15716425375154375
B,raw_to_one/L2/attention_output,two,4116,0.31681243926141883,0.3041291341370433,0.3298802332152595
B,raw_to_one/L2/mlp,current,4116,0.9154518950437318,0.9090245548104828,0.9217600066737854
B,raw_to_one/L2/mlp,one,4116,0.06656948493683187,0.06066535016342717,0.07254202342123683
B,raw_to_one/L2/mlp,two,4116,0.008624878522837706,0.006663311171178223,0.010643513479424665
B,raw_to_one/L2/block_input,current,4116,1.0,1.0,1.0
B,raw_to_one/L2/block_input,one,4116,0.0,0.0,0.0
B,raw_to_one/L2/block_input,two,4116,0.0,0.0,0.0
B,raw_to_one/L12/pattern,current,4116,0.3654033041788144,0.35565803436006055,0.37506007891065596
B,raw_to_one/L12/pattern,one,4116,0.25182215743440234,0.2380949470964137,0.26525540850302004
B,raw_to_one/L12/pattern,two,4116,0.12524295432458699,0.11497901407102769,0.13577993847258532
B,raw_to_one/L12/value,current,4116,0.007045675413022352,0.005153344094889878,0.009135385318729048
B,raw_to_one/L12/value,one,4116,0.3609086491739553,0.34987692275185933,0.3716702672916545
B,raw_to_one/L12/value,two,4116,0.4192176870748299,0.4086871426291749,0.42994696626302786
B,raw_to_one/L12/pattern_value,current,4116,0.038022351797862,0.032465873915762604,0.04365375125806291
B,raw_to_one/L12/pattern_value,one,4116,0.1673955296404276,0.15497208690794703,0.1791708552686983
B,raw_to_one/L12/pattern_value,two,4116,0.35058309037900875,0.3367764250635207,0.3646655392913943
B,raw_to_one/L12/query,current,4116,0.13034499514091352,0.12131228590646718,0.1392538687032383
B,raw_to_one/L12/query,one,4116,0.467201166180758,0.45241522877986196,0.4824201839617233
B,raw_to_one/L12/query,two,4116,0.15464042759961127,0.14319081717226922,0.1663018149939392
B,raw_to_one/L12/key,current,4116,0.029397473275024295,0.025533965054264987,0.033349385986034194
B,raw_to_one/L12/key,one,4116,0.6892614188532555,0.6772667499275388,0.7011623021611924
B,raw_to_one/L12/key,two,4116,0.12998056365403304,0.12021529277489794,0.13982756390791412
B,raw_to_one/L12/query_key,current,4116,0.3654033041788144,0.35565803436006055,0.37506007891065596
B,raw_to_one/L12/query_key,one,4116,0.25182215743440234,0.2380949470964137,0.26525540850302004
B,raw_to_one/L12/query_key,two,4116,0.12524295432458699,0.11497901407102769,0.13577993847258532
B,raw_to_one/L12/attention_output,current,4116,0.038022351797862,0.032465873915762604,0.04365375125806291
B,raw_to_one/L12/attention_output,one,4116,0.1673955296404276,0.15497208690794703,0.1791708552686983
B,raw_to_one/L12/attention_output,two,4116,0.35058309037900875,0.3367764250635207,0.3646655392913943
B,raw_to_one/L12/mlp,current,4116,0.9928328474246841,0.990906885773034,0.9946550697570363
B,raw_to_one/L12/mlp,one,4116,0.00619533527696793,0.004494655004859086,0.008029317814910378
B,raw_to_one/L12/mlp,two,4116,0.0008503401360544217,0.00024195499637067505,0.0016847172081829122
B,raw_to_one/L12/block_input,current,4116,1.0,1.0,1.0
B,raw_to_one/L12/block_input,one,4116,0.0,0.0,0.0
B,raw_to_one/L12/block_input,two,4116,0.0,0.0,0.0
B,raw_to_one/L2_answer/pattern,current,4116,0.3398931000971817,0.3296354301858914,0.3497799427914552
B,raw_to_one/L2_answer/pattern,one,4116,0.2751457725947522,0.2611036912337841,0.2887515084317512
B,raw_to_one/L2_answer/pattern,two,4116,0.12852283770651118,0.11723781609716212,0.14014423076923077
B,raw_to_two/L1/pattern,current,4116,0.0008503401360544217,0.00012174336498660823,0.00181599162482107
B,raw_to_two/L1/pattern,one,4116,0.00012147716229348882,0.0,0.0003687360977499575
B,raw_to_two/L1/pattern,two,4116,0.9978134110787172,0.9964301627791594,0.9990188864361049
B,raw_to_two/L1/value,current,4116,0.00048590864917395527,0.0,0.0012251899044351876
B,raw_to_two/L1/value,one,4116,0.0,0.0,0.0
B,raw_to_two/L1/value,two,4116,0.9985422740524781,0.9973045656942021,0.9995174909529554
B,raw_to_two/L1/pattern_value,current,4116,0.001943634596695821,0.000839509745139415,0.003423882850339131
B,raw_to_two/L1/pattern_value,one,4116,0.00012147716229348882,0.0,0.0003687360977499575
B,raw_to_two/L1/pattern_value,two,4116,0.9969630709426628,0.9952321863467144,0.9984099901518513
B,raw_to_two/L1/query,current,4116,0.0008503401360544217,0.00012132903845947804,0.00182219066119727
B,raw_to_two/L1/query,one,4116,0.00012147716229348882,0.0,0.0003687360977499575
B,raw_to_two/L1/query,two,4116,0.9979348882410107,0.996572617161394,0.9990405545473633
B,raw_to_two/L1/key,current,4116,0.00048590864917395527,0.0,0.0012251899044351876
B,raw_to_two/L1/key,one,4116,0.0,0.0,0.0
B,raw_to_two/L1/key,two,4116,0.9985422740524781,0.997331376338822,0.9995173803377494
B,raw_to_two/L1/query_key,current,4116,0.0008503401360544217,0.00012174336498660823,0.00181599162482107
B,raw_to_two/L1/query_key,one,4116,0.00012147716229348882,0.0,0.0003687360977499575
B,raw_to_two/L1/query_key,two,4116,0.9978134110787172,0.9964301627791594,0.9990188864361049
B,raw_to_two/L1/attention_output,current,4116,0.001943634596695821,0.000839509745139415,0.003423882850339131
B,raw_to_two/L1/attention_output,one,4116,0.00012147716229348882,0.0,0.0003687360977499575
B,raw_to_two/L1/attention_output,two,4116,0.9969630709426628,0.9952321863467144,0.9984099901518513
B,raw_to_two/L1/mlp,current,4116,0.019193391642371233,0.01517366754344696,0.023443741720143952
B,raw_to_two/L1/mlp,one,4116,0.0,0.0,0.0
B,raw_to_two/L1/mlp,two,4116,0.9803206997084548,0.9759989536922399,0.9843485540387273
B,raw_to_two/L1/block_input,current,4116,1.0,1.0,1.0
B,raw_to_two/L1/block_input,one,4116,0.0,0.0,0.0
B,raw_to_two/L1/block_input,two,4116,0.0,0.0,0.0
B,raw_to_two/L2/pattern,current,4116,0.9970845481049563,0.9954421709778305,0.998522958653043
B,raw_to_two/L2/pattern,one,4116,0.0,0.0,0.0
B,raw_to_two/L2/pattern,two,4116,0.0029154518950437317,0.0014770413469570153,0.004557829022169487
B,raw_to_two/L2/value,current,4116,0.0006073858114674441,0.00012147716229348882,0.0012095043002059893
B,raw_to_two/L2/value,one,4116,0.00024295432458697764,0.0,0.0007372864184266825
B,raw_to_two/L2/value,two,4116,0.9965986394557823,0.9950107691770209,0.9980425979504353
B,raw_to_two/L2/pattern_value,current,4116,0.9958697764820214,0.9937682522639439,0.9977383765695332
B,raw_to_two/L2/pattern_value,one,4116,0.0,0.0,0.0
B,raw_to_two/L2/pattern_value,two,4116,0.00413022351797862,0.0022616234304667143,0.00623174773605604
B,raw_to_two/L2/query,current,4116,0.9544460641399417,0.9478308489396353,0.9608680340815684
B,raw_to_two/L2/query,one,4116,0.0,0.0,0.0
B,raw_to_two/L2/query,two,4116,0.045553935860058306,0.03913196591843156,0.05216915106036465
B,raw_to_two/L2/key,current,4116,0.13726919339164237,0.1274276763509993,0.1468427636479645
B,raw_to_two/L2/key,one,4116,0.00012147716229348882,0.0,0.0003687315634218289
B,raw_to_two/L2/key,two,4116,0.8620019436345967,0.8525082909788857,0.8717885979936384
B,raw_to_two/L2/query_key,current,4116,0.9970845481049563,0.9954421709778305,0.998522958653043
B,raw_to_two/L2/query_key,one,4116,0.0,0.0,0.0
B,raw_to_two/L2/query_key,two,4116,0.0029154518950437317,0.0014770413469570153,0.004557829022169487
B,raw_to_two/L2/attention_output,current,4116,0.9958697764820214,0.9937682522639439,0.9977383765695332
B,raw_to_two/L2/attention_output,one,4116,0.0,0.0,0.0
B,raw_to_two/L2/attention_output,two,4116,0.00413022351797862,0.0022616234304667143,0.00623174773605604
B,raw_to_two/L2/mlp,current,4116,0.6980077745383868,0.6850218394954644,0.7108612549598962
B,raw_to_two/L2/mlp,one,4116,0.0,0.0,0.0
B,raw_to_two/L2/mlp,two,4116,0.3019922254616132,0.2891387450401039,0.3149781605045356
B,raw_to_two/L2/block_input,current,4116,1.0,1.0,1.0
B,raw_to_two/L2/block_input,one,4116,0.0,0.0,0.0
B,raw_to_two/L2/block_input,two,4116,0.0,0.0,0.0
B,raw_to_two/L12/pattern,current,4116,0.9968415937803693,0.9951050874706432,0.998310025750513
B,raw_to_two/L12/pattern,one,4116,0.0,0.0,0.0
B,raw_to_two/L12/pattern,two,4116,0.0031584062196307093,0.001689974249486999,0.004894912529356879
B,raw_to_two/L12/value,current,4116,0.00024295432458697764,0.0,0.0007396495304941667
B,raw_to_two/L12/value,one,4116,0.00024295432458697764,0.0,0.0007372864184266825
B,raw_to_two/L12/value,two,4116,0.9958697764820214,0.9941044361676625,0.9975176391955938
B,raw_to_two/L12/pattern_value,current,4116,0.9957482993197279,0.9937439048677427,0.9975752138045757
B,raw_to_two/L12/pattern_value,one,4116,0.0,0.0,0.0
B,raw_to_two/L12/pattern_value,two,4116,0.004251700680272109,0.0024247861954242804,0.006256095132257281
B,raw_to_two/L12/query,current,4116,0.9624635568513119,0.9564268764072756,0.9683818717162235
B,raw_to_two/L12/query,one,4116,0.0,0.0,0.0
B,raw_to_two/L12/query,two,4116,0.03741496598639456,0.031542308350334565,0.043515363591256975
B,raw_to_two/L12/key,current,4116,0.15269679300291544,0.14275346187357665,0.16287245725570454
B,raw_to_two/L12/key,one,4116,0.00012147716229348882,0.0,0.0003687315634218289
B,raw_to_two/L12/key,two,4116,0.8465743440233237,0.8364700712936197,0.8564601193114763
B,raw_to_two/L12/query_key,current,4116,0.9968415937803693,0.9951050874706432,0.998310025750513
B,raw_to_two/L12/query_key,one,4116,0.0,0.0,0.0
B,raw_to_two/L12/query_key,two,4116,0.0031584062196307093,0.001689974249486999,0.004894912529356879
B,raw_to_two/L12/attention_output,current,4116,0.9957482993197279,0.9937439048677427,0.9975752138045757
B,raw_to_two/L12/attention_output,one,4116,0.0,0.0,0.0
B,raw_to_two/L12/attention_output,two,4116,0.004251700680272109,0.0024247861954242804,0.006256095132257281
B,raw_to_two/L12/mlp,current,4116,0.9466715257531584,0.9397892261807975,0.9535084112950107
B,raw_to_two/L12/mlp,one,4116,0.0,0.0,0.0
B,raw_to_two/L12/mlp,two,4116,0.053328474246841596,0.04649158870498935,0.06021077381920239
B,raw_to_two/L12/block_input,current,4116,1.0,1.0,1.0
B,raw_to_two/L12/block_input,one,4116,0.0,0.0,0.0
B,raw_to_two/L12/block_input,two,4116,0.0,0.0,0.0
B,raw_to_two/L2_answer/pattern,current,4116,0.9970845481049563,0.9954421709778305,0.998522958653043
B,raw_to_two/L2_answer/pattern,one,4116,0.0,0.0,0.0
B,raw_to_two/L2_answer/pattern,two,4116,0.0029154518950437317,0.0014770413469570153,0.004557829022169487
B,one_to_raw/L1/pattern,current,4116,0.9998785228377065,0.9996302686714321,1.0
B,one_to_raw/L1/pattern,one,4116,0.0,0.0,0.0
B,one_to_raw/L1/pattern,two,4116,0.00012147716229348882,0.0,0.0003697313285679073
B,one_to_raw/L1/value,current,4116,0.9993926141885325,0.9985433269178322,1.0
B,one_to_raw/L1/value,one,4116,0.0,0.0,0.0
B,one_to_raw/L1/value,two,4116,0.0006073858114674441,0.0,0.0014566730821678191
B,one_to_raw/L1/pattern_value,current,4116,0.9993926141885325,0.9985433269178322,1.0
B,one_to_raw/L1/pattern_value,one,4116,0.0,0.0,0.0
B,one_to_raw/L1/pattern_value,two,4116,0.0006073858114674441,0.0,0.0014566730821678191
B,one_to_raw/L1/query,current,4116,1.0,1.0,1.0
B,one_to_raw/L1/query,one,4116,0.0,0.0,0.0
B,one_to_raw/L1/query,two,4116,0.0,0.0,0.0
B,one_to_raw/L1/key,current,4116,0.9998785228377065,0.9996302686714321,1.0
B,one_to_raw/L1/key,one,4116,0.0,0.0,0.0
B,one_to_raw/L1/key,two,4116,0.00012147716229348882,0.0,0.0003697313285679073
B,one_to_raw/L1/query_key,current,4116,0.9998785228377065,0.9996302686714321,1.0
B,one_to_raw/L1/query_key,one,4116,0.0,0.0,0.0
B,one_to_raw/L1/query_key,two,4116,0.00012147716229348882,0.0,0.0003697313285679073
B,one_to_raw/L1/attention_output,current,4116,0.9993926141885325,0.9985433269178322,1.0
B,one_to_raw/L1/attention_output,one,4116,0.0,0.0,0.0
B,one_to_raw/L1/attention_output,two,4116,0.0006073858114674441,0.0,0.0014566730821678191
B,one_to_raw/L1/mlp,current,4116,0.9987852283770651,0.998036255526448,0.999400479616307
B,one_to_raw/L1/mlp,one,4116,0.0,0.0,0.0
B,one_to_raw/L1/mlp,two,4116,0.0012147716229348883,0.0005995203836930455,0.001963744473551972
B,one_to_raw/L1/block_input,current,4116,0.004616132167152575,0.003112915161859529,0.006326013701672828
B,one_to_raw/L1/block_input,one,4116,0.826044703595724,0.8170407157572729,0.8346332905440946
B,one_to_raw/L1/block_input,two,4116,0.07580174927113703,0.06871410527871923,0.08278468666178981
B,one_to_raw/L2/pattern,current,4116,0.9998785228377065,0.9996310847946158,1.0
B,one_to_raw/L2/pattern,one,4116,0.0,0.0,0.0
B,one_to_raw/L2/pattern,two,4116,0.00012147716229348882,0.0,0.000368915205384223
B,one_to_raw/L2/value,current,4116,1.0,1.0,1.0
B,one_to_raw/L2/value,one,4116,0.0,0.0,0.0
B,one_to_raw/L2/value,two,4116,0.0,0.0,0.0
B,one_to_raw/L2/pattern_value,current,4116,0.9998785228377065,0.9996315378988555,1.0
B,one_to_raw/L2/pattern_value,one,4116,0.00012147716229348882,0.0,0.00036846210114448874
B,one_to_raw/L2/pattern_value,two,4116,0.0,0.0,0.0
B,one_to_raw/L2/query,current,4116,0.9996355685131195,0.9991506812700703,1.0
B,one_to_raw/L2/query,one,4116,0.0,0.0,0.0
B,one_to_raw/L2/query,two,4116,0.00036443148688046647,0.0,0.0008493187299297017
B,one_to_raw/L2/key,current,4116,0.9998785228377065,0.9996302686714321,1.0
B,one_to_raw/L2/key,one,4116,0.0,0.0,0.0
B,one_to_raw/L2/key,two,4116,0.00012147716229348882,0.0,0.0003697313285679073
B,one_to_raw/L2/query_key,current,4116,0.9998785228377065,0.9996310847946158,1.0
B,one_to_raw/L2/query_key,one,4116,0.0,0.0,0.0
B,one_to_raw/L2/query_key,two,4116,0.00012147716229348882,0.0,0.000368915205384223
B,one_to_raw/L2/attention_output,current,4116,0.9998785228377065,0.9996315378988555,1.0
B,one_to_raw/L2/attention_output,one,4116,0.00012147716229348882,0.0,0.00036846210114448874
B,one_to_raw/L2/attention_output,two,4116,0.0,0.0,0.0
B,one_to_raw/L2/mlp,current,4116,0.999757045675413,0.9993864993027759,1.0
B,one_to_raw/L2/mlp,one,4116,0.0,0.0,0.0
B,one_to_raw/L2/mlp,two,4116,0.00012147716229348882,0.0,0.00036918533103618014
B,one_to_raw/L2/block_input,current,4116,0.004616132167152575,0.003112915161859529,0.006326013701672828
B,one_to_raw/L2/block_input,one,4116,0.826044703595724,0.8170407157572729,0.8346332905440946
B,one_to_raw/L2/block_input,two,4116,0.07580174927113703,0.06871410527871923,0.08278468666178981
B,one_to_raw/L12/pattern,current,4116,1.0,1.0,1.0
B,one_to_raw/L12/pattern,one,4116,0.0,0.0,0.0
B,one_to_raw/L12/pattern,two,4116,0.0,0.0,0.0
B,one_to_raw/L12/value,current,4116,0.9998785228377065,0.9996308123967744,1.0
B,one_to_raw/L12/value,one,4116,0.0,0.0,0.0
B,one_to_raw/L12/value,two,4116,0.00012147716229348882,0.0,0.0003691876032255636
B,one_to_raw/L12/pattern_value,current,4116,1.0,1.0,1.0
B,one_to_raw/L12/pattern_value,one,4116,0.0,0.0,0.0
B,one_to_raw/L12/pattern_value,two,4116,0.0,0.0,0.0
B,one_to_raw/L12/query,current,4116,0.999757045675413,0.9993890480749174,1.0
B,one_to_raw/L12/query,one,4116,0.0,0.0,0.0
B,one_to_raw/L12/query,two,4116,0.00024295432458697764,0.0,0.0006109519250826683
B,one_to_raw/L12/key,current,4116,0.9998785228377065,0.9996302686714321,1.0
B,one_to_raw/L12/key,one,4116,0.0,0.0,0.0
B,one_to_raw/L12/key,two,4116,0.00012147716229348882,0.0,0.0003697313285679073
B,one_to_raw/L12/query_key,current,4116,1.0,1.0,1.0
B,one_to_raw/L12/query_key,one,4116,0.0,0.0,0.0
B,one_to_raw/L12/query_key,two,4116,0.0,0.0,0.0
B,one_to_raw/L12/attention_output,current,4116,1.0,1.0,1.0
B,one_to_raw/L12/attention_output,one,4116,0.0,0.0,0.0
B,one_to_raw/L12/attention_output,two,4116,0.0,0.0,0.0
B,one_to_raw/L12/mlp,current,4116,0.9985422740524781,0.9975501904583489,0.9993951125090733
B,one_to_raw/L12/mlp,one,4116,0.0007288629737609329,0.00024078834136874097,0.00134342940889106
B,one_to_raw/L12/mlp,two,4116,0.0006073858114674441,0.00012056835941632936,0.0013233878729547641
B,one_to_raw/L12/block_input,current,4116,0.004616132167152575,0.003112915161859529,0.006326013701672828
B,one_to_raw/L12/block_input,one,4116,0.826044703595724,0.8170407157572729,0.8346332905440946
B,one_to_raw/L12/block_input,two,4116,0.07580174927113703,0.06871410527871923,0.08278468666178981
B,one_to_raw/L2_answer/pattern,current,4116,0.9998785228377065,0.9996310847946158,1.0
B,one_to_raw/L2_answer/pattern,one,4116,0.0,0.0,0.0
B,one_to_raw/L2_answer/pattern,two,4116,0.00012147716229348882,0.0,0.000368915205384223
B,one_to_two/L1/pattern,current,4116,0.0071671525753158405,0.004829692979718134,0.009710105155730696
B,one_to_two/L1/pattern,one,4116,0.00012147716229348882,0.0,0.0003687360977499575
B,one_to_two/L1/pattern,two,4116,0.9916180758017493,0.9888939855991938,0.9941009690545201
B,one_to_two/L1/value,current,4116,0.02478134110787172,0.020514594104678374,0.029010280337435693
B,one_to_two/L1/value,one,4116,0.0,0.0,0.0
B,one_to_two/L1/value,two,4116,0.9742468415937804,0.9698942832375074,0.9785185627154601
B,one_to_two/L1/pattern_value,current,4116,0.01639941690962099,0.01282356606916939,0.020044758667485285
B,one_to_two/L1/pattern_value,one,4116,0.00024295432458697764,0.0,0.0006103515625
B,one_to_two/L1/pattern_value,two,4116,0.9821428571428571,0.9783709604228682,0.9858013792942494
B,one_to_two/L1/query,current,4116,0.007774538386783284,0.005412135290564758,0.010344039798427775
B,one_to_two/L1/query,one,4116,0.0,0.0,0.0
B,one_to_two/L1/query,two,4116,0.9913751214771623,0.9886861313868613,0.9938555326531263
B,one_to_two/L1/key,current,4116,0.007288629737609329,0.00496608527131783,0.009910717836954056
B,one_to_two/L1/key,one,4116,0.0,0.0,0.0
B,one_to_two/L1/key,two,4116,0.9916180758017493,0.9888969551873652,0.9941177881562796
B,one_to_two/L1/query_key,current,4116,0.0071671525753158405,0.004829692979718134,0.009710105155730696
B,one_to_two/L1/query_key,one,4116,0.00012147716229348882,0.0,0.0003687360977499575
B,one_to_two/L1/query_key,two,4116,0.9916180758017493,0.9888939855991938,0.9941009690545201
B,one_to_two/L1/attention_output,current,4116,0.01639941690962099,0.01282356606916939,0.020044758667485285
B,one_to_two/L1/attention_output,one,4116,0.00024295432458697764,0.0,0.0006103515625
B,one_to_two/L1/attention_output,two,4116,0.9821428571428571,0.9783709604228682,0.9858013792942494
B,one_to_two/L1/mlp,current,4116,0.003522837706511176,0.0021744120151235744,0.005004969423322724
B,one_to_two/L1/mlp,one,4116,0.00012147716229348882,0.0,0.00036864320921334125
B,one_to_two/L1/mlp,two,4116,0.994290573372206,0.9922513929421912,0.9960966565197297
B,one_to_two/L1/block_input,current,4116,0.004616132167152575,0.003112915161859529,0.006326013701672828
B,one_to_two/L1/block_input,one,4116,0.826044703595724,0.8170407157572729,0.8346332905440946
B,one_to_two/L1/block_input,two,4116,0.07580174927113703,0.06871410527871923,0.08278468666178981
B,one_to_two/L2/pattern,current,4116,0.9260204081632653,0.9194810064004265,0.9324100708778374
B,one_to_two/L2/pattern,one,4116,0.00036443148688046647,0.0,0.0008486905916585839
B,one_to_two/L2/pattern,two,4116,0.07349368318756073,0.0670492574064168,0.0800299917786733
B,one_to_two/L2/value,current,4116,0.8309037900874635,0.8218664241902738,0.8395508180920606
B,one_to_two/L2/value,one,4116,0.08466958211856171,0.07774222728648478,0.09165465272167127
B,one_to_two/L2/value,two,4116,0.05235665694849368,0.0467841378468944,0.05789103885103101
B,one_to_two/L2/pattern_value,current,4116,0.988581146744412,0.9858257419770804,0.9911569884370733
B,one_to_two/L2/pattern_value,one,4116,0.008989310009718173,0.0067072761848686515,0.011453272512460906
B,one_to_two/L2/pattern_value,two,4116,0.001943634596695821,0.0009666505558240696,0.0030607622701322203
B,one_to_two/L2/query,current,4116,0.8328474246841594,0.8242810561249293,0.8413463573155986
B,one_to_two/L2/query,one,4116,0.0009718172983479105,0.0002440199855908862,0.0019342359767891683
B,one_to_two/L2/query,two,4116,0.16545189504373178,0.15692270058708416,0.1740143120351506
B,one_to_two/L2/key,current,4116,0.657798833819242,0.6472848639488663,0.6683195889639523
B,one_to_two/L2/key,one,4116,0.00012147716229348882,0.0,0.0003687315634218289
B,one_to_two/L2/key,two,4116,0.34183673469387754,0.33132656221682827,0.35222600785903235
B,one_to_two/L2/query_key,current,4116,0.9260204081632653,0.9194810064004265,0.9324100708778374
B,one_to_two/L2/query_key,one,4116,0.00036443148688046647,0.0,0.0008486905916585839
B,one_to_two/L2/query_key,two,4116,0.07349368318756073,0.0670492574064168,0.0800299917786733
B,one_to_two/L2/attention_output,current,4116,0.988581146744412,0.9858257419770804,0.9911569884370733
B,one_to_two/L2/attention_output,one,4116,0.008989310009718173,0.0067072761848686515,0.011453272512460906
B,one_to_two/L2/attention_output,two,4116,0.001943634596695821,0.0009666505558240696,0.0030607622701322203
B,one_to_two/L2/mlp,current,4116,0.034499514091350825,0.02942547629354296,0.039761678942004816
B,one_to_two/L2/mlp,one,4116,0.11710398445092322,0.10882699694146099,0.12527451117183133
B,one_to_two/L2/mlp,two,4116,0.8469387755102041,0.8375149294942311,0.8564263428223863
B,one_to_two/L2/block_input,current,4116,0.004616132167152575,0.003112915161859529,0.006326013701672828
B,one_to_two/L2/block_input,one,4116,0.826044703595724,0.8170407157572729,0.8346332905440946
B,one_to_two/L2/block_input,two,4116,0.07580174927113703,0.06871410527871923,0.08278468666178981
B,one_to_two/L12/pattern,current,4116,0.9618561710398446,0.9570767855559911,0.9665364533135504
B,one_to_two/L12/pattern,one,4116,0.0,0.0,0.0
B,one_to_two/L12/pattern,two,4116,0.038022351797862,0.03334141391974713,0.042767357961138404
B,one_to_two/L12/value,current,4116,0.9407191448007775,0.934488982235418,0.9467852595610267
B,one_to_two/L12/value,one,4116,0.032191448007774535,0.027891455298594835,0.036695157305236085
B,one_to_two/L12/value,two,4116,0.014820213799805637,0.0117997350738312,0.017996194145468318
B,one_to_two/L12/pattern_value,current,4116,0.9986637512147716,0.9977973433481254,0.9993984636753803
B,one_to_two/L12/pattern_value,one,4116,0.0009718172983479105,0.0003611825120531115,0.0017275526157971548
B,one_to_two/L12/pattern_value,two,4116,0.00036443148688046647,0.0,0.0008468476109813371
B,one_to_two/L12/query,current,4116,0.8707482993197279,0.8622957909764426,0.8790536741407372
B,one_to_two/L12/query,one,4116,0.0007288629737609329,0.00012266702810849797,0.00148890778139587
B,one_to_two/L12/query,two,4116,0.1280369290573372,0.11975753880266075,0.13658365462341443
B,one_to_two/L12/key,current,4116,0.7583819241982507,0.7479901822404621,0.7684312584773234
B,one_to_two/L12/key,one,4116,0.0,0.0,0.0
B,one_to_two/L12/key,two,4116,0.24149659863945577,0.23138263302481654,0.2518780830498313
B,one_to_two/L12/query_key,current,4116,0.9618561710398446,0.9570767855559911,0.9665364533135504
B,one_to_two/L12/query_key,one,4116,0.0,0.0,0.0
B,one_to_two/L12/query_key,two,4116,0.038022351797862,0.03334141391974713,0.042767357961138404
B,one_to_two/L12/attention_output,current,4116,0.9986637512147716,0.9977973433481254,0.9993984636753803
B,one_to_two/L12/attention_output,one,4116,0.0009718172983479105,0.0003611825120531115,0.0017275526157971548
B,one_to_two/L12/attention_output,two,4116,0.00036443148688046647,0.0,0.0008468476109813371
B,one_to_two/L12/mlp,current,4116,0.03595724003887269,0.031357214188601934,0.04094146039216071
B,one_to_two/L12/mlp,one,4116,0.14103498542274054,0.13272987551061813,0.14945198735726478
B,one_to_two/L12/mlp,two,4116,0.8191205053449951,0.8097051364324036,0.8285716874331275
B,one_to_two/L12/block_input,current,4116,0.004616132167152575,0.003112915161859529,0.006326013701672828
B,one_to_two/L12/block_input,one,4116,0.826044703595724,0.8170407157572729,0.8346332905440946
B,one_to_two/L12/block_input,two,4116,0.07580174927113703,0.06871410527871923,0.08278468666178981
B,one_to_two/L2_answer/pattern,current,4116,0.9260204081632653,0.9194810064004265,0.9324100708778374
B,one_to_two/L2_answer/pattern,one,4116,0.00036443148688046647,0.0,0.0008486905916585839
B,one_to_two/L2_answer/pattern,two,4116,0.07349368318756073,0.0670492574064168,0.0800299917786733
B,two_to_raw/L1/pattern,current,4116,0.999757045675413,0.9992605373428641,1.0
B,two_to_raw/L1/pattern,one,4116,0.0,0.0,0.0
B,two_to_raw/L1/pattern,two,4116,0.00024295432458697764,0.0,0.0007394626571358146
B,two_to_raw/L1/value,current,4116,0.999514091350826,0.9987739087788131,1.0
B,two_to_raw/L1/value,one,4116,0.0,0.0,0.0
B,two_to_raw/L1/value,two,4116,0.00048590864917395527,0.0,0.0012260912211868563
B,two_to_raw/L1/pattern_value,current,4116,0.999514091350826,0.9987739087788131,1.0
B,two_to_raw/L1/pattern_value,one,4116,0.0,0.0,0.0
B,two_to_raw/L1/pattern_value,two,4116,0.00048590864917395527,0.0,0.0012260912211868563
B,two_to_raw/L1/query,current,4116,1.0,1.0,1.0
B,two_to_raw/L1/query,one,4116,0.0,0.0,0.0
B,two_to_raw/L1/query,two,4116,0.0,0.0,0.0
B,two_to_raw/L1/key,current,4116,0.999757045675413,0.9992605373428641,1.0
B,two_to_raw/L1/key,one,4116,0.0,0.0,0.0
B,two_to_raw/L1/key,two,4116,0.00024295432458697764,0.0,0.0007394626571358146
B,two_to_raw/L1/query_key,current,4116,0.999757045675413,0.9992605373428641,1.0
B,two_to_raw/L1/query_key,one,4116,0.0,0.0,0.0
B,two_to_raw/L1/query_key,two,4116,0.00024295432458697764,0.0,0.0007394626571358146
B,two_to_raw/L1/attention_output,current,4116,0.999514091350826,0.9987739087788131,1.0
B,two_to_raw/L1/attention_output,one,4116,0.0,0.0,0.0
B,two_to_raw/L1/attention_output,two,4116,0.00048590864917395527,0.0,0.0012260912211868563
B,two_to_raw/L1/mlp,current,4116,0.999757045675413,0.9993869543894066,1.0
B,two_to_raw/L1/mlp,one,4116,0.0,0.0,0.0
B,two_to_raw/L1/mlp,two,4116,0.00024295432458697764,0.0,0.0006130456105934281
B,two_to_raw/L1/block_input,current,4116,0.00048590864917395527,0.0,0.0012251899044351876
B,two_to_raw/L1/block_input,one,4116,0.0,0.0,0.0
B,two_to_raw/L1/block_input,two,4116,0.9987852283770651,0.9975827748501633,0.9997568093385214
B,two_to_raw/L2/pattern,current,4116,0.7761175898931001,0.7618224640230815,0.790220154698227
B,two_to_raw/L2/pattern,one,4116,0.0,0.0,0.0
B,two_to_raw/L2/pattern,two,4116,0.2238824101068999,0.20977984530177302,0.23817753597691846
B,two_to_raw/L2/value,current,4116,0.999757045675413,0.9992634331338119,1.0
B,two_to_raw/L2/value,one,4116,0.0,0.0,0.0
B,two_to_raw/L2/value,two,4116,0.00024295432458697764,0.0,0.0007365668661880155
B,two_to_raw/L2/pattern_value,current,4116,0.8370991253644315,0.825245919665349,0.8488944166425784
B,two_to_raw/L2/pattern_value,one,4116,0.0,0.0,0.0
B,two_to_raw/L2/pattern_value,two,4116,0.16277939747327502,0.15098689521627665,0.17471270585152973
B,two_to_raw/L2/query,current,4116,0.9747327502429544,0.9695870246631879,0.9795869356388088
B,two_to_raw/L2/query,one,4116,0.0,0.0,0.0
B,two_to_raw/L2/query,two,4116,0.025267249757045675,0.020413064361191162,0.03041297533681201
B,two_to_raw/L2/key,current,4116,0.9978134110787172,0.9964633282917302,0.9990324375096893
B,two_to_raw/L2/key,one,4116,0.0,0.0,0.0
B,two_to_raw/L2/key,two,4116,0.002186588921282799,0.0009675624903106961,0.003536671708269816
B,two_to_raw/L2/query_key,current,4116,0.7761175898931001,0.7618224640230815,0.790220154698227
B,two_to_raw/L2/query_key,one,4116,0.0,0.0,0.0
B,two_to_raw/L2/query_key,two,4116,0.2238824101068999,0.20977984530177302,0.23817753597691846
B,two_to_raw/L2/attention_output,current,4116,0.8370991253644315,0.825245919665349,0.8488944166425784
B,two_to_raw/L2/attention_output,one,4116,0.0,0.0,0.0
B,two_to_raw/L2/attention_output,two,4116,0.16277939747327502,0.15098689521627665,0.17471270585152973
B,two_to_raw/L2/mlp,current,4116,0.9958697764820214,0.9939569266858791,0.997597337836821
B,two_to_raw/L2/mlp,one,4116,0.0,0.0,0.0
B,two_to_raw/L2/mlp,two,4116,0.00413022351797862,0.0024026621631789567,0.006043073314120893
B,two_to_raw/L2/block_input,current,4116,0.00048590864917395527,0.0,0.0012251899044351876
B,two_to_raw/L2/block_input,one,4116,0.0,0.0,0.0
B,two_to_raw/L2/block_input,two,4116,0.9987852283770651,0.9975827748501633,0.9997568093385214
B,two_to_raw/L12/pattern,current,4116,0.6959426627793974,0.6813501811038322,0.710467613210553
B,two_to_raw/L12/pattern,one,4116,0.0,0.0,0.0
B,two_to_raw/L12/pattern,two,4116,0.3040573372206025,0.2895323867894471,0.31864981889616784
B,two_to_raw/L12/value,current,4116,0.999757045675413,0.999386646054373,1.0
B,two_to_raw/L12/value,one,4116,0.0,0.0,0.0
B,two_to_raw/L12/value,two,4116,0.00024295432458697764,0.0,0.0006133539456270959
B,two_to_raw/L12/pattern_value,current,4116,0.7956754130223518,0.7831910954695871,0.8079153708481455
B,two_to_raw/L12/pattern_value,one,4116,0.0,0.0,0.0
B,two_to_raw/L12/pattern_value,two,4116,0.20420310981535472,0.1919641489072952,0.2166755011649849
B,two_to_raw/L12/query,current,4116,0.9641642371234208,0.9582927882370748,0.9699778369646567
B,two_to_raw/L12/query,one,4116,0.0,0.0,0.0
B,two_to_raw/L12/query,two,4116,0.035835762876579205,0.03002216303534336,0.04170721176292526
B,two_to_raw/L12/key,current,4116,0.9972060252672498,0.9956246429578037,0.9986650889967638
B,two_to_raw/L12/key,one,4116,0.0,0.0,0.0
B,two_to_raw/L12/key,two,4116,0.002793974732750243,0.001334911003236246,0.004375357042196239
B,two_to_raw/L12/query_key,current,4116,0.6959426627793974,0.6813501811038322,0.710467613210553
B,two_to_raw/L12/query_key,one,4116,0.0,0.0,0.0
B,two_to_raw/L12/query_key,two,4116,0.3040573372206025,0.2895323867894471,0.31864981889616784
B,two_to_raw/L12/attention_output,current,4116,0.7956754130223518,0.7831910954695871,0.8079153708481455
B,two_to_raw/L12/attention_output,one,4116,0.0,0.0,0.0
B,two_to_raw/L12/attention_output,two,4116,0.20420310981535472,0.1919641489072952,0.2166755011649849
B,two_to_raw/L12/mlp,current,4116,0.9850583090379009,0.9809649415354476,0.9888378084943418
B,two_to_raw/L12/mlp,one,4116,0.0,0.0,0.0
B,two_to_raw/L12/mlp,two,4116,0.014941690962099125,0.011162191505658252,0.019035058464552387
B,two_to_raw/L12/block_input,current,4116,0.00048590864917395527,0.0,0.0012251899044351876
B,two_to_raw/L12/block_input,one,4116,0.0,0.0,0.0
B,two_to_raw/L12/block_input,two,4116,0.9987852283770651,0.9975827748501633,0.9997568093385214
B,two_to_raw/L2_answer/pattern,current,4116,0.7761175898931001,0.7618224640230815,0.790220154698227
B,two_to_raw/L2_answer/pattern,one,4116,0.0,0.0,0.0
B,two_to_raw/L2_answer/pattern,two,4116,0.2238824101068999,0.20977984530177302,0.23817753597691846
B,two_to_one/L1/pattern,current,4116,0.006924198250728863,0.004990202192860883,0.008963805292611773
B,two_to_one/L1/pattern,one,4116,0.8222789115646258,0.8140145285311956,0.8303722079785222
B,two_to_one/L1/pattern,two,4116,0.07337220602526726,0.06639278217669799,0.08031122608476216
B,two_to_one/L1/value,current,4116,0.007045675413022352,0.005120702267739576,0.009180007903581042
B,two_to_one/L1/value,one,4116,0.7972546161321672,0.786717564596644,0.8070885684182099
B,two_to_one/L1/value,two,4116,0.08175413022351798,0.07442633651612754,0.08912611837584511
B,two_to_one/L1/pattern_value,current,4116,0.007774538386783284,0.005661252349295779,0.010048934553342492
B,two_to_one/L1/pattern_value,one,4116,0.6919339164237124,0.6801461410964601,0.7033062848088808
B,two_to_one/L1/pattern_value,two,4116,0.10689990281827016,0.0987045444903011,0.11554389314387237
B,two_to_one/L1/query,current,4116,0.004373177842565598,0.002881117889920547,0.006079450490815357
B,two_to_one/L1/query,one,4116,0.8080660835762876,0.7984476851154347,0.8173574508860891
B,two_to_one/L1/query,two,4116,0.07725947521865889,0.06994328258905692,0.08469217004890714
B,two_to_one/L1/key,current,4116,0.005952380952380952,0.0041768470304968395,0.007901822901145746
B,two_to_one/L1/key,one,4116,0.814868804664723,0.8061000922143181,0.8236355333804423
B,two_to_one/L1/key,two,4116,0.07908163265306123,0.07191237798377291,0.08621097807648345
B,two_to_one/L1/query_key,current,4116,0.006924198250728863,0.004990202192860883,0.008963805292611773
B,two_to_one/L1/query_key,one,4116,0.8222789115646258,0.8140145285311956,0.8303722079785222
B,two_to_one/L1/query_key,two,4116,0.07337220602526726,0.06639278217669799,0.08031122608476216
B,two_to_one/L1/attention_output,current,4116,0.007774538386783284,0.005661252349295779,0.010048934553342492
B,two_to_one/L1/attention_output,one,4116,0.6919339164237124,0.6801461410964601,0.7033062848088808
B,two_to_one/L1/attention_output,two,4116,0.10689990281827016,0.0987045444903011,0.11554389314387237
B,two_to_one/L1/mlp,current,4116,0.059402332361516035,0.054258250327186806,0.06473625188435282
B,two_to_one/L1/mlp,one,4116,0.6806365403304179,0.6687252200782717,0.6923460183135378
B,two_to_one/L1/mlp,two,4116,0.12317784256559766,0.11423226348303117,0.13251118119705727
B,two_to_one/L1/block_input,current,4116,0.00048590864917395527,0.0,0.0012251899044351876
B,two_to_one/L1/block_input,one,4116,0.0,0.0,0.0
B,two_to_one/L1/block_input,two,4116,0.9987852283770651,0.9975827748501633,0.9997568093385214
B,two_to_one/L2/pattern,current,4116,0.033527696793002916,0.030431540100128725,0.03668851614465968
B,two_to_one/L2/pattern,one,4116,0.6637512147716229,0.6533073545746777,0.674033165852617
B,two_to_one/L2/pattern,two,4116,0.15269679300291544,0.1441260856238607,0.16084783828221985
B,two_to_one/L2/value,current,4116,0.0032798833819241984,0.002045125316729194,0.0047295658501091435
B,two_to_one/L2/value,one,4116,0.337220602526725,0.32737643145454265,0.34700165771107844
B,two_to_one/L2/value,two,4116,0.45675413022351796,0.44671012011934297,0.46702494744430134
B,two_to_one/L2/pattern_value,current,4116,0.00012147716229348882,0.0,0.00036982476524708335
B,two_to_one/L2/pattern_value,one,4116,0.010082604470359573,0.0074244020365244225,0.012933189740619805
B,two_to_one/L2/pattern_value,two,4116,0.9605199222546161,0.954811152863246,0.9660160841930675
B,two_to_one/L2/query,current,4116,0.005344995140913508,0.003783140754071161,0.007004857637552905
B,two_to_one/L2/query,one,4116,0.7414965986394558,0.7324195111966949,0.7500631282082671
B,two_to_one/L2/query,two,4116,0.14006316812439262,0.13278573783999692,0.14788774563548956
B,two_to_one/L2/key,current,4116,0.008503401360544218,0.006319630348156257,0.0108802089620536
B,two_to_one/L2/key,one,4116,0.7376093294460642,0.7265642303433001,0.748303605429455
B,two_to_one/L2/key,two,4116,0.11467444120505345,0.10636456194789891,0.12316626725841476
B,two_to_one/L2/query_key,current,4116,0.033527696793002916,0.030431540100128725,0.03668851614465968
B,two_to_one/L2/query_key,one,4116,0.6637512147716229,0.6533073545746777,0.674033165852617
B,two_to_one/L2/query_key,two,4116,0.15269679300291544,0.1441260856238607,0.16084783828221985
B,two_to_one/L2/attention_output,current,4116,0.00012147716229348882,0.0,0.00036982476524708335
B,two_to_one/L2/attention_output,one,4116,0.010082604470359573,0.0074244020365244225,0.012933189740619805
B,two_to_one/L2/attention_output,two,4116,0.9605199222546161,0.954811152863246,0.9660160841930675
B,two_to_one/L2/mlp,current,4116,0.00036443148688046647,0.0,0.0009748964172556666
B,two_to_one/L2/mlp,one,4116,0.04154518950437318,0.036290149585999104,0.04688644914032559
B,two_to_one/L2/mlp,two,4116,0.9535957240038873,0.9478193765734325,0.9593222077672365
B,two_to_one/L2/block_input,current,4116,0.00048590864917395527,0.0,0.0012251899044351876
B,two_to_one/L2/block_input,one,4116,0.0,0.0,0.0
B,two_to_one/L2/block_input,two,4116,0.9987852283770651,0.9975827748501633,0.9997568093385214
B,two_to_one/L12/pattern,current,4116,0.03522837706511176,0.0321076762417029,0.038461538461538464
B,two_to_one/L12/pattern,one,4116,0.6576773566569485,0.6474620303068761,0.6677546300713714
B,two_to_one/L12/pattern,two,4116,0.1522108843537415,0.14381058622392015,0.16055833763054636
B,two_to_one/L12/value,current,4116,0.004616132167152575,0.003056963461514314,0.0063134514371233075
B,two_to_one/L12/value,one,4116,0.37366375121477163,0.3626523623085746,0.38442957223992114
B,two_to_one/L12/value,two,4116,0.4159378036929057,0.4053759150030035,0.4268566389358153
B,two_to_one/L12/pattern_value,current,4116,0.0,0.0,0.0
B,two_to_one/L12/pattern_value,one,4116,0.011783284742468416,0.009039493283953641,0.014695798109406721
B,two_to_one/L12/pattern_value,two,4116,0.9568756073858115,0.95103571179041,0.9625999137028549
B,two_to_one/L12/query,current,4116,0.004616132167152575,0.003153770593409262,0.006215040433775417
B,two_to_one/L12/query,one,4116,0.7422254616132167,0.7332202809146807,0.7509047701325382
B,two_to_one/L12/query,two,4116,0.13617589893100096,0.12938312447551206,0.1435873412689152
B,two_to_one/L12/key,current,4116,0.009475218658892129,0.007173472588615829,0.012009850014987796
B,two_to_one/L12/key,one,4116,0.7250971817298348,0.7139562826008824,0.735656427996655
B,two_to_one/L12/key,two,4116,0.11661807580174927,0.1081346708393701,0.12524341292833183
B,two_to_one/L12/query_key,current,4116,0.03522837706511176,0.0321076762417029,0.038461538461538464
B,two_to_one/L12/query_key,one,4116,0.6576773566569485,0.6474620303068761,0.6677546300713714
B,two_to_one/L12/query_key,two,4116,0.1522108843537415,0.14381058622392015,0.16055833763054636
B,two_to_one/L12/attention_output,current,4116,0.0,0.0,0.0
B,two_to_one/L12/attention_output,one,4116,0.011783284742468416,0.009039493283953641,0.014695798109406721
B,two_to_one/L12/attention_output,two,4116,0.9568756073858115,0.95103571179041,0.9625999137028549
B,two_to_one/L12/mlp,current,4116,0.00036443148688046647,0.0,0.0009748964172556666
B,two_to_one/L12/mlp,one,4116,0.05381438289601555,0.04787464665823239,0.059752644910574804
B,two_to_one/L12/mlp,two,4116,0.9369533527696793,0.9303764770127346,0.9435782892618328
B,two_to_one/L12/block_input,current,4116,0.00048590864917395527,0.0,0.0012251899044351876
B,two_to_one/L12/block_input,one,4116,0.0,0.0,0.0
B,two_to_one/L12/block_input,two,4116,0.9987852283770651,0.9975827748501633,0.9997568093385214
B,two_to_one/L2_answer/pattern,current,4116,0.033527696793002916,0.030431540100128725,0.03668851614465968
B,two_to_one/L2_answer/pattern,one,4116,0.6637512147716229,0.6533073545746777,0.674033165852617
B,two_to_one/L2_answer/pattern,two,4116,0.15269679300291544,0.1441260856238607,0.16084783828221985
D,raw_to_one/L1/pattern,current,4116,0.0007288629737609329,0.00024078834136874097,0.001344414568565143
D,raw_to_one/L1/pattern,one,4116,0.8623663751214772,0.8526372861052881,0.871862044403574
D,raw_to_one/L1/pattern,two,4116,0.0674198250728863,0.06065763493407024,0.07412301777991351
D,raw_to_one/L1/value,current,4116,0.0009718172983479105,0.00024313005669562615,0.001912137462180317
D,raw_to_one/L1/value,one,4116,0.8346695821185617,0.8239245184073661,0.8450570591233211
D,raw_to_one/L1/value,two,4116,0.07543731778425657,0.0683478874794901,0.08276222519854147
D,raw_to_one/L1/pattern_value,current,4116,0.00024295432458697764,0.0,0.0006112469437652812
D,raw_to_one/L1/pattern_value,one,4116,0.7866861030126336,0.7727922833225318,0.7997109642849034
D,raw_to_one/L1/pattern_value,two,4116,0.06705539358600583,0.06014015859075349,0.07395423499646019
D,raw_to_one/L1/query,current,4116,0.0007288629737609329,0.00024125452352231604,0.001337223437879893
D,raw_to_one/L1/query,one,4116,0.8567784256559767,0.8461055079851609,0.8671845175963686
D,raw_to_one/L1/query,two,4116,0.06535471331389699,0.058337283260411606,0.07237023689134128
D,raw_to_one/L1/key,current,4116,0.0008503401360544217,0.00024509803921568627,0.0014731156395777069
D,raw_to_one/L1/key,one,4116,0.8594509232264335,0.8491044271048207,0.8692384180541215
D,raw_to_one/L1/key,two,4116,0.06462585034013606,0.057784950608487165,0.07141177227966278
D,raw_to_one/L1/query_key,current,4116,0.0007288629737609329,0.00024078834136874097,0.001344414568565143
D,raw_to_one/L1/query_key,one,4116,0.8623663751214772,0.8526372861052881,0.871862044403574
D,raw_to_one/L1/query_key,two,4116,0.0674198250728863,0.06065763493407024,0.07412301777991351
D,raw_to_one/L1/attention_output,current,4116,0.00024295432458697764,0.0,0.0006112469437652812
D,raw_to_one/L1/attention_output,one,4116,0.7866861030126336,0.7727922833225318,0.7997109642849034
D,raw_to_one/L1/attention_output,two,4116,0.06705539358600583,0.06014015859075349,0.07395423499646019
D,raw_to_one/L1/mlp,current,4116,0.08515549076773567,0.07712670379123902,0.09346169452851788
D,raw_to_one/L1/mlp,one,4116,0.7045675413022352,0.6914248615565252,0.7176714705352656
D,raw_to_one/L1/mlp,two,4116,0.11746841593780369,0.10779016989157203,0.12708232612873166
D,raw_to_one/L1/block_input,current,4116,0.999757045675413,0.9992619789934974,1.0
D,raw_to_one/L1/block_input,one,4116,0.0,0.0,0.0
D,raw_to_one/L1/block_input,two,4116,0.0,0.0,0.0
D,raw_to_one/L2/pattern,current,4116,0.1129737609329446,0.10571005248911113,0.12032347127352654
D,raw_to_one/L2/pattern,one,4116,0.15816326530612246,0.14863213120706692,0.16756440412239504
D,raw_to_one/L2/pattern,two,4116,0.1509961127308066,0.14336250889618574,0.15872064932149155
D,raw_to_one/L2/value,current,4116,0.0010932944606413995,0.0003663003663003663,0.00195409107569956
D,raw_to_one/L2/value,one,4116,0.11139455782312925,0.10247663125802363,0.1201514925249455
D,raw_to_one/L2/value,two,4116,0.8327259475218659,0.8222938978007509,0.8429222363008573
D,raw_to_one/L2/pattern_value,current,4116,0.038386783284742466,0.03296810079467427,0.04365924644171373
D,raw_to_one/L2/pattern_value,one,4116,0.15245383867832848,0.13992449283077668,0.1653871093696956
D,raw_to_one/L2/pattern_value,two,4116,0.3430515063168124,0.3276620370438332,0.35803432709925465
D,raw_to_one/L2/query,current,4116,0.07495140913508261,0.0671631076491198,0.08317191868715489
D,raw_to_one/L2/query,one,4116,0.26068999028182704,0.24576624559503707,0.27637114911150135
D,raw_to_one/L2/query,two,4116,0.18063654033041787,0.1692795733386438,0.19202095175397124
D,raw_to_one/L2/key,current,4116,0.024416909620991252,0.019913494477134114,0.029278825545381578
D,raw_to_one/L2/key,one,4116,0.4685374149659864,0.4505440050974231,0.48549554534223915
D,raw_to_one/L2/key,two,4116,0.17431972789115646,0.1618268311943863,0.1874556031097777
D,raw_to_one/L2/query_key,current,4116,0.1129737609329446,0.10571005248911113,0.12032347127352654
D,raw_to_one/L2/query_key,one,4116,0.15816326530612246,0.14863213120706692,0.16756440412239504
D,raw_to_one/L2/query_key,two,4116,0.1509961127308066,0.14336250889618574,0.15872064932149155
D,raw_to_one/L2/attention_output,current,4116,0.038386783284742466,0.03296810079467427,0.04365924644171373
D,raw_to_one/L2/attention_output,one,4116,0.15245383867832848,0.13992449283077668,0.1653871093696956
D,raw_to_one/L2/attention_output,two,4116,0.3430515063168124,0.3276620370438332,0.35803432709925465
D,raw_to_one/L2/mlp,current,4116,0.8482750242954324,0.837098851687685,0.8589625411831068
D,raw_to_one/L2/mlp,one,4116,0.09365889212827988,0.08421674196787149,0.10329104117117568
D,raw_to_one/L2/mlp,two,4116,0.01858600583090379,0.014937048982389343,0.022422102394420343
D,raw_to_one/L2/block_input,current,4116,0.999757045675413,0.9992619789934974,1.0
D,raw_to_one/L2/block_input,one,4116,0.0,0.0,0.0
D,raw_to_one/L2/block_input,two,4116,0.0,0.0,0.0
D,raw_to_one/L12/pattern,current,4116,0.11321671525753159,0.10628020649938054,0.12024861539130915
D,raw_to_one/L12/pattern,one,4116,0.1446793002915452,0.13685468322226252,0.1525833349898609
D,raw_to_one/L12/pattern,two,4116,0.13860544217687074,0.13189466521057597,0.14542736338552195
D,raw_to_one/L12/value,current,4116,0.0009718172983479105,0.00035744725515942413,0.0018133681603422667
D,raw_to_one/L12/value,one,4116,0.13629737609329445,0.12724371752599253,0.14499451547265865
D,raw_to_one/L12/value,two,4116,0.7757531584062196,0.7647631139463519,0.7869619644417258
D,raw_to_one/L12/pattern_value,current,4116,0.012876579203109815,0.009978028675489463,0.015976829727852214
D,raw_to_one/L12/pattern_value,one,4116,0.14334305150631682,0.13197124009934538,0.1547458239275719
D,raw_to_one/L12/pattern_value,two,4116,0.3293245869776482,0.3152622882407345,0.3430314964088822
D,raw_to_one/L12/query,current,4116,0.06389698736637513,0.05623143448484506,0.07183549914883837
D,raw_to_one/L12/query,one,4116,0.2597181729834791,0.24525279870345554,0.27482438751359173
D,raw_to_one/L12/query,two,4116,0.18185131195335277,0.17023593705782317,0.19351400122260887
D,raw_to_one/L12/key,current,4116,0.02453838678328474,0.020145366225672555,0.02926227052444998
D,raw_to_one/L12/key,one,4116,0.4597910592808552,0.4419307591957187,0.47676778702257583
D,raw_to_one/L12/key,two,4116,0.1761418853255588,0.16375038156665617,0.1893410796765053
D,raw_to_one/L12/query_key,current,4116,0.11321671525753159,0.10628020649938054,0.12024861539130915
D,raw_to_one/L12/query_key,one,4116,0.1446793002915452,0.13685468322226252,0.1525833349898609
D,raw_to_one/L12/query_key,two,4116,0.13860544217687074,0.13189466521057597,0.14542736338552195
D,raw_to_one/L12/attention_output,current,4116,0.012876579203109815,0.009978028675489463,0.015976829727852214
D,raw_to_one/L12/attention_output,one,4116,0.14334305150631682,0.13197124009934538,0.1547458239275719
D,raw_to_one/L12/attention_output,two,4116,0.3293245869776482,0.3152622882407345,0.3430314964088822
D,raw_to_one/L12/mlp,current,4116,0.9573615160349854,0.9519254346265962,0.9627999569113823
D,raw_to_one/L12/mlp,one,4116,0.01882896015549077,0.01525211232504482,0.022370012091898428
D,raw_to_one/L12/mlp,two,4116,0.01239067055393586,0.009482700243697408,0.015445485976053169
D,raw_to_one/L12/block_input,current,4116,0.999757045675413,0.9992619789934974,1.0
D,raw_to_one/L12/block_input,one,4116,0.0,0.0,0.0
D,raw_to_one/L12/block_input,two,4116,0.0,0.0,0.0
D,raw_to_one/L2_answer/pattern,current,4116,0.1129737609329446,0.10571005248911113,0.12032347127352654
D,raw_to_one/L2_answer/pattern,one,4116,0.15816326530612246,0.14863213120706692,0.16756440412239504
D,raw_to_one/L2_answer/pattern,two,4116,0.1509961127308066,0.14336250889618574,0.15872064932149155
D,raw_to_two/L1/pattern,current,4116,0.00012147716229348882,0.0,0.0003687315634218289
D,raw_to_two/L1/pattern,one,4116,0.0,0.0,0.0
D,raw_to_two/L1/pattern,two,4116,0.9996355685131195,0.9990260530801072,1.0
D,raw_to_two/L1/value,current,4116,0.00012147716229348882,0.0,0.0003702812291432385
D,raw_to_two/L1/value,one,4116,0.0,0.0,0.0
D,raw_to_two/L1/value,two,4116,0.9996355685131195,0.9990239021893302,1.0
D,raw_to_two/L1/pattern_value,current,4116,0.00012147716229348882,0.0,0.0003687315634218289
D,raw_to_two/L1/pattern_value,one,4116,0.0,0.0,0.0
D,raw_to_two/L1/pattern_value,two,4116,0.9996355685131195,0.9990260530801072,1.0
D,raw_to_two/L1/query,current,4116,0.00036443148688046647,0.0,0.0009765684619200243
D,raw_to_two/L1/query,one,4116,0.0,0.0,0.0
D,raw_to_two/L1/query,two,4116,0.999271137026239,0.9984246147857636,0.9998806988645538
D,raw_to_two/L1/key,current,4116,0.00012147716229348882,0.0,0.0003702812291432385
D,raw_to_two/L1/key,one,4116,0.0,0.0,0.0
D,raw_to_two/L1/key,two,4116,0.9996355685131195,0.9990239021893302,1.0
D,raw_to_two/L1/query_key,current,4116,0.00012147716229348882,0.0,0.0003687315634218289
D,raw_to_two/L1/query_key,one,4116,0.0,0.0,0.0
D,raw_to_two/L1/query_key,two,4116,0.9996355685131195,0.9990260530801072,1.0
D,raw_to_two/L1/attention_output,current,4116,0.00012147716229348882,0.0,0.0003687315634218289
D,raw_to_two/L1/attention_output,one,4116,0.0,0.0,0.0
D,raw_to_two/L1/attention_output,two,4116,0.9996355685131195,0.9990260530801072,1.0
D,raw_to_two/L1/mlp,current,4116,0.0029154518950437317,0.0015776603319959572,0.004446143912705208
D,raw_to_two/L1/mlp,one,4116,0.0,0.0,0.0
D,raw_to_two/L1/mlp,two,4116,0.9965986394557823,0.9949188528052426,0.9980615459171311
D,raw_to_two/L1/block_input,current,4116,0.999757045675413,0.9992619789934974,1.0
D,raw_to_two/L1/block_input,one,4116,0.0,0.0,0.0
D,raw_to_two/L1/block_input,two,4116,0.0,0.0,0.0
D,raw_to_two/L2/pattern,current,4116,0.9929543245869776,0.990616605856838,0.9952253277717132
D,raw_to_two/L2/pattern,one,4116,0.0007288629737609329,0.00012260837065311737,0.0014573807245928316
D,raw_to_two/L2/pattern,two,4116,0.0029154518950437317,0.0015673792302560348,0.004469840885507349
D,raw_to_two/L2/value,current,4116,0.00036443148688046647,0.0,0.000981601115558487
D,raw_to_two/L2/value,one,4116,0.0,0.0,0.0
D,raw_to_two/L2/value,two,4116,0.9986637512147716,0.9975721967837688,0.9995160900072586
D,raw_to_two/L2/pattern_value,current,4116,0.9846938775510204,0.9811320180455826,0.9880953103855096
D,raw_to_two/L2/pattern_value,one,4116,0.0012147716229348883,0.0003623166531923606,0.002299156585698581
D,raw_to_two/L2/pattern_value,two,4116,0.008746355685131196,0.006262125340533787,0.011532088632416379
D,raw_to_two/L2/query,current,4116,0.9548104956268222,0.9490807376974177,0.9602522166268262
D,raw_to_two/L2/query,one,4116,0.0017006802721088435,0.0007365442668358397,0.002827741522553131
D,raw_to_two/L2/query,two,4116,0.03741496598639456,0.03239577919623184,0.04271210482263813
D,raw_to_two/L2/key,current,4116,0.04725461613216715,0.04184917241009892,0.05273543085851028
D,raw_to_two/L2/key,one,4116,0.0,0.0,0.0
D,raw_to_two/L2/key,two,4116,0.9525024295432458,0.9470206432528936,0.9579484966270312
D,raw_to_two/L2/query_key,current,4116,0.9929543245869776,0.990616605856838,0.9952253277717132
D,raw_to_two/L2/query_key,one,4116,0.0007288629737609329,0.00012260837065311737,0.0014573807245928316
D,raw_to_two/L2/query_key,two,4116,0.0029154518950437317,0.0015673792302560348,0.004469840885507349
D,raw_to_two/L2/attention_output,current,4116,0.9846938775510204,0.9811320180455826,0.9880953103855096
D,raw_to_two/L2/attention_output,one,4116,0.0012147716229348883,0.0003623166531923606,0.002299156585698581
D,raw_to_two/L2/attention_output,two,4116,0.008746355685131196,0.006262125340533787,0.011532088632416379
D,raw_to_two/L2/mlp,current,4116,0.8182701652089407,0.8083709370504486,0.8279768913266974
D,raw_to_two/L2/mlp,one,4116,0.0008503401360544217,0.00012168262807363372,0.0018103042620893726
D,raw_to_two/L2/mlp,two,4116,0.18015063168124393,0.17053696140211774,0.19018493564546146
D,raw_to_two/L2/block_input,current,4116,0.999757045675413,0.9992619789934974,1.0
D,raw_to_two/L2/block_input,one,4116,0.0,0.0,0.0
D,raw_to_two/L2/block_input,two,4116,0.0,0.0,0.0
D,raw_to_two/L12/pattern,current,4116,0.9948979591836735,0.9926988201561041,0.9969594511716631
D,raw_to_two/L12/pattern,one,4116,0.0007288629737609329,0.00012054001928640309,0.0015738689420387781
D,raw_to_two/L12/pattern,two,4116,0.001943634596695821,0.0007309852505105921,0.00341796875
D,raw_to_two/L12/value,current,4116,0.00024295432458697764,0.0,0.000612302382989863
D,raw_to_two/L12/value,one,4116,0.0,0.0,0.0
D,raw_to_two/L12/value,two,4116,0.9987852283770651,0.9978118028889135,0.9995222197662983
D,raw_to_two/L12/pattern_value,current,4116,0.9825072886297376,0.9788010943125927,0.9860528519082403
D,raw_to_two/L12/pattern_value,one,4116,0.0014577259475218659,0.0006005212558239727,0.0025240536336859822
D,raw_to_two/L12/pattern_value,two,4116,0.009596695821185617,0.007018393030009681,0.012524401951690184
D,raw_to_two/L12/query,current,4116,0.967930029154519,0.9627606315096016,0.9727674190382728
D,raw_to_two/L12/query,one,4116,0.001336248785228377,0.0004841442749939482,0.0024178242137896894
D,raw_to_two/L12/query,two,4116,0.027453838678328474,0.023006402378026123,0.03226589182701973
D,raw_to_two/L12/key,current,4116,0.05029154518950437,0.04475079970162778,0.05596196049743965
D,raw_to_two/L12/key,one,4116,0.0,0.0,0.0
D,raw_to_two/L12/key,two,4116,0.9494655004859086,0.9437560361460665,0.955028330799368
D,raw_to_two/L12/query_key,current,4116,0.9948979591836735,0.9926988201561041,0.9969594511716631
D,raw_to_two/L12/query_key,one,4116,0.0007288629737609329,0.00012054001928640309,0.0015738689420387781
D,raw_to_two/L12/query_key,two,4116,0.001943634596695821,0.0007309852505105921,0.00341796875
D,raw_to_two/L12/attention_output,current,4116,0.9825072886297376,0.9788010943125927,0.9860528519082403
D,raw_to_two/L12/attention_output,one,4116,0.0014577259475218659,0.0006005212558239727,0.0025240536336859822
D,raw_to_two/L12/attention_output,two,4116,0.009596695821185617,0.007018393030009681,0.012524401951690184
D,raw_to_two/L12/mlp,current,4116,0.8994169096209913,0.8914091718695049,0.9070168107411957
D,raw_to_two/L12/mlp,one,4116,0.0006073858114674441,0.0,0.0014485755673587638
D,raw_to_two/L12/mlp,two,4116,0.09936831875607385,0.09192304471716091,0.10732481424950889
D,raw_to_two/L12/block_input,current,4116,0.999757045675413,0.9992619789934974,1.0
D,raw_to_two/L12/block_input,one,4116,0.0,0.0,0.0
D,raw_to_two/L12/block_input,two,4116,0.0,0.0,0.0
D,raw_to_two/L2_answer/pattern,current,4116,0.9929543245869776,0.990616605856838,0.9952253277717132
D,raw_to_two/L2_answer/pattern,one,4116,0.0007288629737609329,0.00012260837065311737,0.0014573807245928316
D,raw_to_two/L2_answer/pattern,two,4116,0.0029154518950437317,0.0015673792302560348,0.004469840885507349
D,one_to_raw/L1/pattern,current,4116,0.999757045675413,0.9992619789934974,1.0
D,one_to_raw/L1/pattern,one,4116,0.0,0.0,0.0
D,one_to_raw/L1/pattern,two,4116,0.0,0.0,0.0
D,one_to_raw/L1/value,current,4116,0.999757045675413,0.9992619789934974,1.0
D,one_to_raw/L1/value,one,4116,0.0,0.0,0.0
D,one_to_raw/L1/value,two,4116,0.0,0.0,0.0
D,one_to_raw/L1/pattern_value,current,4116,0.999757045675413,0.9992619789934974,1.0
D,one_to_raw/L1/pattern_value,one,4116,0.0,0.0,0.0
D,one_to_raw/L1/pattern_value,two,4116,0.0,0.0,0.0
D,one_to_raw/L1/query,current,4116,0.999757045675413,0.9992619789934974,1.0
D,one_to_raw/L1/query,one,4116,0.0,0.0,0.0
D,one_to_raw/L1/query,two,4116,0.0,0.0,0.0
D,one_to_raw/L1/key,current,4116,0.999757045675413,0.9992619789934974,1.0
D,one_to_raw/L1/key,one,4116,0.0,0.0,0.0
D,one_to_raw/L1/key,two,4116,0.0,0.0,0.0
D,one_to_raw/L1/query_key,current,4116,0.999757045675413,0.9992619789934974,1.0
D,one_to_raw/L1/query_key,one,4116,0.0,0.0,0.0
D,one_to_raw/L1/query_key,two,4116,0.0,0.0,0.0
D,one_to_raw/L1/attention_output,current,4116,0.999757045675413,0.9992619789934974,1.0
D,one_to_raw/L1/attention_output,one,4116,0.0,0.0,0.0
D,one_to_raw/L1/attention_output,two,4116,0.0,0.0,0.0
D,one_to_raw/L1/mlp,current,4116,0.999757045675413,0.9992619789934974,1.0
D,one_to_raw/L1/mlp,one,4116,0.0,0.0,0.0
D,one_to_raw/L1/mlp,two,4116,0.0,0.0,0.0
D,one_to_raw/L1/block_input,current,4116,0.0009718172983479105,0.00035901916166018857,0.0017832093405694314
D,one_to_raw/L1/block_input,one,4116,0.8600583090379009,0.8497049521587431,0.8700674423354177
D,one_to_raw/L1/block_input,two,4116,0.06316812439261418,0.05650254140970497,0.07000751958018085
D,one_to_raw/L2/pattern,current,4116,0.999271137026239,0.9983099747607284,1.0
D,one_to_raw/L2/pattern,one,4116,0.0,0.0,0.0
D,one_to_raw/L2/pattern,two,4116,0.00048590864917395527,0.0,0.0012204126232799913
D,one_to_raw/L2/value,current,4116,0.999757045675413,0.9992619789934974,1.0
D,one_to_raw/L2/value,one,4116,0.0,0.0,0.0
D,one_to_raw/L2/value,two,4116,0.0,0.0,0.0
D,one_to_raw/L2/pattern_value,current,4116,0.999514091350826,0.9987925621830476,1.0
D,one_to_raw/L2/pattern_value,one,4116,0.0,0.0,0.0
D,one_to_raw/L2/pattern_value,two,4116,0.0,0.0,0.0
D,one_to_raw/L2/query,current,4116,0.999271137026239,0.9983099747607284,1.0
D,one_to_raw/L2/query,one,4116,0.0,0.0,0.0
D,one_to_raw/L2/query,two,4116,0.00048590864917395527,0.0,0.0012204126232799913
D,one_to_raw/L2/key,current,4116,0.999757045675413,0.9992619789934974,1.0
D,one_to_raw/L2/key,one,4116,0.0,0.0,0.0
D,one_to_raw/L2/key,two,4116,0.0,0.0,0.0
D,one_to_raw/L2/query_key,current,4116,0.999271137026239,0.9983099747607284,1.0
D,one_to_raw/L2/query_key,one,4116,0.0,0.0,0.0
D,one_to_raw/L2/query_key,two,4116,0.00048590864917395527,0.0,0.0012204126232799913
D,one_to_raw/L2/attention_output,current,4116,0.999514091350826,0.9987925621830476,1.0
D,one_to_raw/L2/attention_output,one,4116,0.0,0.0,0.0
D,one_to_raw/L2/attention_output,two,4116,0.0,0.0,0.0
D,one_to_raw/L2/mlp,current,4116,0.999271137026239,0.998420768093629,0.9998796355357245
D,one_to_raw/L2/mlp,one,4116,0.00036443148688046647,0.0,0.000978730965841622
D,one_to_raw/L2/mlp,two,4116,0.0,0.0,0.0
D,one_to_raw/L2/block_input,current,4116,0.0009718172983479105,0.00035901916166018857,0.0017832093405694314
D,one_to_raw/L2/block_input,one,4116,0.8600583090379009,0.8497049521587431,0.8700674423354177
D,one_to_raw/L2/block_input,two,4116,0.06316812439261418,0.05650254140970497,0.07000751958018085
D,one_to_raw/L12/pattern,current,4116,0.999271137026239,0.9983099747607284,1.0
D,one_to_raw/L12/pattern,one,4116,0.0,0.0,0.0
D,one_to_raw/L12/pattern,two,4116,0.00048590864917395527,0.0,0.0012204126232799913
D,one_to_raw/L12/value,current,4116,0.999757045675413,0.9992619789934974,1.0
D,one_to_raw/L12/value,one,4116,0.0,0.0,0.0
D,one_to_raw/L12/value,two,4116,0.0,0.0,0.0
D,one_to_raw/L12/pattern_value,current,4116,0.9993926141885325,0.9985394174625587,1.0
D,one_to_raw/L12/pattern_value,one,4116,0.0,0.0,0.0
D,one_to_raw/L12/pattern_value,two,4116,0.0,0.0,0.0
D,one_to_raw/L12/query,current,4116,0.999271137026239,0.9983099747607284,1.0
D,one_to_raw/L12/query,one,4116,0.0,0.0,0.0
D,one_to_raw/L12/query,two,4116,0.00048590864917395527,0.0,0.0012204126232799913
D,one_to_raw/L12/key,current,4116,0.999757045675413,0.9992619789934974,1.0
D,one_to_raw/L12/key,one,4116,0.0,0.0,0.0
D,one_to_raw/L12/key,two,4116,0.0,0.0,0.0
D,one_to_raw/L12/query_key,current,4116,0.999271137026239,0.9983099747607284,1.0
D,one_to_raw/L12/query_key,one,4116,0.0,0.0,0.0
D,one_to_raw/L12/query_key,two,4116,0.00048590864917395527,0.0,0.0012204126232799913
D,one_to_raw/L12/attention_output,current,4116,0.9993926141885325,0.9985394174625587,1.0
D,one_to_raw/L12/attention_output,one,4116,0.0,0.0,0.0
D,one_to_raw/L12/attention_output,two,4116,0.0,0.0,0.0
D,one_to_raw/L12/mlp,current,4116,0.9993926141885325,0.998554539030109,1.0
D,one_to_raw/L12/mlp,one,4116,0.00036443148688046647,0.0,0.000978730965841622
D,one_to_raw/L12/mlp,two,4116,0.0,0.0,0.0
D,one_to_raw/L12/block_input,current,4116,0.0009718172983479105,0.00035901916166018857,0.0017832093405694314
D,one_to_raw/L12/block_input,one,4116,0.8600583090379009,0.8497049521587431,0.8700674423354177
D,one_to_raw/L12/block_input,two,4116,0.06316812439261418,0.05650254140970497,0.07000751958018085
D,one_to_raw/L2_answer/pattern,current,4116,0.999271137026239,0.9983099747607284,1.0
D,one_to_raw/L2_answer/pattern,one,4116,0.0,0.0,0.0
D,one_to_raw/L2_answer/pattern,two,4116,0.00048590864917395527,0.0,0.0012204126232799913
D,one_to_two/L1/pattern,current,4116,0.001943634596695821,0.0008629138146792817,0.0031500260663333106
D,one_to_two/L1/pattern,one,4116,0.0,0.0,0.0
D,one_to_two/L1/pattern,two,4116,0.9976919339164237,0.9963536913605517,0.998889464695643
D,one_to_two/L1/value,current,4116,0.00619533527696793,0.0042890844373245016,0.008267761789221149
D,one_to_two/L1/value,one,4116,0.0,0.0,0.0
D,one_to_two/L1/value,two,4116,0.9935617103984451,0.9914188640580472,0.995506572993459
D,one_to_two/L1/pattern_value,current,4116,0.00510204081632653,0.0034146133304785863,0.006881836822945147
D,one_to_two/L1/pattern_value,one,4116,0.0,0.0,0.0
D,one_to_two/L1/pattern_value,two,4116,0.9946550048590865,0.9927854780127008,0.9963760033455311
D,one_to_two/L1/query,current,4116,0.0014577259475218659,0.0004885197850512946,0.002558495121242052
D,one_to_two/L1/query,one,4116,0.0,0.0,0.0
D,one_to_two/L1/query,two,4116,0.9981778425655977,0.996953430128601,0.9992686538954919
D,one_to_two/L1/key,current,4116,0.0017006802721088435,0.000724112961622013,0.0028776978417266188
D,one_to_two/L1/key,one,4116,0.0,0.0,0.0
D,one_to_two/L1/key,two,4116,0.9979348882410107,0.9966289023274587,0.9990338222581537
D,one_to_two/L1/query_key,current,4116,0.001943634596695821,0.0008629138146792817,0.0031500260663333106
D,one_to_two/L1/query_key,one,4116,0.0,0.0,0.0
D,one_to_two/L1/query_key,two,4116,0.9976919339164237,0.9963536913605517,0.998889464695643
D,one_to_two/L1/attention_output,current,4116,0.00510204081632653,0.0034146133304785863,0.006881836822945147
D,one_to_two/L1/attention_output,one,4116,0.0,0.0,0.0
D,one_to_two/L1/attention_output,two,4116,0.9946550048590865,0.9927854780127008,0.9963760033455311
D,one_to_two/L1/mlp,current,4116,0.0,0.0,0.0
D,one_to_two/L1/mlp,one,4116,0.0,0.0,0.0
D,one_to_two/L1/mlp,two,4116,0.9996355685131195,0.9990260471500845,1.0
D,one_to_two/L1/block_input,current,4116,0.0009718172983479105,0.00035901916166018857,0.0017832093405694314
D,one_to_two/L1/block_input,one,4116,0.8600583090379009,0.8497049521587431,0.8700674423354177
D,one_to_two/L1/block_input,two,4116,0.06316812439261418,0.05650254140970497,0.07000751958018085
D,one_to_two/L2/pattern,current,4116,0.8035714285714286,0.7933070629996827,0.8135642024176237
D,one_to_two/L2/pattern,one,4116,0.0036443148688046646,0.0020873879072402283,0.00538667997561492
D,one_to_two/L2/pattern,two,4116,0.19205539358600582,0.18227063337127933,0.2020941136533297
D,one_to_two/L2/value,current,4116,0.9595481049562682,0.9538910005281894,0.9649190729698353
D,one_to_two/L2/value,one,4116,0.01858600583090379,0.01517358143637198,0.022254620056862236
D,one_to_two/L2/value,two,4116,0.009110787172011662,0.0067258784271946054,0.011594413090771508
D,one_to_two/L2/pattern_value,current,4116,0.9894314868804664,0.9865059464511744,0.9921703026919264
D,one_to_two/L2/pattern_value,one,4116,0.007531584062196307,0.005164713204514467,0.010019442729319428
D,one_to_two/L2/pattern_value,two,4116,0.0008503401360544217,0.00012156502834781308,0.0017942691069839972
D,one_to_two/L2/query,current,4116,0.7943391642371235,0.7846627714691904,0.804127568562368
D,one_to_two/L2/query,one,4116,0.001336248785228377,0.00036701512767559974,0.0024740380667676353
D,one_to_two/L2/query,two,4116,0.20250242954324588,0.19289007282227413,0.21210669716751013
D,one_to_two/L2/key,current,4116,0.48639455782312924,0.47482169350144837,0.4980425342167412
D,one_to_two/L2/key,one,4116,0.00012147716229348882,0.0,0.00036837161382513426
D,one_to_two/L2/key,two,4116,0.5132410106899903,0.5016307133515612,0.5248135111390665
D,one_to_two/L2/query_key,current,4116,0.8035714285714286,0.7933070629996827,0.8135642024176237
D,one_to_two/L2/query_key,one,4116,0.0036443148688046646,0.0020873879072402283,0.00538667997561492
D,one_to_two/L2/query_key,two,4116,0.19205539358600582,0.18227063337127933,0.2020941136533297
D,one_to_two/L2/attention_output,current,4116,0.9894314868804664,0.9865059464511744,0.9921703026919264
D,one_to_two/L2/attention_output,one,4116,0.007531584062196307,0.005164713204514467,0.010019442729319428
D,one_to_two/L2/attention_output,two,4116,0.0008503401360544217,0.00012156502834781308,0.0017942691069839972
D,one_to_two/L2/mlp,current,4116,0.0456754130223518,0.04019364667446737,0.05161932080387539
D,one_to_two/L2/mlp,one,4116,0.24501943634596696,0.2333980453789072,0.2565583439341745
D,one_to_two/L2/mlp,two,4116,0.7046890184645287,0.6927114537065343,0.7169225521463338
D,one_to_two/L2/block_input,current,4116,0.0009718172983479105,0.00035901916166018857,0.0017832093405694314
D,one_to_two/L2/block_input,one,4116,0.8600583090379009,0.8497049521587431,0.8700674423354177
D,one_to_two/L2/block_input,two,4116,0.06316812439261418,0.05650254140970497,0.07000751958018085
D,one_to_two/L12/pattern,current,4116,0.8949222546161322,0.8870294032101806,0.902660378879484
D,one_to_two/L12/pattern,one,4116,0.0024295432458697765,0.0012168336788451438,0.0037667071688942894
D,one_to_two/L12/pattern,two,4116,0.10179786200194363,0.09425115176962022,0.10948951581921604
D,one_to_two/L12/value,current,4116,0.9821428571428571,0.9784524707225689,0.9856622880890402
D,one_to_two/L12/value,one,4116,0.007896015549076773,0.005594609844139822,0.01029809971246186
D,one_to_two/L12/value,two,4116,0.002793974732750243,0.0015884652981427176,0.004154447702834799
D,one_to_two/L12/pattern_value,current,4116,0.9961127308066083,0.994333571530796,0.9976997857037379
D,one_to_two/L12/pattern_value,one,4116,0.0029154518950437317,0.0015734593737104035,0.004461083084954036
D,one_to_two/L12/pattern_value,two,4116,0.00012147716229348882,0.0,0.00037010307865230135
D,one_to_two/L12/query,current,4116,0.8549562682215743,0.8467623191134954,0.8632396779490311
D,one_to_two/L12/query,one,4116,0.0010932944606413995,0.0002442584013175122,0.0020818664081274797
D,one_to_two/L12/query,two,4116,0.1424927113702624,0.13419057384367053,0.15071310732414792
D,one_to_two/L12/key,current,4116,0.6777210884353742,0.6660182942922005,0.6897927718623014
D,one_to_two/L12/key,one,4116,0.0,0.0,0.0
D,one_to_two/L12/key,two,4116,0.32203595724003886,0.3100068879921761,0.3336582092190563
D,one_to_two/L12/query_key,current,4116,0.8949222546161322,0.8870294032101806,0.902660378879484
D,one_to_two/L12/query_key,one,4116,0.0024295432458697765,0.0012168336788451438,0.0037667071688942894
D,one_to_two/L12/query_key,two,4116,0.10179786200194363,0.09425115176962022,0.10948951581921604
D,one_to_two/L12/attention_output,current,4116,0.9961127308066083,0.994333571530796,0.9976997857037379
D,one_to_two/L12/attention_output,one,4116,0.0029154518950437317,0.0015734593737104035,0.004461083084954036
D,one_to_two/L12/attention_output,two,4116,0.00012147716229348882,0.0,0.00037010307865230135
D,one_to_two/L12/mlp,current,4116,0.03328474246841594,0.028448429639402164,0.038332427688743974
D,one_to_two/L12/mlp,one,4116,0.2751457725947522,0.26268050372549384,0.28742741509266556
D,one_to_two/L12/mlp,two,4116,0.6839164237123421,0.6712229780866963,0.6967437721812304
D,one_to_two/L12/block_input,current,4116,0.0009718172983479105,0.00035901916166018857,0.0017832093405694314
D,one_to_two/L12/block_input,one,4116,0.8600583090379009,0.8497049521587431,0.8700674423354177
D,one_to_two/L12/block_input,two,4116,0.06316812439261418,0.05650254140970497,0.07000751958018085
D,one_to_two/L2_answer/pattern,current,4116,0.8035714285714286,0.7933070629996827,0.8135642024176237
D,one_to_two/L2_answer/pattern,one,4116,0.0036443148688046646,0.0020873879072402283,0.00538667997561492
D,one_to_two/L2_answer/pattern,two,4116,0.19205539358600582,0.18227063337127933,0.2020941136533297
D,two_to_raw/L1/pattern,current,4116,0.999757045675413,0.9992619789934974,1.0
D,two_to_raw/L1/pattern,one,4116,0.0,0.0,0.0
D,two_to_raw/L1/pattern,two,4116,0.0,0.0,0.0
D,two_to_raw/L1/value,current,4116,0.999757045675413,0.9992619789934974,1.0
D,two_to_raw/L1/value,one,4116,0.0,0.0,0.0
D,two_to_raw/L1/value,two,4116,0.0,0.0,0.0
D,two_to_raw/L1/pattern_value,current,4116,0.999757045675413,0.9992619789934974,1.0
D,two_to_raw/L1/pattern_value,one,4116,0.0,0.0,0.0
D,two_to_raw/L1/pattern_value,two,4116,0.0,0.0,0.0
D,two_to_raw/L1/query,current,4116,0.999757045675413,0.9992619789934974,1.0
D,two_to_raw/L1/query,one,4116,0.0,0.0,0.0
D,two_to_raw/L1/query,two,4116,0.0,0.0,0.0
D,two_to_raw/L1/key,current,4116,0.999757045675413,0.9992619789934974,1.0
D,two_to_raw/L1/key,one,4116,0.0,0.0,0.0
D,two_to_raw/L1/key,two,4116,0.0,0.0,0.0
D,two_to_raw/L1/query_key,current,4116,0.999757045675413,0.9992619789934974,1.0
D,two_to_raw/L1/query_key,one,4116,0.0,0.0,0.0
D,two_to_raw/L1/query_key,two,4116,0.0,0.0,0.0
D,two_to_raw/L1/attention_output,current,4116,0.999757045675413,0.9992619789934974,1.0
D,two_to_raw/L1/attention_output,one,4116,0.0,0.0,0.0
D,two_to_raw/L1/attention_output,two,4116,0.0,0.0,0.0
D,two_to_raw/L1/mlp,current,4116,0.999757045675413,0.9992619789934974,1.0
D,two_to_raw/L1/mlp,one,4116,0.0,0.0,0.0
D,two_to_raw/L1/mlp,two,4116,0.0,0.0,0.0
D,two_to_raw/L1/block_input,current,4116,0.00012147716229348882,0.0,0.0003702812291432385
D,two_to_raw/L1/block_input,one,4116,0.0,0.0,0.0
D,two_to_raw/L1/block_input,two,4116,0.9996355685131195,0.9990239021893302,1.0
D,two_to_raw/L2/pattern,current,4116,0.9719387755102041,0.9669786935956077,0.976566671001215
D,two_to_raw/L2/pattern,one,4116,0.00012147716229348882,0.0,0.0003689129365469749
D,two_to_raw/L2/pattern,two,4116,0.027453838678328474,0.022951232600052527,0.032220213086703704
D,two_to_raw/L2/value,current,4116,0.999757045675413,0.9992619789934974,1.0
D,two_to_raw/L2/value,one,4116,0.0,0.0,0.0
D,two_to_raw/L2/value,two,4116,0.0,0.0,0.0
D,two_to_raw/L2/pattern_value,current,4116,0.9723032069970845,0.9676014895744589,0.9768030407661487
D,two_to_raw/L2/pattern_value,one,4116,0.0015792031098153547,0.000487679987220085,0.00280351048269137
D,two_to_raw/L2/pattern_value,two,4116,0.025145772594752185,0.020864011217081358,0.029511801243935723
D,two_to_raw/L2/query,current,4116,0.9896744412050534,0.9866942089040189,0.9924242424242424
D,two_to_raw/L2/query,one,4116,0.0,0.0,0.0
D,two_to_raw/L2/query,two,4116,0.009839650145772596,0.007119042290584651,0.012771139088409643
D,two_to_raw/L2/key,current,4116,0.999757045675413,0.9992619789934974,1.0
D,two_to_raw/L2/key,one,4116,0.0,0.0,0.0
D,two_to_raw/L2/key,two,4116,0.0,0.0,0.0
D,two_to_raw/L2/query_key,current,4116,0.9719387755102041,0.9669786935956077,0.976566671001215
D,two_to_raw/L2/query_key,one,4116,0.00012147716229348882,0.0,0.0003689129365469749
D,two_to_raw/L2/query_key,two,4116,0.027453838678328474,0.022951232600052527,0.032220213086703704
D,two_to_raw/L2/attention_output,current,4116,0.9723032069970845,0.9676014895744589,0.9768030407661487
D,two_to_raw/L2/attention_output,one,4116,0.0015792031098153547,0.000487679987220085,0.00280351048269137
D,two_to_raw/L2/attention_output,two,4116,0.025145772594752185,0.020864011217081358,0.029511801243935723
D,two_to_raw/L2/mlp,current,4116,0.9963556851311953,0.9943739482053197,0.9981486395339052
D,two_to_raw/L2/mlp,one,4116,0.0,0.0,0.0
D,two_to_raw/L2/mlp,two,4116,0.0031584062196307093,0.0015527487176751128,0.004988291311284005
D,two_to_raw/L2/block_input,current,4116,0.00012147716229348882,0.0,0.0003702812291432385
D,two_to_raw/L2/block_input,one,4116,0.0,0.0,0.0
D,two_to_raw/L2/block_input,two,4116,0.9996355685131195,0.9990239021893302,1.0
D,two_to_raw/L12/pattern,current,4116,0.9685374149659864,0.9633644956084386,0.9734494861009273
D,two_to_raw/L12/pattern,one,4116,0.00012147716229348882,0.0,0.0003689129365469749
D,two_to_raw/L12/pattern,two,4116,0.030855199222546162,0.026045051087591805,0.035877873152500725
D,two_to_raw/L12/value,current,4116,0.999757045675413,0.9992619789934974,1.0
D,two_to_raw/L12/value,one,4116,0.0,0.0,0.0
D,two_to_raw/L12/value,two,4116,0.0,0.0,0.0
D,two_to_raw/L12/pattern_value,current,4116,0.9690233236151603,0.9641896681290694,0.9737678411814858
D,two_to_raw/L12/pattern_value,one,4116,0.001336248785228377,0.00048355607203754954,0.002330845331617872
D,two_to_raw/L12/pattern_value,two,4116,0.028182701652089408,0.023775068360352942,0.032707346658972666
D,two_to_raw/L12/query,current,4116,0.9895529640427599,0.9864597904430684,0.9923803993870319
D,two_to_raw/L12/query,one,4116,0.0,0.0,0.0
D,two_to_raw/L12/query,two,4116,0.009961127308066083,0.007149695270021456,0.01294166553549613
D,two_to_raw/L12/key,current,4116,0.999757045675413,0.9992619789934974,1.0
D,two_to_raw/L12/key,one,4116,0.0,0.0,0.0
D,two_to_raw/L12/key,two,4116,0.0,0.0,0.0
D,two_to_raw/L12/query_key,current,4116,0.9685374149659864,0.9633644956084386,0.9734494861009273
D,two_to_raw/L12/query_key,one,4116,0.00012147716229348882,0.0,0.0003689129365469749
D,two_to_raw/L12/query_key,two,4116,0.030855199222546162,0.026045051087591805,0.035877873152500725
D,two_to_raw/L12/attention_output,current,4116,0.9690233236151603,0.9641896681290694,0.9737678411814858
D,two_to_raw/L12/attention_output,one,4116,0.001336248785228377,0.00048355607203754954,0.002330845331617872
D,two_to_raw/L12/attention_output,two,4116,0.028182701652089408,0.023775068360352942,0.032707346658972666
D,two_to_raw/L12/mlp,current,4116,0.9961127308066083,0.9940131359121541,0.9980421069348139
D,two_to_raw/L12/mlp,one,4116,0.0,0.0,0.0
D,two_to_raw/L12/mlp,two,4116,0.0036443148688046646,0.001807610102172644,0.005731882277613982
D,two_to_raw/L12/block_input,current,4116,0.00012147716229348882,0.0,0.0003702812291432385
D,two_to_raw/L12/block_input,one,4116,0.0,0.0,0.0
D,two_to_raw/L12/block_input,two,4116,0.9996355685131195,0.9990239021893302,1.0
D,two_to_raw/L2_answer/pattern,current,4116,0.9719387755102041,0.9669786935956077,0.976566671001215
D,two_to_raw/L2_answer/pattern,one,4116,0.00012147716229348882,0.0,0.0003689129365469749
D,two_to_raw/L2_answer/pattern,two,4116,0.027453838678328474,0.022951232600052527,0.032220213086703704
D,two_to_one/L1/pattern,current,4116,0.0007288629737609329,0.00012233762809779925,0.00146556830677467
D,two_to_one/L1/pattern,one,4116,0.8639455782312925,0.8543683642414346,0.8731542891422137
D,two_to_one/L1/pattern,two,4116,0.06778425655976676,0.06111782935752071,0.07457657318043412
D,two_to_one/L1/value,current,4116,0.0010932944606413995,0.00036275476016175544,0.0020556227327690447
D,two_to_one/L1/value,one,4116,0.8364917395529641,0.8255953841047714,0.8469343471597983
D,two_to_one/L1/value,two,4116,0.0782312925170068,0.07113218293091449,0.08554588299960765
D,two_to_one/L1/pattern_value,current,4116,0.0007288629737609329,0.00024084633435819778,0.0013434376145434474
D,two_to_one/L1/pattern_value,one,4116,0.793488824101069,0.7805947417070187,0.8058193151022419
D,two_to_one/L1/pattern_value,two,4116,0.07835276967930029,0.0706171071445044,0.08619044204254886
D,two_to_one/L1/query,current,4116,0.0008503401360544217,0.00024195499637067505,0.0015966691049594513
D,two_to_one/L1/query,one,4116,0.8579931972789115,0.8472189052106988,0.868268422421893
D,two_to_one/L1/query,two,4116,0.06693391642371234,0.060068400516443715,0.07394823522401976
D,two_to_one/L1/key,current,4116,0.0008503401360544217,0.00024509803921568627,0.0014731156395777069
D,two_to_one/L1/key,one,4116,0.8607871720116618,0.8503646960004708,0.870560255174289
D,two_to_one/L1/key,two,4116,0.0641399416909621,0.05734077594858471,0.0709246389637149
D,two_to_one/L1/query_key,current,4116,0.0007288629737609329,0.00012233762809779925,0.00146556830677467
D,two_to_one/L1/query_key,one,4116,0.8639455782312925,0.8543683642414346,0.8731542891422137
D,two_to_one/L1/query_key,two,4116,0.06778425655976676,0.06111782935752071,0.07457657318043412
D,two_to_one/L1/attention_output,current,4116,0.0007288629737609329,0.00024084633435819778,0.0013434376145434474
D,two_to_one/L1/attention_output,one,4116,0.793488824101069,0.7805947417070187,0.8058193151022419
D,two_to_one/L1/attention_output,two,4116,0.07835276967930029,0.0706171071445044,0.08619044204254886
D,two_to_one/L1/mlp,current,4116,0.006924198250728863,0.004860208287894989,0.009194345490654517
D,two_to_one/L1/mlp,one,4116,0.8066083576287658,0.7952555212996736,0.8175613451589061
D,two_to_one/L1/mlp,two,4116,0.10556365403304178,0.09715031380859565,0.11414180501004378
D,two_to_one/L1/block_input,current,4116,0.00012147716229348882,0.0,0.0003702812291432385
D,two_to_one/L1/block_input,one,4116,0.0,0.0,0.0
D,two_to_one/L1/block_input,two,4116,0.9996355685131195,0.9990239021893302,1.0
D,two_to_one/L2/pattern,current,4116,0.001943634596695821,0.0008622760404720035,0.0031709060936857205
D,two_to_one/L2/pattern,one,4116,0.46938775510204084,0.4558786088455673,0.4830576640007938
D,two_to_one/L2/pattern,two,4116,0.21282798833819241,0.20263689480206573,0.22290792306850113
D,two_to_one/L2/value,current,4116,0.00036443148688046647,0.0,0.000970873786407767
D,two_to_one/L2/value,one,4116,0.13957725947521865,0.12988413343844654,0.14916997241555802
D,two_to_one/L2/value,two,4116,0.8050291545189504,0.7939243968104045,0.8161372764012469
D,two_to_one/L2/pattern_value,current,4116,0.0,0.0,0.0
D,two_to_one/L2/pattern_value,one,4116,0.0036443148688046646,0.0021781087996432277,0.005263190112892417
D,two_to_one/L2/pattern_value,two,4116,0.9814139941690962,0.9776277391592776,0.9850365635189033
D,two_to_one/L2/query,current,4116,0.0024295432458697765,0.0013330101793504604,0.003670218644123124
D,two_to_one/L2/query,one,4116,0.5828474246841594,0.5686455344652019,0.5967687219926245
D,two_to_one/L2/query,two,4116,0.18986880466472303,0.17877731700219368,0.2006025377329488
D,two_to_one/L2/key,current,4116,0.011783284742468416,0.008980296614597242,0.014705971739534616
D,two_to_one/L2/key,one,4116,0.516642371234208,0.4990107902493241,0.5336282120579815
D,two_to_one/L2/key,two,4116,0.16253644314868804,0.1509128894447262,0.17507852211038366
D,two_to_one/L2/query_key,current,4116,0.001943634596695821,0.0008622760404720035,0.0031709060936857205
D,two_to_one/L2/query_key,one,4116,0.46938775510204084,0.4558786088455673,0.4830576640007938
D,two_to_one/L2/query_key,two,4116,0.21282798833819241,0.20263689480206573,0.22290792306850113
D,two_to_one/L2/attention_output,current,4116,0.0,0.0,0.0
D,two_to_one/L2/attention_output,one,4116,0.0036443148688046646,0.0021781087996432277,0.005263190112892417
D,two_to_one/L2/attention_output,two,4116,0.9814139941690962,0.9776277391592776,0.9850365635189033
D,two_to_one/L2/mlp,current,4116,0.0,0.0,0.0
D,two_to_one/L2/mlp,one,4116,0.051992225461613216,0.04551982519289247,0.058696826303256094
D,two_to_one/L2/mlp,two,4116,0.9442419825072886,0.9372861803055584,0.9509594648736217
D,two_to_one/L2/block_input,current,4116,0.00012147716229348882,0.0,0.0003702812291432385
D,two_to_one/L2/block_input,one,4116,0.0,0.0,0.0
D,two_to_one/L2/block_input,two,4116,0.9996355685131195,0.9990239021893302,1.0
D,two_to_one/L12/pattern,current,4116,0.0015792031098153547,0.0006148511147090949,0.002685612504200268
D,two_to_one/L12/pattern,one,4116,0.44946550048590866,0.4362143579901057,0.4628677532760092
D,two_to_one/L12/pattern,two,4116,0.21465014577259475,0.2044841883619065,0.22464784676010444
D,two_to_one/L12/value,current,4116,0.00024295432458697764,0.0,0.000610798924993892
D,two_to_one/L12/value,one,4116,0.1760204081632653,0.16634365111791477,0.18545163931142078
D,two_to_one/L12/value,two,4116,0.7558309037900874,0.7444708152538586,0.7670593839919111
D,two_to_one/L12/pattern_value,current,4116,0.0,0.0,0.0
D,two_to_one/L12/pattern_value,one,4116,0.005709426627793975,0.0037915851272015653,0.007738113231991708
D,two_to_one/L12/pattern_value,two,4116,0.972910592808552,0.9684488224381526,0.9772559693188928
D,two_to_one/L12/query,current,4116,0.0017006802721088435,0.0008427642667950878,0.002781153457130505
D,two_to_one/L12/query,one,4116,0.5719144800777454,0.557557348752426,0.5861059118360746
D,two_to_one/L12/query,two,4116,0.1935131195335277,0.182585452584979,0.20408720447821518
D,two_to_one/L12/key,current,4116,0.01226919339164237,0.00937648410862153,0.015339122122778631
D,two_to_one/L12/key,one,4116,0.5117832847424684,0.4944033461822357,0.5284534804245419
D,two_to_one/L12/key,two,4116,0.1618075801749271,0.1501219438015548,0.17405559244046456
D,two_to_one/L12/query_key,current,4116,0.0015792031098153547,0.0006148511147090949,0.002685612504200268
D,two_to_one/L12/query_key,one,4116,0.44946550048590866,0.4362143579901057,0.4628677532760092
D,two_to_one/L12/query_key,two,4116,0.21465014577259475,0.2044841883619065,0.22464784676010444
D,two_to_one/L12/attention_output,current,4116,0.0,0.0,0.0
D,two_to_one/L12/attention_output,one,4116,0.005709426627793975,0.0037915851272015653,0.007738113231991708
D,two_to_one/L12/attention_output,two,4116,0.972910592808552,0.9684488224381526,0.9772559693188928
D,two_to_one/L12/mlp,current,4116,0.00012147716229348882,0.0,0.00036845983787767134
D,two_to_one/L12/mlp,one,4116,0.04251700680272109,0.036934348298757635,0.04856036092130343
D,two_to_one/L12/mlp,two,4116,0.9537172011661808,0.9474653577258317,0.9597813209889587
D,two_to_one/L12/block_input,current,4116,0.00012147716229348882,0.0,0.0003702812291432385
D,two_to_one/L12/block_input,one,4116,0.0,0.0,0.0
D,two_to_one/L12/block_input,two,4116,0.9996355685131195,0.9990239021893302,1.0
D,two_to_one/L2_answer/pattern,current,4116,0.001943634596695821,0.0008622760404720035,0.0031709060936857205
D,two_to_one/L2_answer/pattern,one,4116,0.46938775510204084,0.4558786088455673,0.4830576640007938
D,two_to_one/L2_answer/pattern,two,4116,0.21282798833819241,0.20263689480206573,0.22290792306850113
E,raw_to_one/L1/pattern,current,4116,0.010082604470359573,0.007442518840706995,0.012879801563932642
E,raw_to_one/L1/pattern,one,4116,0.7291059280855199,0.7148314494497622,0.7418357625656725
E,raw_to_one/L1/pattern,two,4116,0.10483479105928085,0.0949644734423645,0.11509638792670186
E,raw_to_one/L1/value,current,4116,0.012755102040816327,0.009638495921559227,0.015967917916347
E,raw_to_one/L1/value,one,4116,0.6873177842565598,0.6727469354182435,0.7010008395651678
E,raw_to_one/L1/value,two,4116,0.10811467444120505,0.09853632737539642,0.118325637556591
E,raw_to_one/L1/pattern_value,current,4116,0.007045675413022352,0.004793480873080946,0.00942945669804389
E,raw_to_one/L1/pattern_value,one,4116,0.6954567541302236,0.6810507597086618,0.7089167112591891
E,raw_to_one/L1/pattern_value,two,4116,0.10604956268221574,0.09672291513817559,0.1159653468409568
E,raw_to_one/L1/query,current,4116,0.006924198250728863,0.004730569960521986,0.00926154236056718
E,raw_to_one/L1/query,one,4116,0.7332361516034985,0.719056105666902,0.7463416859533559
E,raw_to_one/L1/query,two,4116,0.10374149659863946,0.09401891177682696,0.11381046072647835
E,raw_to_one/L1/key,current,4116,0.006802721088435374,0.004606060606060606,0.009204995582461736
E,raw_to_one/L1/key,one,4116,0.7379737609329446,0.7243430436101164,0.7510329836981259
E,raw_to_one/L1/key,two,4116,0.1043488824101069,0.09450294765289816,0.11457900897760472
E,raw_to_one/L1/query_key,current,4116,0.010082604470359573,0.007442518840706995,0.012879801563932642
E,raw_to_one/L1/query_key,one,4116,0.7291059280855199,0.7148314494497622,0.7418357625656725
E,raw_to_one/L1/query_key,two,4116,0.10483479105928085,0.0949644734423645,0.11509638792670186
E,raw_to_one/L1/attention_output,current,4116,0.007045675413022352,0.004793480873080946,0.00942945669804389
E,raw_to_one/L1/attention_output,one,4116,0.6954567541302236,0.6810507597086618,0.7089167112591891
E,raw_to_one/L1/attention_output,two,4116,0.10604956268221574,0.09672291513817559,0.1159653468409568
E,raw_to_one/L1/mlp,current,4116,0.038629737609329445,0.032568872512593015,0.04470396570520884
E,raw_to_one/L1/mlp,one,4116,0.6768707482993197,0.6622731172996147,0.6912121600746237
E,raw_to_one/L1/mlp,two,4116,0.11710398445092322,0.10667471738020136,0.12809934801463477
E,raw_to_one/L1/block_input,current,4116,0.999757045675413,0.9992625323399431,1.0
E,raw_to_one/L1/block_input,one,4116,0.0,0.0,0.0
E,raw_to_one/L1/block_input,two,4116,0.00024295432458697764,0.0,0.0007374676600568791
E,raw_to_one/L2/pattern,current,4116,0.08321185617103985,0.07435211000239816,0.09231541065870583
E,raw_to_one/L2/pattern,one,4116,0.23432944606413994,0.22206364068646522,0.24670497728430704
E,raw_to_one/L2/pattern,two,4116,0.19861516034985421,0.18689324824905518,0.21071759576731458
E,raw_to_one/L2/value,current,4116,0.03899416909620991,0.03334953417119166,0.044882009169328274
E,raw_to_one/L2/value,one,4116,0.3217930029154519,0.3110137959360452,0.33276622710167014
E,raw_to_one/L2/value,two,4116,0.4525024295432459,0.4401408238229765,0.465571403609015
E,raw_to_one/L2/pattern_value,current,4116,0.0782312925170068,0.07048285555752609,0.08630315625694598
E,raw_to_one/L2/pattern_value,one,4116,0.18172983479105928,0.17168356187023814,0.1917258596006968
E,raw_to_one/L2/pattern_value,two,4116,0.24720602526724975,0.23554470142560438,0.2581702317290553
E,raw_to_one/L2/query,current,4116,0.04798347910592809,0.04093294539676049,0.05520685005943723
E,raw_to_one/L2/query,one,4116,0.33187560738581146,0.3169027598874274,0.34657294891991236
E,raw_to_one/L2/query,two,4116,0.2164723032069971,0.20286471525259894,0.23086098753727205
E,raw_to_one/L2/key,current,4116,0.016034985422740525,0.012610916545902054,0.019534380464916245
E,raw_to_one/L2/key,one,4116,0.5445821185617103,0.5314383101118352,0.5572316223411338
E,raw_to_one/L2/key,two,4116,0.14200680272108843,0.13220008000508346,0.15249329279645268
E,raw_to_one/L2/query_key,current,4116,0.08321185617103985,0.07435211000239816,0.09231541065870583
E,raw_to_one/L2/query_key,one,4116,0.23432944606413994,0.22206364068646522,0.24670497728430704
E,raw_to_one/L2/query_key,two,4116,0.19861516034985421,0.18689324824905518,0.21071759576731458
E,raw_to_one/L2/attention_output,current,4116,0.0782312925170068,0.07048285555752609,0.08630315625694598
E,raw_to_one/L2/attention_output,one,4116,0.18172983479105928,0.17168356187023814,0.1917258596006968
E,raw_to_one/L2/attention_output,two,4116,0.24720602526724975,0.23554470142560438,0.2581702317290553
E,raw_to_one/L2/mlp,current,4116,0.7287414965986394,0.7147576489157331,0.7424583346759194
E,raw_to_one/L2/mlp,one,4116,0.1869533527696793,0.17521724018689297,0.19914223541980894
E,raw_to_one/L2/mlp,two,4116,0.029275996112730806,0.024207320342912297,0.03471062938546084
E,raw_to_one/L2/block_input,current,4116,0.999757045675413,0.9992625323399431,1.0
E,raw_to_one/L2/block_input,one,4116,0.0,0.0,0.0
E,raw_to_one/L2/block_input,two,4116,0.00024295432458697764,0.0,0.0007374676600568791
E,raw_to_one/L12/pattern,current,4116,0.09207968901846453,0.08309027551087027,0.10125492645668341
E,raw_to_one/L12/pattern,one,4116,0.22133138969873664,0.20911500864219335,0.23331756046267088
E,raw_to_one/L12/pattern,two,4116,0.19412050534499514,0.1824338621545804,0.20600493012130866
E,raw_to_one/L12/value,current,4116,0.03826530612244898,0.03259217708277743,0.04433791050167738
E,raw_to_one/L12/value,one,4116,0.3500971817298348,0.33830160337367393,0.3618301934553144
E,raw_to_one/L12/value,two,4116,0.4206754130223518,0.4077764001357823,0.4337542029563262
E,raw_to_one/L12/pattern_value,current,4116,0.04749757045675413,0.04113902933108898,0.05405747754636918
E,raw_to_one/L12/pattern_value,one,4116,0.1847667638483965,0.17391278275470085,0.1955296743347746
E,raw_to_one/L12/pattern_value,two,4116,0.2688289601554908,0.2567098568668212,0.28141229895246367
E,raw_to_one/L12/query,current,4116,0.045310981535471334,0.0386927117310876,0.05223898523237762
E,raw_to_one/L12/query,one,4116,0.3249514091350826,0.30984113138095837,0.33967278571971576
E,raw_to_one/L12/query,two,4116,0.2100340136054422,0.1967778871047614,0.22377149982583738
E,raw_to_one/L12/key,current,4116,0.015549076773566569,0.012141146402623287,0.018953289312790413
E,raw_to_one/L12/key,one,4116,0.5419096209912536,0.5289817873744007,0.5543959362076593
E,raw_to_one/L12/key,two,4116,0.14212827988338192,0.1324647741602236,0.1524814841851243
E,raw_to_one/L12/query_key,current,4116,0.09207968901846453,0.08309027551087027,0.10125492645668341
E,raw_to_one/L12/query_key,one,4116,0.22133138969873664,0.20911500864219335,0.23331756046267088
E,raw_to_one/L12/query_key,two,4116,0.19412050534499514,0.1824338621545804,0.20600493012130866
E,raw_to_one/L12/attention_output,current,4116,0.04749757045675413,0.04113902933108898,0.05405747754636918
E,raw_to_one/L12/attention_output,one,4116,0.1847667638483965,0.17391278275470085,0.1955296743347746
E,raw_to_one/L12/attention_output,two,4116,0.2688289601554908,0.2567098568668212,0.28141229895246367
E,raw_to_one/L12/mlp,current,4116,0.8251943634596696,0.8149562508581427,0.8354800690273961
E,raw_to_one/L12/mlp,one,4116,0.12135568513119534,0.11253005697711169,0.13018684785246298
E,raw_to_one/L12/mlp,two,4116,0.016763848396501458,0.013378658626329474,0.020206879961510705
E,raw_to_one/L12/block_input,current,4116,0.999757045675413,0.9992625323399431,1.0
E,raw_to_one/L12/block_input,one,4116,0.0,0.0,0.0
E,raw_to_one/L12/block_input,two,4116,0.00024295432458697764,0.0,0.0007374676600568791
E,raw_to_one/L2_answer/pattern,current,4116,0.08321185617103985,0.07435211000239816,0.09231541065870583
E,raw_to_one/L2_answer/pattern,one,4116,0.23432944606413994,0.22206364068646522,0.24670497728430704
E,raw_to_one/L2_answer/pattern,two,4116,0.19861516034985421,0.18689324824905518,0.21071759576731458
E,raw_to_two/L1/pattern,current,4116,0.00048590864917395527,0.0,0.0011021307861866275
E,raw_to_two/L1/pattern,one,4116,0.0,0.0,0.0
E,raw_to_two/L1/pattern,two,4116,0.9979348882410107,0.9966019211232814,0.9991358715964302
E,raw_to_two/L1/value,current,4116,0.00036443148688046647,0.0,0.0009729992702505473
E,raw_to_two/L1/value,one,4116,0.0,0.0,0.0
E,raw_to_two/L1/value,two,4116,0.9979348882410107,0.9965635316873594,0.9991453043619791
E,raw_to_two/L1/pattern_value,current,4116,0.00036443148688046647,0.0,0.0009729992702505473
E,raw_to_two/L1/pattern_value,one,4116,0.0,0.0,0.0
E,raw_to_two/L1/pattern_value,two,4116,0.9976919339164237,0.9963459196102314,0.9989109653438465
E,raw_to_two/L1/query,current,4116,0.00048590864917395527,0.0,0.0011021307861866275
E,raw_to_two/L1/query,one,4116,0.0,0.0,0.0
E,raw_to_two/L1/query,two,4116,0.9974489795918368,0.9960211721642195,0.9986807782945816
E,raw_to_two/L1/key,current,4116,0.00036443148688046647,0.0,0.0009706440844078282
E,raw_to_two/L1/key,one,4116,0.0,0.0,0.0
E,raw_to_two/L1/key,two,4116,0.9979348882410107,0.9965719462574518,0.9991434217839811
E,raw_to_two/L1/query_key,current,4116,0.00048590864917395527,0.0,0.0011021307861866275
E,raw_to_two/L1/query_key,one,4116,0.0,0.0,0.0
E,raw_to_two/L1/query_key,two,4116,0.9979348882410107,0.9966019211232814,0.9991358715964302
E,raw_to_two/L1/attention_output,current,4116,0.00036443148688046647,0.0,0.0009729992702505473
E,raw_to_two/L1/attention_output,one,4116,0.0,0.0,0.0
E,raw_to_two/L1/attention_output,two,4116,0.9976919339164237,0.9963459196102314,0.9989109653438465
E,raw_to_two/L1/mlp,current,4116,0.0023080660835762875,0.0010749862879675062,0.0038077210499548463
E,raw_to_two/L1/mlp,one,4116,0.0,0.0,0.0
E,raw_to_two/L1/mlp,two,4116,0.995019436345967,0.9929781657173585,0.9968645043406621
E,raw_to_two/L1/block_input,current,4116,0.999757045675413,0.9992625323399431,1.0
E,raw_to_two/L1/block_input,one,4116,0.0,0.0,0.0
E,raw_to_two/L1/block_input,two,4116,0.00024295432458697764,0.0,0.0007374676600568791
E,raw_to_two/L2/pattern,current,4116,0.984086491739553,0.980063176687489,0.9878139567694881
E,raw_to_two/L2/pattern,one,4116,0.003401360544217687,0.0019459512501355904,0.005033206918951439
E,raw_to_two/L2/pattern,two,4116,0.006438289601554907,0.0041860837896294115,0.008884402677546331
E,raw_to_two/L2/value,current,4116,0.0006073858114674441,0.0001199601738954326,0.0013198944084473242
E,raw_to_two/L2/value,one,4116,0.00048590864917395527,0.0,0.0011996882498322026
E,raw_to_two/L2/value,two,4116,0.9916180758017493,0.9888939736619147,0.9941105769230769
E,raw_to_two/L2/pattern_value,current,4116,0.9901603498542274,0.9868452811972,0.9930386003919884
E,raw_to_two/L2/pattern_value,one,4116,0.0014577259475218659,0.0004827419744146754,0.002660233741603092
E,raw_to_two/L2/pattern_value,two,4116,0.005709426627793975,0.0036266705402816213,0.008179122892988477
E,raw_to_two/L2/query,current,4116,0.4199465500485909,0.407147510234929,0.43286802530557955
E,raw_to_two/L2/query,one,4116,0.0037657920310981536,0.002306945118989801,0.005424328364686619
E,raw_to_two/L2/query,two,4116,0.5660835762876579,0.5532811282813842,0.5784669206459953
E,raw_to_two/L2/key,current,4116,0.09220116618075802,0.08423354729523191,0.10036552699174257
E,raw_to_two/L2/key,one,4116,0.006438289601554907,0.004760713137327999,0.008220764284594067
E,raw_to_two/L2/key,two,4116,0.8979591836734694,0.889421539925871,0.9063251856974378
E,raw_to_two/L2/query_key,current,4116,0.984086491739553,0.980063176687489,0.9878139567694881
E,raw_to_two/L2/query_key,one,4116,0.003401360544217687,0.0019459512501355904,0.005033206918951439
E,raw_to_two/L2/query_key,two,4116,0.006438289601554907,0.0041860837896294115,0.008884402677546331
E,raw_to_two/L2/attention_output,current,4116,0.9901603498542274,0.9868452811972,0.9930386003919884
E,raw_to_two/L2/attention_output,one,4116,0.0014577259475218659,0.0004827419744146754,0.002660233741603092
E,raw_to_two/L2/attention_output,two,4116,0.005709426627793975,0.0036266705402816213,0.008179122892988477
E,raw_to_two/L2/mlp,current,4116,0.8412293488824101,0.8285256918533124,0.8536824718021129
E,raw_to_two/L2/mlp,one,4116,0.0007288629737609329,0.0,0.001696147322510298
E,raw_to_two/L2/mlp,two,4116,0.15609815354713313,0.1439522841777108,0.1687440049867019
E,raw_to_two/L2/block_input,current,4116,0.999757045675413,0.9992625323399431,1.0
E,raw_to_two/L2/block_input,one,4116,0.0,0.0,0.0
E,raw_to_two/L2/block_input,two,4116,0.00024295432458697764,0.0,0.0007374676600568791
E,raw_to_two/L12/pattern,current,4116,0.9866375121477162,0.9829911179978121,0.9900736272848927
E,raw_to_two/L12/pattern,one,4116,0.0032798833819241984,0.0018270290706746254,0.0049243777874283055
E,raw_to_two/L12/pattern,two,4116,0.004980563654033042,0.0030258468220917354,0.007093136528778503
E,raw_to_two/L12/value,current,4116,0.0007288629737609329,0.0001201338292546071,0.0015704371273686471
E,raw_to_two/L12/value,one,4116,0.0006073858114674441,0.00012039417068437049,0.0013352836586538342
E,raw_to_two/L12/value,two,4116,0.9906462585034014,0.9878437921812763,0.9932139717044307
E,raw_to_two/L12/pattern_value,current,4116,0.988581146744412,0.9850491099009221,0.9916888497620787
E,raw_to_two/L12/pattern_value,one,4116,0.0015792031098153547,0.0006164886780682932,0.002696078431372549
E,raw_to_two/L12/pattern_value,two,4116,0.006438289601554907,0.0041544223275128914,0.00902442341559914
E,raw_to_two/L12/query,current,4116,0.4382896015549077,0.42521650420261253,0.4517370897513929
E,raw_to_two/L12/query,one,4116,0.0031584062196307093,0.0019051237323215089,0.004586048756939416
E,raw_to_two/L12/query,two,4116,0.5481049562682215,0.5352339709589825,0.5608612729681008
E,raw_to_two/L12/key,current,4116,0.09329446064139942,0.08523130840911884,0.10162412305995522
E,raw_to_two/L12/key,one,4116,0.006438289601554907,0.004775891301342417,0.008200676825844437
E,raw_to_two/L12/key,two,4116,0.8965014577259475,0.8878547873372119,0.9050771908288608
E,raw_to_two/L12/query_key,current,4116,0.9866375121477162,0.9829911179978121,0.9900736272848927
E,raw_to_two/L12/query_key,one,4116,0.0032798833819241984,0.0018270290706746254,0.0049243777874283055
E,raw_to_two/L12/query_key,two,4116,0.004980563654033042,0.0030258468220917354,0.007093136528778503
E,raw_to_two/L12/attention_output,current,4116,0.988581146744412,0.9850491099009221,0.9916888497620787
E,raw_to_two/L12/attention_output,one,4116,0.0015792031098153547,0.0006164886780682932,0.002696078431372549
E,raw_to_two/L12/attention_output,two,4116,0.006438289601554907,0.0041544223275128914,0.00902442341559914
E,raw_to_two/L12/mlp,current,4116,0.8873906705539358,0.8769191052950771,0.8976115206001579
E,raw_to_two/L12/mlp,one,4116,0.0007288629737609329,0.0,0.001696147322510298
E,raw_to_two/L12/mlp,two,4116,0.11017978620019436,0.10014374904707232,0.12066025714771984
E,raw_to_two/L12/block_input,current,4116,0.999757045675413,0.9992625323399431,1.0
E,raw_to_two/L12/block_input,one,4116,0.0,0.0,0.0
E,raw_to_two/L12/block_input,two,4116,0.00024295432458697764,0.0,0.0007374676600568791
E,raw_to_two/L2_answer/pattern,current,4116,0.984086491739553,0.980063176687489,0.9878139567694881
E,raw_to_two/L2_answer/pattern,one,4116,0.003401360544217687,0.0019459512501355904,0.005033206918951439
E,raw_to_two/L2_answer/pattern,two,4116,0.006438289601554907,0.0041860837896294115,0.008884402677546331
E,one_to_raw/L1/pattern,current,4116,0.999757045675413,0.9992625323399431,1.0
E,one_to_raw/L1/pattern,one,4116,0.0,0.0,0.0
E,one_to_raw/L1/pattern,two,4116,0.00024295432458697764,0.0,0.0007374676600568791
E,one_to_raw/L1/value,current,4116,0.999757045675413,0.9992625323399431,1.0
E,one_to_raw/L1/value,one,4116,0.0,0.0,0.0
E,one_to_raw/L1/value,two,4116,0.00024295432458697764,0.0,0.0007374676600568791
E,one_to_raw/L1/pattern_value,current,4116,0.999757045675413,0.9992625323399431,1.0
E,one_to_raw/L1/pattern_value,one,4116,0.0,0.0,0.0
E,one_to_raw/L1/pattern_value,two,4116,0.00024295432458697764,0.0,0.0007374676600568791
E,one_to_raw/L1/query,current,4116,0.999757045675413,0.9992625323399431,1.0
E,one_to_raw/L1/query,one,4116,0.0,0.0,0.0
E,one_to_raw/L1/query,two,4116,0.00024295432458697764,0.0,0.0007374676600568791
E,one_to_raw/L1/key,current,4116,0.999757045675413,0.9992625323399431,1.0
E,one_to_raw/L1/key,one,4116,0.0,0.0,0.0
E,one_to_raw/L1/key,two,4116,0.00024295432458697764,0.0,0.0007374676600568791
E,one_to_raw/L1/query_key,current,4116,0.999757045675413,0.9992625323399431,1.0
E,one_to_raw/L1/query_key,one,4116,0.0,0.0,0.0
E,one_to_raw/L1/query_key,two,4116,0.00024295432458697764,0.0,0.0007374676600568791
E,one_to_raw/L1/attention_output,current,4116,0.999757045675413,0.9992625323399431,1.0
E,one_to_raw/L1/attention_output,one,4116,0.0,0.0,0.0
E,one_to_raw/L1/attention_output,two,4116,0.00024295432458697764,0.0,0.0007374676600568791
E,one_to_raw/L1/mlp,current,4116,0.999757045675413,0.9992625323399431,1.0
E,one_to_raw/L1/mlp,one,4116,0.0,0.0,0.0
E,one_to_raw/L1/mlp,two,4116,0.00024295432458697764,0.0,0.0007374676600568791
E,one_to_raw/L1/block_input,current,4116,0.007045675413022352,0.0048437585213428665,0.009390831586526198
E,one_to_raw/L1/block_input,one,4116,0.738581146744412,0.7248414974279408,0.7515690894442272
E,one_to_raw/L1/block_input,two,4116,0.10471331389698736,0.09485907474267515,0.11474500445030507
E,one_to_raw/L2/pattern,current,4116,0.999757045675413,0.9992625323399431,1.0
E,one_to_raw/L2/pattern,one,4116,0.0,0.0,0.0
E,one_to_raw/L2/pattern,two,4116,0.00024295432458697764,0.0,0.0007374676600568791
E,one_to_raw/L2/value,current,4116,0.999757045675413,0.9992625323399431,1.0
E,one_to_raw/L2/value,one,4116,0.0,0.0,0.0
E,one_to_raw/L2/value,two,4116,0.00024295432458697764,0.0,0.0007374676600568791
E,one_to_raw/L2/pattern_value,current,4116,0.999757045675413,0.9992623555446275,1.0
E,one_to_raw/L2/pattern_value,one,4116,0.00024295432458697764,0.0,0.0007376444553725104
E,one_to_raw/L2/pattern_value,two,4116,0.0,0.0,0.0
E,one_to_raw/L2/query,current,4116,1.0,1.0,1.0
E,one_to_raw/L2/query,one,4116,0.0,0.0,0.0
E,one_to_raw/L2/query,two,4116,0.0,0.0,0.0
E,one_to_raw/L2/key,current,4116,0.999757045675413,0.9992625323399431,1.0
E,one_to_raw/L2/key,one,4116,0.0,0.0,0.0
E,one_to_raw/L2/key,two,4116,0.00024295432458697764,0.0,0.0007374676600568791
E,one_to_raw/L2/query_key,current,4116,0.999757045675413,0.9992625323399431,1.0
E,one_to_raw/L2/query_key,one,4116,0.0,0.0,0.0
E,one_to_raw/L2/query_key,two,4116,0.00024295432458697764,0.0,0.0007374676600568791
E,one_to_raw/L2/attention_output,current,4116,0.999757045675413,0.9992623555446275,1.0
E,one_to_raw/L2/attention_output,one,4116,0.00024295432458697764,0.0,0.0007376444553725104
E,one_to_raw/L2/attention_output,two,4116,0.0,0.0,0.0
E,one_to_raw/L2/mlp,current,4116,0.999757045675413,0.9992625323399431,1.0
E,one_to_raw/L2/mlp,one,4116,0.0,0.0,0.0
E,one_to_raw/L2/mlp,two,4116,0.00024295432458697764,0.0,0.0007374676600568791
E,one_to_raw/L2/block_input,current,4116,0.007045675413022352,0.0048437585213428665,0.009390831586526198
E,one_to_raw/L2/block_input,one,4116,0.738581146744412,0.7248414974279408,0.7515690894442272
E,one_to_raw/L2/block_input,two,4116,0.10471331389698736,0.09485907474267515,0.11474500445030507
E,one_to_raw/L12/pattern,current,4116,1.0,1.0,1.0
E,one_to_raw/L12/pattern,one,4116,0.0,0.0,0.0
E,one_to_raw/L12/pattern,two,4116,0.0,0.0,0.0
E,one_to_raw/L12/value,current,4116,1.0,1.0,1.0
E,one_to_raw/L12/value,one,4116,0.0,0.0,0.0
E,one_to_raw/L12/value,two,4116,0.0,0.0,0.0
E,one_to_raw/L12/pattern_value,current,4116,1.0,1.0,1.0
E,one_to_raw/L12/pattern_value,one,4116,0.0,0.0,0.0
E,one_to_raw/L12/pattern_value,two,4116,0.0,0.0,0.0
E,one_to_raw/L12/query,current,4116,1.0,1.0,1.0
E,one_to_raw/L12/query,one,4116,0.0,0.0,0.0
E,one_to_raw/L12/query,two,4116,0.0,0.0,0.0
E,one_to_raw/L12/key,current,4116,0.999757045675413,0.9992625323399431,1.0
E,one_to_raw/L12/key,one,4116,0.0,0.0,0.0
E,one_to_raw/L12/key,two,4116,0.00024295432458697764,0.0,0.0007374676600568791
E,one_to_raw/L12/query_key,current,4116,1.0,1.0,1.0
E,one_to_raw/L12/query_key,one,4116,0.0,0.0,0.0
E,one_to_raw/L12/query_key,two,4116,0.0,0.0,0.0
E,one_to_raw/L12/attention_output,current,4116,1.0,1.0,1.0
E,one_to_raw/L12/attention_output,one,4116,0.0,0.0,0.0
E,one_to_raw/L12/attention_output,two,4116,0.0,0.0,0.0
E,one_to_raw/L12/mlp,current,4116,0.9996355685131195,0.9990234255732474,1.0
E,one_to_raw/L12/mlp,one,4116,0.00012147716229348882,0.0,0.00036936715094804237
E,one_to_raw/L12/mlp,two,4116,0.00024295432458697764,0.0,0.0007374676600568791
E,one_to_raw/L12/block_input,current,4116,0.007045675413022352,0.0048437585213428665,0.009390831586526198
E,one_to_raw/L12/block_input,one,4116,0.738581146744412,0.7248414974279408,0.7515690894442272
E,one_to_raw/L12/block_input,two,4116,0.10471331389698736,0.09485907474267515,0.11474500445030507
E,one_to_raw/L2_answer/pattern,current,4116,0.999757045675413,0.9992625323399431,1.0
E,one_to_raw/L2_answer/pattern,one,4116,0.0,0.0,0.0
E,one_to_raw/L2_answer/pattern,two,4116,0.00024295432458697764,0.0,0.0007374676600568791
E,one_to_two/L1/pattern,current,4116,0.0008503401360544217,0.00012144691876266603,0.0018085471966029876
E,one_to_two/L1/pattern,one,4116,0.0,0.0,0.0
E,one_to_two/L1/pattern,two,4116,0.9970845481049563,0.9954900048756704,0.998532666503229
E,one_to_two/L1/value,current,4116,0.0008503401360544217,0.00023929026540769465,0.001695767265680056
E,one_to_two/L1/value,one,4116,0.0,0.0,0.0
E,one_to_two/L1/value,two,4116,0.9972060252672498,0.9956946544389885,0.9985524903115685
E,one_to_two/L1/pattern_value,current,4116,0.0009718172983479105,0.00024102048105654724,0.0019347271540504345
E,one_to_two/L1/pattern_value,one,4116,0.0,0.0,0.0
E,one_to_two/L1/pattern_value,two,4116,0.9965986394557823,0.9949028816849221,0.9981635763711147
E,one_to_two/L1/query,current,4116,0.0007288629737609329,0.00012068549360366884,0.0015776699029126213
E,one_to_two/L1/query,one,4116,0.0,0.0,0.0
E,one_to_two/L1/query,two,4116,0.9973275024295433,0.9958182592651448,0.9986640757833374
E,one_to_two/L1/key,current,4116,0.00048590864917395527,0.0,0.0011021307861866275
E,one_to_two/L1/key,one,4116,0.0,0.0,0.0
E,one_to_two/L1/key,two,4116,0.9976919339164237,0.9962828843981943,0.9989130434782608
E,one_to_two/L1/query_key,current,4116,0.0008503401360544217,0.00012144691876266603,0.0018085471966029876
E,one_to_two/L1/query_key,one,4116,0.0,0.0,0.0
E,one_to_two/L1/query_key,two,4116,0.9970845481049563,0.9954900048756704,0.998532666503229
E,one_to_two/L1/attention_output,current,4116,0.0009718172983479105,0.00024102048105654724,0.0019347271540504345
E,one_to_two/L1/attention_output,one,4116,0.0,0.0,0.0
E,one_to_two/L1/attention_output,two,4116,0.9965986394557823,0.9949028816849221,0.9981635763711147
E,one_to_two/L1/mlp,current,4116,0.0012147716229348883,0.00036505232416646384,0.002204855633615828
E,one_to_two/L1/mlp,one,4116,0.0,0.0,0.0
E,one_to_two/L1/mlp,two,4116,0.9958697764820214,0.9939408628211343,0.9975562221602865
E,one_to_two/L1/block_input,current,4116,0.007045675413022352,0.0048437585213428665,0.009390831586526198
E,one_to_two/L1/block_input,one,4116,0.738581146744412,0.7248414974279408,0.7515690894442272
E,one_to_two/L1/block_input,two,4116,0.10471331389698736,0.09485907474267515,0.11474500445030507
E,one_to_two/L2/pattern,current,4116,0.9614917395529641,0.9560036952181963,0.9667556581462579
E,one_to_two/L2/pattern,one,4116,0.0206511175898931,0.016913929261250144,0.02475142415239962
E,one_to_two/L2/pattern,two,4116,0.016034985422740525,0.01293613705170951,0.019455324797301183
E,one_to_two/L2/value,current,4116,0.8182701652089407,0.8041832646242778,0.8321911919633058
E,one_to_two/L2/value,one,4116,0.050898931000971814,0.04452270179765841,0.057549977211961256
E,one_to_two/L2/value,two,4116,0.06584062196307094,0.05898941872243191,0.07302565414964171
E,one_to_two/L2/pattern_value,current,4116,0.9474003887269193,0.941610053079468,0.9532586536622851
E,one_to_two/L2/pattern_value,one,4116,0.04871234207968902,0.0432528334914,0.05419331724419385
E,one_to_two/L2/pattern_value,two,4116,0.0015792031098153547,0.0007131617267063497,0.0027519039333228808
E,one_to_two/L2/query,current,4116,0.9376822157434402,0.9302010283426364,0.945036384384922
E,one_to_two/L2/query,one,4116,0.014577259475218658,0.011368996569468267,0.01799108962346925
E,one_to_two/L2/query,two,4116,0.043731778425655975,0.03756946122251752,0.05013539401272534
E,one_to_two/L2/key,current,4116,0.29640427599611274,0.2842230134175884,0.30842832944760395
E,one_to_two/L2/key,one,4116,0.00619533527696793,0.004384869769619101,0.008127196719565447
E,one_to_two/L2/key,two,4116,0.6950923226433431,0.683141260814063,0.7075087270547894
E,one_to_two/L2/query_key,current,4116,0.9614917395529641,0.9560036952181963,0.9667556581462579
E,one_to_two/L2/query_key,one,4116,0.0206511175898931,0.016913929261250144,0.02475142415239962
E,one_to_two/L2/query_key,two,4116,0.016034985422740525,0.01293613705170951,0.019455324797301183
E,one_to_two/L2/attention_output,current,4116,0.9474003887269193,0.941610053079468,0.9532586536622851
E,one_to_two/L2/attention_output,one,4116,0.04871234207968902,0.0432528334914,0.05419331724419385
E,one_to_two/L2/attention_output,two,4116,0.0015792031098153547,0.0007131617267063497,0.0027519039333228808
E,one_to_two/L2/mlp,current,4116,0.01967930029154519,0.016007591366957865,0.023803683205484406
E,one_to_two/L2/mlp,one,4116,0.18294460641399418,0.17363547750247343,0.19257752111162382
E,one_to_two/L2/mlp,two,4116,0.7888726919339164,0.778070417030398,0.799312090912739
E,one_to_two/L2/block_input,current,4116,0.007045675413022352,0.0048437585213428665,0.009390831586526198
E,one_to_two/L2/block_input,one,4116,0.738581146744412,0.7248414974279408,0.7515690894442272
E,one_to_two/L2/block_input,two,4116,0.10471331389698736,0.09485907474267515,0.11474500445030507
E,one_to_two/L12/pattern,current,4116,0.9758260447035957,0.9713490341854368,0.9800099882486972
E,one_to_two/L12/pattern,one,4116,0.010689990281827016,0.007981828941334583,0.01359962763194665
E,one_to_two/L12/pattern,two,4116,0.012633624878522837,0.009891169661199335,0.01576383821188458
E,one_to_two/L12/value,current,4116,0.8673469387755102,0.8550300886703832,0.8793866108174986
E,one_to_two/L12/value,one,4116,0.03304178814382896,0.027669417608094472,0.03875376738696193
E,one_to_two/L12/value,two,4116,0.05235665694849368,0.04616724205318048,0.05875955851720079
E,one_to_two/L12/pattern_value,current,4116,0.9703595724003887,0.9658375532925505,0.9747718958565325
E,one_to_two/L12/pattern_value,one,4116,0.026239067055393587,0.022019234888690148,0.030592099119043807
E,one_to_two/L12/pattern_value,two,4116,0.001943634596695821,0.000968745842957738,0.0031408742547372943
E,one_to_two/L12/query,current,4116,0.9546890184645287,0.9480436588707194,0.960882353412779
E,one_to_two/L12/query,one,4116,0.008503401360544218,0.0059623763270239254,0.011264603120544794
E,one_to_two/L12/query,two,4116,0.03413508260447036,0.028757138477776445,0.03983824462031098
E,one_to_two/L12/key,current,4116,0.36588921282798836,0.35178409113051573,0.379592939817735
E,one_to_two/L12/key,one,4116,0.004008746355685131,0.0025386540442733432,0.005683295416901265
E,one_to_two/L12/key,two,4116,0.6281584062196307,0.6148937075560232,0.6421278900172022
E,one_to_two/L12/query_key,current,4116,0.9758260447035957,0.9713490341854368,0.9800099882486972
E,one_to_two/L12/query_key,one,4116,0.010689990281827016,0.007981828941334583,0.01359962763194665
E,one_to_two/L12/query_key,two,4116,0.012633624878522837,0.009891169661199335,0.01576383821188458
E,one_to_two/L12/attention_output,current,4116,0.9703595724003887,0.9658375532925505,0.9747718958565325
E,one_to_two/L12/attention_output,one,4116,0.026239067055393587,0.022019234888690148,0.030592099119043807
E,one_to_two/L12/attention_output,two,4116,0.001943634596695821,0.000968745842957738,0.0031408742547372943
E,one_to_two/L12/mlp,current,4116,0.017006802721088437,0.013320299625698851,0.02099335243971929
E,one_to_two/L12/mlp,one,4116,0.19764334305150633,0.18760397974740678,0.20761006021261455
E,one_to_two/L12/mlp,two,4116,0.7758746355685131,0.7645411092658705,0.7869651410470169
E,one_to_two/L12/block_input,current,4116,0.007045675413022352,0.0048437585213428665,0.009390831586526198
E,one_to_two/L12/block_input,one,4116,0.738581146744412,0.7248414974279408,0.7515690894442272
E,one_to_two/L12/block_input,two,4116,0.10471331389698736,0.09485907474267515,0.11474500445030507
E,one_to_two/L2_answer/pattern,current,4116,0.9614917395529641,0.9560036952181963,0.9667556581462579
E,one_to_two/L2_answer/pattern,one,4116,0.0206511175898931,0.016913929261250144,0.02475142415239962
E,one_to_two/L2_answer/pattern,two,4116,0.016034985422740525,0.01293613705170951,0.019455324797301183
E,two_to_raw/L1/pattern,current,4116,0.999757045675413,0.9992625323399431,1.0
E,two_to_raw/L1/pattern,one,4116,0.0,0.0,0.0
E,two_to_raw/L1/pattern,two,4116,0.00024295432458697764,0.0,0.0007374676600568791
E,two_to_raw/L1/value,current,4116,0.999757045675413,0.9992625323399431,1.0
E,two_to_raw/L1/value,one,4116,0.0,0.0,0.0
E,two_to_raw/L1/value,two,4116,0.00024295432458697764,0.0,0.0007374676600568791
E,two_to_raw/L1/pattern_value,current,4116,0.999757045675413,0.9992625323399431,1.0
E,two_to_raw/L1/pattern_value,one,4116,0.0,0.0,0.0
E,two_to_raw/L1/pattern_value,two,4116,0.00024295432458697764,0.0,0.0007374676600568791
E,two_to_raw/L1/query,current,4116,0.999757045675413,0.9992625323399431,1.0
E,two_to_raw/L1/query,one,4116,0.0,0.0,0.0
E,two_to_raw/L1/query,two,4116,0.00024295432458697764,0.0,0.0007374676600568791
E,two_to_raw/L1/key,current,4116,0.999757045675413,0.9992625323399431,1.0
E,two_to_raw/L1/key,one,4116,0.0,0.0,0.0
E,two_to_raw/L1/key,two,4116,0.00024295432458697764,0.0,0.0007374676600568791
E,two_to_raw/L1/query_key,current,4116,0.999757045675413,0.9992625323399431,1.0
E,two_to_raw/L1/query_key,one,4116,0.0,0.0,0.0
E,two_to_raw/L1/query_key,two,4116,0.00024295432458697764,0.0,0.0007374676600568791
E,two_to_raw/L1/attention_output,current,4116,0.999757045675413,0.9992625323399431,1.0
E,two_to_raw/L1/attention_output,one,4116,0.0,0.0,0.0
E,two_to_raw/L1/attention_output,two,4116,0.00024295432458697764,0.0,0.0007374676600568791
E,two_to_raw/L1/mlp,current,4116,0.999757045675413,0.9992625323399431,1.0
E,two_to_raw/L1/mlp,one,4116,0.0,0.0,0.0
E,two_to_raw/L1/mlp,two,4116,0.00024295432458697764,0.0,0.0007374676600568791
E,two_to_raw/L1/block_input,current,4116,0.00036443148688046647,0.0,0.0009706440844078282
E,two_to_raw/L1/block_input,one,4116,0.0,0.0,0.0
E,two_to_raw/L1/block_input,two,4116,0.9979348882410107,0.9965977094068641,0.9990389466639507
E,two_to_raw/L2/pattern,current,4116,0.9422983479105929,0.9335688642502633,0.9509661835748793
E,two_to_raw/L2/pattern,one,4116,0.0,0.0,0.0
E,two_to_raw/L2/pattern,two,4116,0.0575801749271137,0.04894424414387507,0.06618884085397757
E,two_to_raw/L2/value,current,4116,0.999757045675413,0.9992625323399431,1.0
E,two_to_raw/L2/value,one,4116,0.0,0.0,0.0
E,two_to_raw/L2/value,two,4116,0.00024295432458697764,0.0,0.0007374676600568791
E,two_to_raw/L2/pattern_value,current,4116,0.9529883381924198,0.9462519805525063,0.9595589807203116
E,two_to_raw/L2/pattern_value,one,4116,0.0007288629737609329,0.00012056835941632936,0.0015772870662460567
E,two_to_raw/L2/pattern_value,two,4116,0.04470359572400389,0.03835920258721021,0.051370856042486424
E,two_to_raw/L2/query,current,4116,0.9879737609329446,0.9846999970204143,0.9910120861800462
E,two_to_raw/L2/query,one,4116,0.00012147716229348882,0.0,0.0003688222276862552
E,two_to_raw/L2/query,two,4116,0.01141885325558795,0.00852184250831232,0.014613545377526856
E,two_to_raw/L2/key,current,4116,0.9963556851311953,0.994300197641288,0.9980582642067742
E,two_to_raw/L2/key,one,4116,0.0,0.0,0.0
E,two_to_raw/L2/key,two,4116,0.0036443148688046646,0.0019417357932257934,0.005699802358712021
E,two_to_raw/L2/query_key,current,4116,0.9422983479105929,0.9335688642502633,0.9509661835748793
E,two_to_raw/L2/query_key,one,4116,0.0,0.0,0.0
E,two_to_raw/L2/query_key,two,4116,0.0575801749271137,0.04894424414387507,0.06618884085397757
E,two_to_raw/L2/attention_output,current,4116,0.9529883381924198,0.9462519805525063,0.9595589807203116
E,two_to_raw/L2/attention_output,one,4116,0.0007288629737609329,0.00012056835941632936,0.0015772870662460567
E,two_to_raw/L2/attention_output,two,4116,0.04470359572400389,0.03835920258721021,0.051370856042486424
E,two_to_raw/L2/mlp,current,4116,0.9861516034985423,0.9822083232006105,0.9898286063578384
E,two_to_raw/L2/mlp,one,4116,0.0,0.0,0.0
E,two_to_raw/L2/mlp,two,4116,0.013605442176870748,0.010034003413483612,0.017535536509995207
E,two_to_raw/L2/block_input,current,4116,0.00036443148688046647,0.0,0.0009706440844078282
E,two_to_raw/L2/block_input,one,4116,0.0,0.0,0.0
E,two_to_raw/L2/block_input,two,4116,0.9979348882410107,0.9965977094068641,0.9990389466639507
E,two_to_raw/L12/pattern,current,4116,0.9422983479105929,0.9334607349370713,0.9508244459686132
E,two_to_raw/L12/pattern,one,4116,0.0,0.0,0.0
E,two_to_raw/L12/pattern,two,4116,0.0575801749271137,0.04906024265863997,0.06640259140850144
E,two_to_raw/L12/value,current,4116,0.999757045675413,0.9992625323399431,1.0
E,two_to_raw/L12/value,one,4116,0.0,0.0,0.0
E,two_to_raw/L12/value,two,4116,0.00024295432458697764,0.0,0.0007374676600568791
E,two_to_raw/L12/pattern_value,current,4116,0.9537172011661808,0.9470989249310527,0.9602344089837137
E,two_to_raw/L12/pattern_value,one,4116,0.0007288629737609329,0.00012056835941632936,0.0015772870662460567
E,two_to_raw/L12/pattern_value,two,4116,0.043245869776482024,0.037005263717440534,0.049733801156085534
E,two_to_raw/L12/query,current,4116,0.9880952380952381,0.984840808574863,0.991104178547351
E,two_to_raw/L12/query,one,4116,0.00012147716229348882,0.0,0.0003688222276862552
E,two_to_raw/L12/query,two,4116,0.01129737609329446,0.008359165846251687,0.014485755673587638
E,two_to_raw/L12/key,current,4116,0.9967201166180758,0.9949041185568589,0.9982023441029965
E,two_to_raw/L12/key,one,4116,0.0,0.0,0.0
E,two_to_raw/L12/key,two,4116,0.0032798833819241984,0.0017976558970035595,0.005095881443141098
E,two_to_raw/L12/query_key,current,4116,0.9422983479105929,0.9334607349370713,0.9508244459686132
E,two_to_raw/L12/query_key,one,4116,0.0,0.0,0.0
E,two_to_raw/L12/query_key,two,4116,0.0575801749271137,0.04906024265863997,0.06640259140850144
E,two_to_raw/L12/attention_output,current,4116,0.9537172011661808,0.9470989249310527,0.9602344089837137
E,two_to_raw/L12/attention_output,one,4116,0.0007288629737609329,0.00012056835941632936,0.0015772870662460567
E,two_to_raw/L12/attention_output,two,4116,0.043245869776482024,0.037005263717440534,0.049733801156085534
E,two_to_raw/L12/mlp,current,4116,0.9788629737609329,0.9736206553508663,0.9838790041282042
E,two_to_raw/L12/mlp,one,4116,0.0,0.0,0.0
E,two_to_raw/L12/mlp,two,4116,0.02089407191448008,0.01593814319566192,0.026002096010282746
E,two_to_raw/L12/block_input,current,4116,0.00036443148688046647,0.0,0.0009706440844078282
E,two_to_raw/L12/block_input,one,4116,0.0,0.0,0.0
E,two_to_raw/L12/block_input,two,4116,0.9979348882410107,0.9965977094068641,0.9990389466639507
E,two_to_raw/L2_answer/pattern,current,4116,0.9422983479105929,0.9335688642502633,0.9509661835748793
E,two_to_raw/L2_answer/pattern,one,4116,0.0,0.0,0.0
E,two_to_raw/L2_answer/pattern,two,4116,0.0575801749271137,0.04894424414387507,0.06618884085397757
E,two_to_one/L1/pattern,current,4116,0.010082604470359573,0.00739916956277375,0.012936424005009621
E,two_to_one/L1/pattern,one,4116,0.7255830903790087,0.7112732155469392,0.7388484250400136
E,two_to_one/L1/pattern,two,4116,0.1054421768707483,0.09594461696567205,0.1153761112175785
E,two_to_one/L1/value,current,4116,0.008138969873663752,0.005683089255042041,0.010696041991765872
E,two_to_one/L1/value,one,4116,0.7100340136054422,0.6957456910851207,0.7231209877715229
E,two_to_one/L1/value,two,4116,0.10119047619047619,0.09246976539591535,0.11056219976453156
E,two_to_one/L1/pattern_value,current,4116,0.0058309037900874635,0.0038074183247359373,0.008007792762048094
E,two_to_one/L1/pattern_value,one,4116,0.7074829931972789,0.6932123183684165,0.720947265625
E,two_to_one/L1/pattern_value,two,4116,0.10556365403304178,0.09638254290531825,0.1154790475598064
E,two_to_one/L1/query,current,4116,0.007653061224489796,0.005290878164496617,0.010140151435629359
E,two_to_one/L1/query,one,4116,0.7280126336248786,0.7137047573923357,0.7413291925002163
E,two_to_one/L1/query,two,4116,0.10459183673469388,0.09495489772527278,0.11439345685657029
E,two_to_one/L1/key,current,4116,0.007288629737609329,0.005,0.009758727023533675
E,two_to_one/L1/key,one,4116,0.7389455782312925,0.7254501132818875,0.7518834682832038
E,two_to_one/L1/key,two,4116,0.10495626822157435,0.09519686809912846,0.11498919286008259
E,two_to_one/L1/query_key,current,4116,0.010082604470359573,0.00739916956277375,0.012936424005009621
E,two_to_one/L1/query_key,one,4116,0.7255830903790087,0.7112732155469392,0.7388484250400136
E,two_to_one/L1/query_key,two,4116,0.1054421768707483,0.09594461696567205,0.1153761112175785
E,two_to_one/L1/attention_output,current,4116,0.0058309037900874635,0.0038074183247359373,0.008007792762048094
E,two_to_one/L1/attention_output,one,4116,0.7074829931972789,0.6932123183684165,0.720947265625
E,two_to_one/L1/attention_output,two,4116,0.10556365403304178,0.09638254290531825,0.1154790475598064
E,two_to_one/L1/mlp,current,4116,0.014091350826044704,0.010786938489755423,0.017512759000579452
E,two_to_one/L1/mlp,one,4116,0.6879251700680272,0.6734395223771762,0.7019886713607744
E,two_to_one/L1/mlp,two,4116,0.1360544217687075,0.12521028598894496,0.14739295416129097
E,two_to_one/L1/block_input,current,4116,0.00036443148688046647,0.0,0.0009706440844078282
E,two_to_one/L1/block_input,one,4116,0.0,0.0,0.0
E,two_to_one/L1/block_input,two,4116,0.9979348882410107,0.9965977094068641,0.9990389466639507
E,two_to_one/L2/pattern,current,4116,0.0037657920310981536,0.0024137098720733766,0.005302514483977155
E,two_to_one/L2/pattern,one,4116,0.3499757045675413,0.33592372054071323,0.3631314116952288
E,two_to_one/L2/pattern,two,4116,0.2524295432458698,0.24229586176538928,0.26301910859344885
E,two_to_one/L2/value,current,4116,0.0391156462585034,0.03368170188644527,0.04496864205586897
E,two_to_one/L2/value,one,4116,0.34183673469387754,0.3299141525631592,0.35369185713883344
E,two_to_one/L2/value,two,4116,0.4653790087463557,0.4522720154976118,0.4788012227152183
E,two_to_one/L2/pattern_value,current,4116,0.00024295432458697764,0.0,0.0007367387033398821
E,two_to_one/L2/pattern_value,one,4116,0.004494655004859086,0.0029989145988253817,0.00619533527696793
E,two_to_one/L2/pattern_value,two,4116,0.9616132167152576,0.9567281069818729,0.9665533437884642
E,two_to_one/L2/query,current,4116,0.009110787172011662,0.006658735996867559,0.011713150133872809
E,two_to_one/L2/query,one,4116,0.35775024295432456,0.3448729294807526,0.37036166889781347
E,two_to_one/L2/query,two,4116,0.2598396501457726,0.24902858357495505,0.27052569723049996
E,two_to_one/L2/key,current,4116,0.006559766763848397,0.004590314671323499,0.008703020766552869
E,two_to_one/L2/key,one,4116,0.5632896015549077,0.5488559454082357,0.5776159879160071
E,two_to_one/L2/key,two,4116,0.15136054421768708,0.14067821124975416,0.16273374705069013
E,two_to_one/L2/query_key,current,4116,0.0037657920310981536,0.0024137098720733766,0.005302514483977155
E,two_to_one/L2/query_key,one,4116,0.3499757045675413,0.33592372054071323,0.3631314116952288
E,two_to_one/L2/query_key,two,4116,0.2524295432458698,0.24229586176538928,0.26301910859344885
E,two_to_one/L2/attention_output,current,4116,0.00024295432458697764,0.0,0.0007367387033398821
E,two_to_one/L2/attention_output,one,4116,0.004494655004859086,0.0029989145988253817,0.00619533527696793
E,two_to_one/L2/attention_output,two,4116,0.9616132167152576,0.9567281069818729,0.9665533437884642
E,two_to_one/L2/mlp,current,4116,0.00036443148688046647,0.0,0.0009708796790624549
E,two_to_one/L2/mlp,one,4116,0.038386783284742466,0.032755242306905116,0.043932907380443066
E,two_to_one/L2/mlp,two,4116,0.9566326530612245,0.9506530810628687,0.9627216969058419
E,two_to_one/L2/block_input,current,4116,0.00036443148688046647,0.0,0.0009706440844078282
E,two_to_one/L2/block_input,one,4116,0.0,0.0,0.0
E,two_to_one/L2/block_input,two,4116,0.9979348882410107,0.9965977094068641,0.9990389466639507
E,two_to_one/L12/pattern,current,4116,0.0031584062196307093,0.0018391142933387185,0.0045860764370984995
E,two_to_one/L12/pattern,one,4116,0.3458454810495627,0.3320125528441341,0.3587251392410106
E,two_to_one/L12/pattern,two,4116,0.24817784256559766,0.23826542094096323,0.2586712261846605
E,two_to_one/L12/value,current,4116,0.03389212827988338,0.029171636807125964,0.038951575866761394
E,two_to_one/L12/value,one,4116,0.3453595724003887,0.3340136623712279,0.3569208521612099
E,two_to_one/L12/value,two,4116,0.4335519922254616,0.4210964224069627,0.44627092818765807
E,two_to_one/L12/pattern_value,current,4116,0.00024295432458697764,0.0,0.0007367387033398821
E,two_to_one/L12/pattern_value,one,4116,0.005587949465500486,0.0038221734683289107,0.007588532883642495
E,two_to_one/L12/pattern_value,two,4116,0.9620991253644315,0.9570663314420572,0.9672495392238066
E,two_to_one/L12/query,current,4116,0.009961127308066083,0.00735116895637503,0.01274040543047996
E,two_to_one/L12/query,one,4116,0.34791059280855197,0.3342797918565669,0.3609077598828697
E,two_to_one/L12/query,two,4116,0.2523080660835763,0.24149979566211396,0.2631646069991142
E,two_to_one/L12/key,current,4116,0.00619533527696793,0.004249635745507528,0.008364173885493402
E,two_to_one/L12/key,one,4116,0.5652332361516035,0.5507014333791919,0.5793997513809644
E,two_to_one/L12/key,two,4116,0.15148202137998057,0.14093520254018904,0.16269822165127729
E,two_to_one/L12/query_key,current,4116,0.0031584062196307093,0.0018391142933387185,0.0045860764370984995
E,two_to_one/L12/query_key,one,4116,0.3458454810495627,0.3320125528441341,0.3587251392410106
E,two_to_one/L12/query_key,two,4116,0.24817784256559766,0.23826542094096323,0.2586712261846605
E,two_to_one/L12/attention_output,current,4116,0.00024295432458697764,0.0,0.0007367387033398821
E,two_to_one/L12/attention_output,one,4116,0.005587949465500486,0.0038221734683289107,0.007588532883642495
E,two_to_one/L12/attention_output,two,4116,0.9620991253644315,0.9570663314420572,0.9672495392238066
E,two_to_one/L12/mlp,current,4116,0.00036443148688046647,0.0,0.0009708796790624549
E,two_to_one/L12/mlp,one,4116,0.03729348882410107,0.031991208392122696,0.042677050506200076
E,two_to_one/L12/mlp,two,4116,0.956268221574344,0.9504282927191128,0.96218639402786
E,two_to_one/L12/block_input,current,4116,0.00036443148688046647,0.0,0.0009706440844078282
E,two_to_one/L12/block_input,one,4116,0.0,0.0,0.0
E,two_to_one/L12/block_input,two,4116,0.9979348882410107,0.9965977094068641,0.9990389466639507
E,two_to_one/L2_answer/pattern,current,4116,0.0037657920310981536,0.0024137098720733766,0.005302514483977155
E,two_to_one/L2_answer/pattern,one,4116,0.3499757045675413,0.33592372054071323,0.3631314116952288
E,two_to_one/L2_answer/pattern,two,4116,0.2524295432458698,0.24229586176538928,0.26301910859344885
