variant,metric,length_n,unwrapped_offset_t_minus_n,fourier_amplitude
raw,exact_match,41,0.08927975095584337,11.725545255208349
raw,exact_match,42,0.2118177183707118,10.045061858339093
raw,exact_match,43,0.11349012621795761,11.190544884148085
raw,exact_match,44,0.193363379237292,12.34940346128411
raw,exact_match,45,0.15580979532544148,11.279393319202173
raw,exact_match,46,0.19643457416186857,10.77163429170178
raw,exact_match,47,0.16819943981258728,13.097041027669098
raw,exact_match,48,0.22400842791946168,11.930613334190602
raw,exact_match,49,0.24733073271502495,12.392811461778201
raw,exact_match,50,0.20817595554560073,12.234649729066168
raw,exact_match,51,0.21710917158929915,12.465423719501421
raw,exact_match,52,0.27212525165122947,12.427639206212433
raw,exact_match,53,0.25776211681831324,12.359528463271502
raw,exact_match,54,0.3334109195567816,12.054174634929675
raw,exact_match,55,0.2601099330250279,12.916348791640392
raw,exact_match,56,0.25486898226712273,11.071199944943956
raw,exact_match,57,0.26808883485478124,13.358520947112742
raw,exact_match,58,0.32234871475097704,12.24140900138339
raw,exact_match,59,0.2807010944944346,12.03233008326814
raw,exact_match,60,0.31728819894293336,13.288077461687902
raw,exact_match,61,0.2791317572122708,13.668766061276258
raw,exact_match,62,0.3261972615865697,13.177674402624955
raw,exact_match,63,0.3178258600305713,11.641924645293251
raw,exact_match,64,0.2897591877155732,12.699944825660536
raw,exact_match,65,0.2663371215364783,12.20119262319521
raw,exact_match,66,0.350836738428672,12.480741197708152
raw,exact_match,67,0.30803413474996294,13.319421167704842
raw,exact_match,68,0.32566289735500037,12.104930697019762
raw,exact_match,69,0.3463139479451007,12.718286495146636
raw,exact_match,70,0.37227132932640716,13.309740733909548
raw,exact_match,71,0.3390237383880088,11.191469271486202
raw,exact_match,72,0.36384296705536306,13.204589979100431
raw,exact_match,73,0.3520986347512626,12.216387093457845
raw,exact_match,74,0.4074927741063685,13.127815555773868
raw,exact_match,75,0.36144334732270716,13.984915500390958
raw,exact_match,76,0.3663044157006005,13.311791335160464
raw,exact_match,77,0.3837114972324499,13.1524391505594
raw,exact_match,78,0.44126665169759555,12.676984312543313
raw,exact_match,79,0.4230546473511925,12.69884047616552
raw,exact_match,80,0.44317591477238405,13.521303808285719
raw,exact_match,81,0.3905600100220466,13.787851732867978
raw,exact_match,82,0.4515627887483762,13.707673946237191
raw,exact_match,83,0.4662404741368967,13.05771311739668
raw,exact_match,84,0.4137203775730519,13.692292475675378
raw,exact_match,85,0.4167966673593985,12.233124223387168
raw,exact_match,86,0.44130632336194486,14.020596237860731
raw,exact_match,87,0.4481757256534641,12.909396886190109
raw,exact_match,88,0.45633837757083184,13.319565300459518
raw,exact_match,89,0.4375584500742342,13.449145392740377
raw,exact_match,90,0.42473488474356885,13.51067821630661
raw,exact_match,91,0.47557607957896814,13.82626969725123
raw,exact_match,92,0.4468597418847702,14.231405990693059
raw,exact_match,93,0.45856714791999914,13.363741522461396
raw,exact_match,94,0.4606188750745048,13.453417636078768
raw,exact_match,95,0.4709295437557536,13.362590037353849
raw,exact_match,96,0.48307509004151045,13.086058047062187
raw,exact_match,97,0.47255829271613553,13.742108237168242
raw,exact_match,98,0.4846148122035083,14.007668859361308
raw,exact_match,99,0.49942852818548417,13.814553000061888
raw,exact_match,100,0.5093543868770657,13.12583657333906
raw,exact_match,101,0.5411961122746661,13.948590848119963
raw,exact_match,102,0.493740700030666,13.740074520403848
raw,exact_match,103,0.4902984567681795,13.606755109057076
raw,exact_match,104,0.46671048581186614,14.218540284222744
raw,exact_match,105,0.528597360412757,14.096126361247169
raw,exact_match,106,0.5489501646242976,13.881995145482673
raw,exact_match,107,0.5073419649340801,13.504714808837665
raw,exact_match,108,0.5532894311375505,13.521599486840795
raw,exact_match,109,0.5318045025123527,13.357761569571169
raw,exact_match,110,0.5379620910196815,13.391306324942995
raw,exact_match,111,0.5444165474287651,13.895697606651849
raw,exact_match,112,0.5513794592047675,14.286898250573667
raw,exact_match,113,0.5679181552304401,13.642785699006867
raw,exact_match,114,0.5656056750298746,14.071443998485218
raw,exact_match,115,0.6268185157928016,13.624161125008566
raw,exact_match,116,0.602570799019956,13.472264658411218
raw,exact_match,117,0.6072635675024605,13.737671814593408
raw,exact_match,118,0.5596529932971579,14.095559237955783
raw,exact_match,119,0.6962168114057506,13.910820490369284
raw,exact_match,120,0.5306417406068695,13.942342833789704
raw,exact_match,121,0.5610337104917211,14.048102849906302
raw,exact_match,122,0.5940621950442402,13.888504314703345
raw,exact_match,123,0.6712764129562043,13.851266699405118
raw,exact_match,124,0.6106316455387423,14.102927904919524
raw,exact_match,125,0.6636008466138028,13.595009765248868
raw,exact_match,126,0.6523900708860173,13.96604790403581
raw,exact_match,127,0.7440130764587053,13.862624189357094
raw,exact_match,128,0.612555475464145,14.002777125302776
raw,exact_match,129,0.6026756761509054,13.874991289305001
raw,exact_match,130,0.6343251260286502,13.986485869869897
raw,exact_match,131,0.8122570691245647,13.604209444343406
raw,exact_match,132,0.6496174925117358,13.421716740522998
raw,exact_match,133,0.6928224959584591,13.58804012006232
raw,exact_match,134,0.6723982744288347,13.800021678963631
raw,exact_match,135,0.6798581127252272,14.148546177134792
raw,exact_match,136,0.7485106790541591,13.923335822878045
raw,exact_match,137,0.7286280666910341,13.978242472412193
raw,exact_match,138,0.6869502055871438,13.933875662944216
raw,exact_match,139,0.7508237564294247,14.271016194207393
raw,exact_match,140,0.7448745147149123,13.737509953144375
raw,exact_match,141,0.7291036315776804,14.238559653241557
raw,exact_match,142,0.7383965899099129,13.998865891935136
raw,exact_match,143,0.7097381281910605,14.082121653320229
raw,exact_match,144,0.7152185071525604,14.261637973531545
raw,exact_match,145,0.8530172219677268,13.877015086989987
raw,exact_match,146,0.7347799174207379,14.169762814451827
raw,exact_match,147,0.8099079333206732,14.104575755502182
raw,exact_match,148,0.7845894414628576,13.849238542576026
raw,exact_match,149,0.8489341861423282,14.0148470492617
raw,exact_match,150,0.6665708233525561,14.423158602075999
raw,exact_match,151,0.8042715506969752,14.180427644456243
raw,exact_match,152,0.7755522676582746,13.985956812428512
raw,exact_match,153,0.8978987402039551,14.191563499847387
raw,exact_match,154,0.8381282564016757,14.25105211606454
raw,exact_match,155,0.819392329186037,14.41727409315814
raw,exact_match,156,0.7502159359630708,14.142054153324084
raw,exact_match,157,0.8018103332110523,14.048567154014783
raw,exact_match,158,0.8430514316169354,13.970771356723855
raw,exact_match,159,0.8831419976730888,14.35317841750676
raw,exact_match,160,0.8650015919516956,14.356660704905579
raw,exact_match,161,0.7724079887403463,14.473312133074204
raw,exact_match,162,0.8303838299558186,14.306104363027119
raw,exact_match,163,0.9327685339230537,14.27549798236824
raw,exact_match,164,0.7393373494116615,14.481539933398112
raw,exact_match,165,0.9996874719090694,14.352666657455993
raw,exact_match,166,0.8143569422651661,14.278632838270928
raw,exact_match,167,0.8566146541843479,14.379516126102702
raw,exact_match,168,0.980353609165991,13.937056524938177
raw,exact_match,169,0.9061033456266439,13.756607734039909
raw,exact_match,170,0.9235493296064863,13.977618959454466
raw,exact_match,171,0.9707803165800005,14.365938168483058
raw,exact_match,172,0.9750725603303021,14.078211971686668
raw,exact_match,173,0.9447286790075827,14.358560123927926
raw,exact_match,174,0.91401735458729,14.282637960304859
raw,exact_match,175,0.9703489577034167,14.275195004908001
raw,exact_match,176,0.9900385652416754,14.12054796046142
raw,exact_match,177,0.9768776475491598,14.391077286386334
raw,exact_match,178,0.8818712011476186,14.375886478019524
raw,exact_match,179,1.0083233677683952,14.421473612996389
raw,exact_match,180,0.9450402236725673,14.057253304315049
raw,exact_match,181,0.8916686794372518,14.31112315374688
raw,exact_match,182,0.9679351983320751,14.038396627229034
raw,exact_match,183,0.9167020957205065,14.328633282345173
raw,exact_match,184,0.9541541115153792,14.179688517021415
raw,exact_match,185,1.0738474238221003,14.185837939165848
raw,exact_match,186,1.000819330013996,14.183324659634966
raw,exact_match,187,1.0130209224664786,14.242669729283744
raw,exact_match,188,1.0527692096341204,13.977288038559665
raw,exact_match,189,1.0230465785584473,14.25666839531416
raw,exact_match,190,1.0019158264222734,14.278789670247132
raw,exact_match,191,1.0317325029907907,14.078604401032225
raw,exact_match,192,1.032049175287912,14.277538537579563
raw,exact_match,193,1.0374178120357263,14.203537319871774
raw,exact_match,194,0.9697076556232638,14.290911661982308
raw,exact_match,195,0.9611011220438255,14.346041744202896
raw,exact_match,196,1.1820438325977705,14.352839356089442
raw,exact_match,197,1.0507902243905618,14.165821114461487
raw,exact_match,198,1.1218377367179098,13.985055020076926
raw,exact_match,199,1.105751312239991,14.263433444568289
raw,exact_match,200,1.0987008510217382,14.20228907841
raw,exact_match,201,1.0663183230295874,14.08527220580557
raw,exact_match,202,1.165972832395653,14.060014207461965
raw,exact_match,203,1.0724422416850776,14.260231860490345
raw,exact_match,204,1.1492876095192144,14.118000381874506
raw,exact_match,205,1.0822361552345605,14.30241316027512
raw,exact_match,206,1.0915719970647808,14.090965444564796
raw,exact_match,207,1.12316257253016,14.056992972798636
raw,exact_match,208,1.1358405108249614,13.922038608141454
raw,exact_match,209,1.2144018472825608,14.128880844658974
raw,exact_match,210,1.1375583451045705,14.18724323818082
raw,exact_match,211,1.1177883146975927,13.732731189936342
raw,exact_match,212,1.2516175174309436,14.051072149882003
raw,exact_match,213,1.171472826555022,14.319966212577373
raw,exact_match,214,1.2131601646470798,14.126638380405614
raw,exact_match,215,1.2054720122753522,13.941360303395417
raw,exact_match,216,1.2121107015389199,14.068792097446465
raw,exact_match,217,1.1667244285297496,14.20768242023642
raw,exact_match,218,1.2261958691035928,14.106506812689927
raw,exact_match,219,1.2334662707488042,14.094142150345993
raw,exact_match,220,1.189347586691527,13.675724222836418
raw,exact_match,221,1.1596684713881407,14.126185733136042
raw,exact_match,222,1.3102965520774952,13.510838983794114
raw,exact_match,223,1.235432256551466,14.12287076876448
raw,exact_match,224,1.2397718862036153,13.912073291679661
raw,exact_match,225,1.1972842674161863,14.033667875903141
raw,exact_match,226,1.2804403640837583,14.190255821770611
raw,exact_match,227,1.2808360379224322,13.92626300377016
raw,exact_match,228,1.2568129506618615,13.960550684540951
raw,exact_match,229,1.2304132216653267,13.686705347750097
raw,exact_match,230,1.326258650140817,13.872243466213474
raw,exact_match,231,1.2332842875707037,13.991454062355977
raw,exact_match,232,1.1482790257070459,13.678390887891283
raw,exact_match,233,1.3408069105188416,14.229093134338875
raw,exact_match,234,1.348054404821886,13.899232377413622
raw,exact_match,235,1.3042619357804919,13.743275652655297
raw,exact_match,236,1.2107136114791484,14.063079889265843
raw,exact_match,237,1.3450665101581634,13.967362182816693
raw,exact_match,238,1.3524445968468197,13.92041832202731
raw,exact_match,239,1.2359196559939827,13.795442713743643
raw,exact_match,240,1.4668458778029623,14.110518485533511
raw,exact_match,241,1.3446428908818504,14.185503533979293
raw,exact_match,242,1.3650100932506517,14.065474075750513
raw,exact_match,243,1.3627076179875737,13.800110631263593
raw,exact_match,244,1.3409374316265585,13.444631414467795
raw,exact_match,245,1.32252751653332,13.99463937814156
raw,exact_match,246,1.3417595417930088,13.936226910728735
raw,exact_match,247,1.423500318230048,14.362960487649351
raw,exact_match,248,1.3303882690863058,14.11055611077969
raw,exact_match,249,1.2586641633593285,13.983243682454477
raw,exact_match,250,1.6173532820239116,14.007198762751075
raw,exact_match,251,1.3215291072106325,13.938016974152767
raw,exact_match,252,1.2073304872877004,13.459081858802325
raw,exact_match,253,1.4176900507251904,13.953858313426101
raw,exact_match,254,1.4534962616639013,13.877828283025373
raw,exact_match,255,1.3336119288641546,13.643720922156307
raw,exact_match,256,1.3314040109483014,13.882305476068531
raw,exact_match,257,1.4150412401341688,13.937624933901256
raw,exact_match,258,1.5973325113571415,14.07450749626815
raw,exact_match,259,1.3737437099683296,13.986055955037887
raw,exact_match,260,1.5270279198414336,13.955162977929943
raw,exact_match,261,1.4401122273823126,13.675467840223082
raw,exact_match,262,1.3763909055712833,13.89178621270107
raw,exact_match,263,1.410006234031697,13.382305115440454
raw,exact_match,264,1.4383109648231205,14.057609729962282
raw,exact_match,265,1.4045784933724887,13.986110542969545
raw,exact_match,266,1.4502650334773315,14.112647332015548
raw,exact_match,267,1.4513196212633268,13.892121884160279
raw,exact_match,268,1.5759028433499214,14.165727684187063
raw,exact_match,269,1.4882310396293807,14.023655946517241
raw,exact_match,270,1.5806857065185507,14.270010527521727
raw,exact_match,271,1.4198539257295557,14.226036919628912
raw,exact_match,272,1.5962529637654836,14.006135854320833
raw,exact_match,273,1.373623835007379,14.043418641199969
raw,exact_match,274,1.605591641754006,14.172731636550553
raw,exact_match,275,1.5405838115778854,14.2279005726468
raw,exact_match,276,1.556832686816498,13.49013384389925
raw,exact_match,277,1.475707993281979,14.100036014278169
raw,exact_match,278,1.5181738099631448,14.254182240114785
raw,exact_match,279,1.5054317775079014,14.181509839106543
raw,exact_match,280,1.6552488914864445,14.495225307999766
raw,exact_match,281,1.4305790392057787,13.827410171345035
raw,exact_match,282,1.5666050743414106,14.223183359200135
raw,exact_match,283,1.490420945282819,14.52968277847566
raw,exact_match,284,1.5905570908650801,14.135343195094736
raw,exact_match,285,1.3818191133466204,13.898140116468594
raw,exact_match,286,1.713836215641928,14.171994932000562
raw,exact_match,287,1.382003830264943,13.938983414176578
raw,exact_match,288,1.5724795691416382,14.10650813850594
raw,exact_match,289,1.6134297427041344,14.105662805532782
raw,exact_match,290,1.5653686598294432,14.307598093115898
raw,exact_match,291,1.5301757687009898,14.465519749733645
raw,exact_match,292,1.7117229684781936,14.106935270661651
raw,exact_match,293,1.6054168539408753,14.261202223819685
raw,exact_match,294,1.5971402394658183,14.252217334463474
raw,exact_match,295,1.622308248290776,14.264546719352923
raw,exact_match,296,1.694305576532617,14.043268250538262
raw,exact_match,297,1.6254286373087186,14.342502799007335
raw,exact_match,298,1.7090901262737994,14.727283162701381
raw,exact_match,299,1.7246797034868306,13.91333675000089
raw,exact_match,300,1.7607999815838453,14.713161080640232
raw,exact_match,301,1.4072138607518736,14.007503762727234
raw,exact_match,302,1.5934323525844525,14.070433885304983
raw,exact_match,303,1.56510642352788,13.90745894021162
raw,exact_match,304,1.6410026258300756,14.00747916662666
raw,exact_match,305,1.6167707241410816,14.394269403859704
raw,exact_match,306,1.8817183735412302,14.403013815327293
raw,exact_match,307,1.6393246755108573,14.266159036184314
raw,exact_match,308,1.7175361402075158,14.52343051268313
raw,exact_match,309,1.7478733864179998,14.839161891174209
raw,exact_match,310,1.7383984318674057,14.628671140808505
raw,exact_match,311,1.7225221238706894,14.210167821557635
raw,exact_match,312,1.6649335061954265,14.533943872037089
raw,exact_match,313,2.030691914654857,14.830095613989851
raw,exact_match,314,1.7458814541777663,14.791955960713752
raw,exact_match,315,1.7820598002838328,14.688906371837636
raw,exact_match,316,1.955980462162238,14.754174079934467
raw,exact_match,317,1.698193343669091,14.809782042975096
raw,exact_match,318,1.8560626252925614,14.774961722054707
raw,exact_match,319,1.7053829977275212,14.624610152359457
raw,exact_match,320,1.8670428608807448,14.825365335639107
raw,exact_match,321,1.836808582318327,14.478725814030328
raw,exact_match,322,1.7243730550935115,14.62806694991083
raw,exact_match,323,1.9160103668773198,14.375151717727293
raw,exact_match,324,1.7830918858231088,14.626770264722264
raw,exact_match,325,1.8685236822969553,14.943039423183178
raw,exact_match,326,1.9865711951997016,14.589587403558076
raw,exact_match,327,1.8553296437007962,14.669191329812124
raw,exact_match,328,1.977086348328256,14.900483494531967
raw,exact_match,329,1.6709629876222831,14.363167646547312
raw,exact_match,330,1.8216124340185604,14.733228427440721
raw,exact_match,331,1.9740774669977161,14.791243168585634
raw,exact_match,332,1.8953260826939486,14.77425740452517
raw,exact_match,333,1.9948778824760076,14.514924264188856
raw,exact_match,334,1.9228779619028602,14.824272809398963
raw,exact_match,335,1.653017774634249,14.666715919782344
raw,exact_match,336,1.887595077221798,14.802142150927596
raw,exact_match,337,1.9244141335349165,14.682771835273758
raw,exact_match,338,1.781395325401867,14.402688664214532
raw,exact_match,339,1.9605926243284517,14.406518636823774
raw,exact_match,340,1.8062248991232204,14.602901266591742
raw,exact_match,341,1.790593485365934,14.801073461691033
raw,exact_match,342,1.6660034432852076,14.455753323830805
raw,exact_match,343,2.0107328370725206,15.035326468417958
raw,exact_match,344,1.8927332100529954,14.511270312151412
raw,exact_match,345,2.1354893435607796,14.407503616217532
raw,exact_match,346,1.9715271373711967,14.882573328202769
raw,exact_match,347,2.16245415542924,14.869464340255005
raw,exact_match,348,1.9059813115001232,14.288736562688138
raw,exact_match,349,1.8155417001425465,14.711614576607037
raw,exact_match,350,1.858402717378948,14.619457423363402
raw,exact_match,351,1.9697487517288401,15.044171743670953
raw,exact_match,352,1.8937920747415347,14.806133875576954
raw,exact_match,353,2.035407928868973,14.857112040596535
raw,exact_match,354,1.898996923101974,14.403017663261375
raw,exact_match,355,1.965369509216664,14.586851209537711
raw,exact_match,356,2.1091523455277197,14.825184534977563
raw,exact_match,357,1.8337107312067316,14.55747845527722
raw,exact_match,358,1.9455656394023584,14.476486806144957
raw,exact_match,359,1.904212816724921,14.991704855869454
raw,exact_match,360,1.8428741252835041,14.466369826750244
raw,exact_match,361,1.9676431372785697,14.706556970512725
raw,exact_match,362,2.0166865835817704,14.442667457047323
raw,exact_match,363,2.2291183444347666,13.772461280460835
raw,exact_match,364,1.9512927579709967,14.829371601547185
raw,exact_match,365,2.042807674356038,14.579280776146327
raw,exact_match,366,2.0962681714789784,14.56646210243991
raw,exact_match,367,2.089023682636306,14.80097057766051
raw,exact_match,368,2.110012752837764,14.35048660223897
raw,exact_match,369,1.996952606996121,14.796984941199822
raw,exact_match,370,2.046366494178661,14.571424679541547
raw,exact_match,371,2.2923739474839295,14.292832076046475
raw,exact_match,372,2.121995553549626,13.874272050635499
raw,exact_match,373,1.8760006237218583,14.780601218551126
raw,exact_match,374,1.9574499799177798,14.665349955005981
raw,exact_match,375,2.2699338786375858,14.545671246574454
raw,exact_match,376,2.0802365456541483,14.352952242645404
raw,exact_match,377,1.9098959174357502,14.689102656122504
raw,exact_match,378,2.024739880919282,14.5826776559474
raw,exact_match,379,2.224288855135859,14.756323498542228
raw,exact_match,380,2.1243372961985436,14.446985477944562
raw,exact_match,381,2.0939879155574506,14.511178567076236
raw,exact_match,382,1.909469525779962,14.694125817878671
raw,exact_match,383,1.9399720209259648,14.888913135850428
raw,exact_match,384,2.127304821840495,14.805126026245047
raw,exact_match,385,2.2165945410551497,14.7285345150607
raw,exact_match,386,2.2241266008764584,14.618076511027624
raw,exact_match,387,2.2113278204941453,14.398141577621827
raw,exact_match,388,2.129468378444607,14.782666602889872
raw,exact_match,389,2.164430442252954,14.723700669976578
raw,exact_match,390,2.078490993645443,14.636786067303802
raw,exact_match,391,2.180911780187196,14.691618081096095
raw,exact_match,392,2.136108263492164,14.430457099963808
raw,exact_match,393,2.2290331799351257,14.56372235410246
raw,exact_match,394,2.0688211663016767,14.36204638439797
raw,exact_match,395,2.0275315742423445,14.206435606891256
raw,exact_match,396,2.260227870826112,14.489484916912247
raw,exact_match,397,2.180050992509438,14.079604365279142
raw,exact_match,398,2.1280413522655253,14.348983011289068
raw,exact_match,399,2.4140194387697083,13.278593059849468
raw,exact_match,400,2.1613032345817156,14.545894849723
raw,exact_match,401,2.2514246480013544,13.853470638862062
raw,exact_match,402,2.3831023965125064,13.927832216485434
raw,exact_match,403,2.285247369234323,14.067506340966615
raw,exact_match,404,2.1317441007532847,14.432532941844883
raw,exact_match,405,2.318711185953954,14.34839254978425
raw,exact_match,406,2.222519393758282,14.592873472509956
raw,exact_match,407,2.127739589084286,14.587875285105115
raw,exact_match,408,2.181125174794941,13.821250826752904
raw,exact_match,409,2.1795784397846596,14.27761444287695
raw,exact_match,410,2.0706939019710027,14.778920450080934
raw,exact_match,411,2.1280413522655253,14.736027742310773
raw,exact_match,412,2.2174886977195625,14.286188732562486
raw,exact_match,413,2.1959913918909186,14.506773007276777
raw,exact_match,414,2.2027499129834878,13.959698492396912
raw,exact_match,415,2.3253440826229244,14.12221401280784
raw,exact_match,416,2.338858110059871,13.949376009163107
raw,exact_match,417,2.3731102870280236,13.709895435185764
raw,exact_match,418,2.2706666792930346,14.087757626582096
raw,exact_match,419,2.407446265742609,14.033598276768387
raw,exact_match,420,2.341762680583913,13.127416512246887
raw,exact_match,421,2.2987073331753933,13.948828918704708
raw,exact_match,422,2.3610241706985793,13.942413399821234
raw,exact_match,423,2.3189303750527137,14.33341684920042
raw,exact_match,424,2.0683455272285123,13.4361077479782
raw,exact_match,425,2.3819089257080472,13.772670922720817
raw,exact_match,426,2.1879917370931836,14.49313069796463
raw,exact_match,427,2.386342806110692,14.32171810955225
raw,exact_match,428,2.388929735264114,13.869868887780383
raw,exact_match,429,2.4657831001051083,11.941898463257523
raw,exact_match,430,2.5177325598617806,11.908830719093395
raw,exact_match,431,2.6310776854700526,13.80206479456349
raw,exact_match,432,2.113889931894254,13.886939334315754
raw,exact_match,433,2.449640183505018,14.10174392191097
raw,exact_match,434,2.3673875098488324,12.741792159387105
raw,exact_match,435,2.3927207571759115,13.067279629016836
raw,exact_match,436,2.7845094525581167,13.215837150660798
raw,exact_match,437,2.380392203889172,13.650840608049915
raw,exact_match,438,2.492310751763457,11.681258860138533
raw,exact_match,439,2.325285995558559,14.717052592509008
raw,exact_match,440,2.3182806074387683,13.5162107481079
raw,exact_match,441,2.4034187278431536,13.651768414986508
raw,exact_match,442,2.2795738789965014,13.642334773367907
raw,exact_match,443,2.3655053940827,14.02780008402694
raw,exact_match,444,2.287465215118419,12.401664267175784
raw,exact_match,445,2.4004566324982695,13.680607889257622
raw,exact_match,446,2.598772841771631,14.213866290789163
raw,exact_match,447,2.6146324746776375,12.65692337534989
raw,exact_match,448,2.5591309344249407,13.67249074527572
raw,exact_match,449,2.6449700821826903,13.845828220186121
raw,exact_match,450,2.6168364096614356,11.607056786082131
raw,exact_match,451,2.5554343430270148,13.149285888141632
raw,exact_match,452,2.4725370582040727,13.550140154875523
raw,exact_match,453,2.707582533434356,11.924901200490963
raw,exact_match,454,2.354163815444263,12.992808448091814
raw,exact_match,455,2.5465053822884682,12.78440596247127
raw,exact_match,456,2.408493118619894,12.418451302484513
raw,exact_match,457,2.6877822547102936,13.350336775802132
raw,exact_match,458,2.3554844042053276,11.644592181284722
raw,exact_match,459,2.408374213172571,12.551191473617452
raw,exact_match,460,2.609845411542362,13.151233771062039
raw,exact_match,461,2.7955685505066064,13.002055406783763
raw,exact_match,462,2.666967882378095,12.85961853968087
raw,exact_match,463,2.422311940592579,13.807633623059987
raw,exact_match,464,2.4597421023049786,14.522670072234877
raw,exact_match,465,2.575115800463759,12.606023579916016
raw,exact_match,466,2.681870051786722,13.04923158906113
raw,exact_match,467,2.6718123607003337,13.355774546646538
raw,exact_match,468,2.600187725695574,13.904933529887446
raw,exact_match,469,2.6902903789604493,13.576190353831622
raw,exact_match,470,2.634350019194214,13.695829693488767
raw,exact_match,471,2.6670808614820074,14.172419737725109
raw,exact_match,472,2.964576973290722,13.818832738819212
raw,exact_match,473,2.477995980776784,13.99123983653672
raw,exact_match,474,2.623452878574914,13.593907738202537
raw,exact_match,475,2.7178054580729536,14.090661230086125
raw,exact_match,476,2.7694771405904395,13.72360648525415
raw,exact_match,477,2.665090046814166,13.612419769379496
raw,exact_match,478,2.8887580446251135,12.544721851046496
raw,exact_match,479,3.0763723352182892,13.565088650399666
raw,exact_match,480,2.663163817133637,14.369805582955053
raw,exact_match,481,2.614841115697201,14.324226294807797
raw,exact_match,482,2.854191424334996,12.923465883780432
raw,exact_match,483,2.751199258877794,13.087867338837574
raw,exact_match,484,2.8143147764004923,13.926583066534695
raw,exact_match,485,2.7574941228234637,14.122824736755632
raw,exact_match,486,2.749828116957704,13.568995801415205
raw,exact_match,487,3.1483191901476366,13.323300823278972
raw,exact_match,488,2.6435197895984,14.000255505276916
raw,exact_match,489,2.5689928523731496,14.187357286437937
raw,exact_match,490,2.6934929578580067,11.824478027905124
J,exact_match,41,-0.3738460484889407,11.283397728906026
J,exact_match,42,-0.289556494447107,9.81115373165825
J,exact_match,43,-0.37922635828344764,11.098551095147938
J,exact_match,44,-0.29607024146457506,12.2200166380336
J,exact_match,45,-0.31823507910708304,12.062362846524017
J,exact_match,46,-0.35910685009089094,10.621807675506771
J,exact_match,47,-0.31143865681790617,13.050911252318876
J,exact_match,48,-0.2916215415860844,11.963600360419104
J,exact_match,49,-0.327270795154331,12.633317813318959
J,exact_match,50,-0.3309829866302407,12.245236209676873
J,exact_match,51,-0.37705951729910225,12.673819815557653
J,exact_match,52,-0.37529865829655656,12.396534987752583
J,exact_match,53,-0.3516713777496538,12.204858067017293
J,exact_match,54,-0.3645498968571343,11.941365767884054
J,exact_match,55,-0.3460290994045547,13.629679260903165
J,exact_match,56,-0.3643165735947114,11.129172817685012
J,exact_match,57,-0.35206498375422185,13.400442439235837
J,exact_match,58,-0.3087102934689921,12.561551257899412
J,exact_match,59,-0.3602621461064511,12.753479938137088
J,exact_match,60,-0.3455707528788325,13.521165173006699
J,exact_match,61,-0.3618493695722744,13.415725400637522
J,exact_match,62,-0.3355423568595199,13.920921210737193
J,exact_match,63,-0.3946797283531947,12.299323575623005
J,exact_match,64,-0.34080734877558994,12.27164786815901
J,exact_match,65,-0.362475678323942,12.597365377642712
J,exact_match,66,-0.37066249475592755,12.256284608832729
J,exact_match,67,-0.35927200795576214,13.300122012005659
J,exact_match,68,-0.3870641102338006,12.095708412096872
J,exact_match,69,-0.34700484562652767,12.461437992552117
J,exact_match,70,-0.37327956484268876,13.543846000974996
J,exact_match,71,-0.3946094532154674,11.133319861931863
J,exact_match,72,-0.38492225845427047,13.204299086492675
J,exact_match,73,-0.382227578528243,12.399106552990277
J,exact_match,74,-0.3619673045446189,13.120841814136979
J,exact_match,75,-0.3583569075406193,13.712131504296106
J,exact_match,76,-0.38201381144728774,13.019089568860732
J,exact_match,77,-0.3721232828326887,13.239483314973013
J,exact_match,78,-0.38516492947182096,12.771723760499581
J,exact_match,79,-0.3640264804674223,13.486720839325146
J,exact_match,80,-0.3400990577848478,13.32275126894181
J,exact_match,81,-0.3874424312115842,14.078880519616863
J,exact_match,82,-0.3820759470313036,13.882869856578447
J,exact_match,83,-0.3729966490930273,13.389710592198629
J,exact_match,84,-0.4067189139338307,13.767478291330697
J,exact_match,85,-0.41301708602048265,12.254963748349256
J,exact_match,86,-0.3785205897974999,13.90855874349735
J,exact_match,87,-0.3821228357355387,12.95478016336584
J,exact_match,88,-0.38738055860506015,13.424309490921939
J,exact_match,89,-0.38554163689247184,13.54319321000707
J,exact_match,90,-0.4135342858588644,13.702303967667762
J,exact_match,91,-0.4078036636154497,13.822249640786104
J,exact_match,92,-0.42408830110921597,14.408785671394414
J,exact_match,93,-0.4068242644536891,13.447591136521742
J,exact_match,94,-0.40124667273239556,13.690803384118682
J,exact_match,95,-0.4185724232224661,13.290452574795259
J,exact_match,96,-0.39753095183662246,13.102473284532236
J,exact_match,97,-0.41737150396798356,13.409465406185447
J,exact_match,98,-0.4053844085839804,13.952874228221727
J,exact_match,99,-0.3853826818907058,13.792330816831365
J,exact_match,100,-0.41132904537729775,12.805335199691848
J,exact_match,101,-0.40495246803897217,13.749397046908133
J,exact_match,102,-0.42453121723074083,14.02083399135174
J,exact_match,103,-0.4387105339204282,13.782890178928923
J,exact_match,104,-0.4247292049133572,14.170746429573786
J,exact_match,105,-0.4019641794235869,14.209777554453717
J,exact_match,106,-0.3992340506601332,13.82995049391711
J,exact_match,107,-0.45782164859464625,13.527036233969968
J,exact_match,108,-0.4031798680682626,13.314930235865761
J,exact_match,109,-0.47324203954301985,13.32254614607494
J,exact_match,110,-0.42638938481750294,13.71303022524864
J,exact_match,111,-0.4447806585765522,14.017912599761658
J,exact_match,112,-0.4039698910668397,14.302373930985468
J,exact_match,113,-0.43570430822373535,13.551428514245329
J,exact_match,114,-0.39526639331629637,14.11998472324475
J,exact_match,115,-0.44304262139447137,13.620716823309534
J,exact_match,116,-0.41261466189481844,13.629169848612241
J,exact_match,117,-0.45582293089374987,13.683840874437722
J,exact_match,118,-0.4251245117508583,14.03868436321995
J,exact_match,119,-0.4381168893359272,13.837424456109689
J,exact_match,120,-0.4672105792799676,13.74722059408559
J,exact_match,121,-0.48330178637630716,14.021222165779966
J,exact_match,122,-0.4690628551627488,13.776872402513037
J,exact_match,123,-0.461241768728995,13.67528221056083
J,exact_match,124,-0.43929182251844984,13.913261981106206
J,exact_match,125,-0.455109896930336,13.635874510521777
J,exact_match,126,-0.46871829230351164,13.587060296618779
J,exact_match,127,-0.43988021827741713,14.146128918158492
J,exact_match,128,-0.47995560981999347,13.787477290680897
J,exact_match,129,-0.514634024895505,13.498086083712144
J,exact_match,130,-0.4223340130013813,13.599612356465393
J,exact_match,131,-0.4552789334461818,13.458482344901741
J,exact_match,132,-0.49390375567994527,13.11108191332038
J,exact_match,133,-0.5333513736980358,13.369291499133093
J,exact_match,134,-0.50774660126465,13.35774447871559
J,exact_match,135,-0.4766210115068481,13.677177647312035
J,exact_match,136,-0.5092875032396111,13.524891341713456
J,exact_match,137,-0.5504805536106737,13.747646549995064
J,exact_match,138,-0.47813057964713696,13.709827101719176
J,exact_match,139,-0.5231252929774906,14.065513093770596
J,exact_match,140,-0.48866537567184126,13.589109182305085
J,exact_match,141,-0.5593946031622331,14.223267546861887
J,exact_match,142,-0.5057074726254757,13.747459025403629
J,exact_match,143,-0.5749908309952183,13.903655513314838
J,exact_match,144,-0.5013081209788944,13.670584667385942
J,exact_match,145,-0.55902083961109,13.167901458163483
J,exact_match,146,-0.5002847773338871,14.088758593980744
J,exact_match,147,-0.521943711232022,14.107172604275892
J,exact_match,148,-0.4768469910986604,13.667795033205541
J,exact_match,149,-0.5168393749740139,13.746828638806063
J,exact_match,150,-0.5328573101851272,14.134293754688624
J,exact_match,151,-0.5444579856941836,14.174122065584543
J,exact_match,152,-0.5681319782407583,13.455708134784144
J,exact_match,153,-0.5204792645630911,13.920060289518302
J,exact_match,154,-0.5004619881426811,13.926301928543834
J,exact_match,155,-0.571878227859098,14.137703869949698
J,exact_match,156,-0.5952126875537517,13.982683690899117
J,exact_match,157,-0.6166316857045783,13.932283881155138
J,exact_match,158,-0.5121866902684608,13.985073342531347
J,exact_match,159,-0.5343565311136221,14.11241879725782
J,exact_match,160,-0.5451369622548733,13.564707493963555
J,exact_match,161,-0.6117205471885873,14.192532495786152
J,exact_match,162,-0.596665615903217,13.973832419051174
J,exact_match,163,-0.5803399192054246,14.148089093569276
J,exact_match,164,-0.5928696990011286,13.971407719427228
J,exact_match,165,-0.5717646264302074,13.963035025896321
J,exact_match,166,-0.551572845888144,13.929746624755266
J,exact_match,167,-0.6226545424047436,14.29654536151351
J,exact_match,168,-0.5627358468444406,13.70371812945553
J,exact_match,169,-0.6036455667570351,13.396020118765378
J,exact_match,170,-0.5842587505642328,13.525050083964206
J,exact_match,171,-0.6018890061336784,13.708316033203987
J,exact_match,172,-0.5788820497542215,13.776808328381888
J,exact_match,173,-0.6369964566605655,14.076145289191825
J,exact_match,174,-0.654763057886737,13.571231790774512
J,exact_match,175,-0.638492026334794,14.019562491239071
J,exact_match,176,-0.6222698487306284,13.676720809868577
J,exact_match,177,-0.6256659163780024,14.154567519100231
J,exact_match,178,-0.6551672222713257,14.120195968423516
J,exact_match,179,-0.6114541690734615,14.088906562366223
J,exact_match,180,-0.5834761534056666,13.736689115036459
J,exact_match,181,-0.699991815036541,13.773010323607894
J,exact_match,182,-0.6429412658633429,13.747561865246913
J,exact_match,183,-0.7495361092357176,13.921056879226361
J,exact_match,184,-0.6714174105758307,13.807830623792325
J,exact_match,185,-0.6085522227836805,13.907743695743324
J,exact_match,186,-0.5409026173233501,13.961176491452546
J,exact_match,187,-0.6935577133517977,13.895523162705837
J,exact_match,188,-0.6349069737217935,13.709816314298843
J,exact_match,189,-0.693770975251265,14.132912037432602
J,exact_match,190,-0.7351347787110646,13.852638901306866
J,exact_match,191,-0.6708908827923677,13.769824684245494
J,exact_match,192,-0.6727179934570452,13.81349655059641
J,exact_match,193,-0.7561555088161444,13.87283060689082
J,exact_match,194,-0.6077941037198341,13.78224387324494
J,exact_match,195,-0.8299350515011893,14.01556980042882
J,exact_match,196,-0.682381701978054,14.08335785835714
J,exact_match,197,-0.6920333565282327,14.019228071747376
J,exact_match,198,-0.6586963934289266,13.506868826050809
J,exact_match,199,-0.7048327646991335,14.173112586767473
J,exact_match,200,-0.6704587782897454,13.942164610666957
J,exact_match,201,-0.7912481437548978,13.884147462078904
J,exact_match,202,-0.666846081421869,13.933857029493918
J,exact_match,203,-0.721995772654822,14.196864650657584
J,exact_match,204,-0.7099314410424,13.903644920292983
J,exact_match,205,-0.7395265246215745,14.110397839538248
J,exact_match,206,-0.6899919874548276,14.060800609782964
J,exact_match,207,-0.7599765075512176,13.681631728968576
J,exact_match,208,-0.8171177601830159,14.020844902178746
J,exact_match,209,-0.7620045221206759,13.745438002510767
J,exact_match,210,-0.7639552228402579,14.204934474869882
J,exact_match,211,-0.8275603155713468,13.822647163897756
J,exact_match,212,-0.5977713934804846,14.075647926492554
J,exact_match,213,-0.7429943162492673,14.161236490694735
J,exact_match,214,-0.7494992747470461,13.922412661753345
J,exact_match,215,-0.6465847809027248,14.13638002601394
J,exact_match,216,-0.7472931806728125,13.914491219370992
J,exact_match,217,-0.7923730186909697,14.320640348318582
J,exact_match,218,-0.8641038155094919,13.819723481775268
J,exact_match,219,-0.8179927238141511,14.077822703754288
J,exact_match,220,-0.72768182712719,13.877171931400074
J,exact_match,221,-0.8310544380484548,14.249090369956772
J,exact_match,222,-0.7192671691969608,13.696360867155349
J,exact_match,223,-0.844788733577682,14.267143630120282
J,exact_match,224,-0.7884009380426178,13.958371515731308
J,exact_match,225,-0.867472936554286,14.175163929540014
J,exact_match,226,-0.8147019349639048,13.853553122277322
J,exact_match,227,-0.8622816517297971,13.960841945378212
J,exact_match,228,-0.8219668905841282,14.113436048057652
J,exact_match,229,-0.8729928597873604,13.85329399492349
J,exact_match,230,-0.8362843803584038,14.087391460426124
J,exact_match,231,-0.755857342598242,14.369727905545659
J,exact_match,232,-0.902799326608231,14.292657600885208
J,exact_match,233,-0.8842950470588155,14.115248764298087
J,exact_match,234,-0.8302286981533861,14.192504502736375
J,exact_match,235,-0.7774897793681756,13.989550333989518
J,exact_match,236,-0.8160764541681556,14.056569719934336
J,exact_match,237,-0.8450171256020319,14.357445594678298
J,exact_match,238,-0.8687301810750669,14.284234455907715
J,exact_match,239,-0.9903350179793168,14.21076399775905
J,exact_match,240,-0.7645957266307322,14.143063520554415
J,exact_match,241,-0.7609313660634331,14.283512119596535
J,exact_match,242,-0.8480901410944963,14.311733215434245
J,exact_match,243,-0.7682837995602407,14.260877432893516
J,exact_match,244,-0.8762785484743768,14.007323655944399
J,exact_match,245,-0.8215047974831896,14.311103003901614
J,exact_match,246,-0.8280395848936789,13.923903236063545
J,exact_match,247,-0.8089050975548236,14.431416240867241
J,exact_match,248,-0.9441860880508944,14.289594323214509
J,exact_match,249,-0.8857298174814965,14.375577077145126
J,exact_match,250,-0.7780936013761288,14.167694134555715
J,exact_match,251,-0.8896619112708689,14.380057534647763
J,exact_match,252,-1.0737998216486508,14.24408410916113
J,exact_match,253,-0.7770271316648394,14.218736782889968
J,exact_match,254,-0.8469159165017577,14.312936149925896
J,exact_match,255,-0.9488656488648511,14.255050624122775
J,exact_match,256,-0.9727204255340903,13.968374968293324
J,exact_match,257,-0.9749206028218245,14.308905567033522
J,exact_match,258,-0.8481513539444068,14.244194346526077
J,exact_match,259,-1.0700740939506994,14.249578974703557
J,exact_match,260,-0.9946366636088132,14.01174022693558
J,exact_match,261,-0.8896372207544271,14.21581038145773
J,exact_match,262,-1.0095927002732377,14.161282985562888
J,exact_match,263,-0.9516117436390077,14.121602384067327
J,exact_match,264,-0.9801637277529976,14.046323438097941
J,exact_match,265,-0.8044427439596321,14.363449294841303
J,exact_match,266,-0.9481793676809221,14.20362240849338
J,exact_match,267,-1.0128935200247005,14.395731656945582
J,exact_match,268,-0.9038824811526991,14.201156123568513
J,exact_match,269,-0.9379450317996383,13.808238655968193
J,exact_match,270,-0.8840052623300221,14.237350900529913
J,exact_match,271,-1.0267460467991776,14.292551188690044
J,exact_match,272,-1.042177397776445,14.367782663776477
J,exact_match,273,-0.9802253838418215,14.435186444491091
J,exact_match,274,-1.03499563652648,14.003390276968537
J,exact_match,275,-0.8498811224658019,14.322480027166764
J,exact_match,276,-0.9834681385685803,13.568777192782333
J,exact_match,277,-0.8678112070547255,14.207293036016328
J,exact_match,278,-0.9245669491729024,13.814002557791376
J,exact_match,279,-0.979796633728313,14.40557688233902
J,exact_match,280,-0.9985160405143787,14.316523705365222
J,exact_match,281,-1.044954026874756,14.088365912923782
J,exact_match,282,-1.0025373844397074,13.901201121931962
J,exact_match,283,-1.0579336659994814,14.304302220780654
J,exact_match,284,-1.0720710619167055,14.303567497507935
J,exact_match,285,-1.0131112442407124,14.415698472006252
J,exact_match,286,-0.9247774616318825,14.193043551558924
J,exact_match,287,-1.1659046353126394,13.953697392681178
J,exact_match,288,-1.0332140659398505,14.321305079584839
J,exact_match,289,-0.9262701731285197,13.724230040673246
J,exact_match,290,-1.050924276963084,13.895094199564554
J,exact_match,291,-1.0330794542243804,14.280246212710757
J,exact_match,292,-0.9692511182241157,14.126486264249799
J,exact_match,293,-0.9278311924342774,14.068406555755162
J,exact_match,294,-1.1324487338680338,14.390361253831788
J,exact_match,295,-0.9934099686015687,13.64627505903625
J,exact_match,296,-1.0285960598756478,13.769040618315376
J,exact_match,297,-0.9685555032017027,14.076877532103127
J,exact_match,298,-1.139366827201551,14.333960355403999
J,exact_match,299,-0.9407833510812182,14.395336346117919
J,exact_match,300,-1.1134348878585012,14.334543919921192
J,exact_match,301,-0.9528074466266173,14.056701455286303
J,exact_match,302,-1.1607046389589148,14.255159726993364
J,exact_match,303,-1.1451135574975189,14.42959912223008
J,exact_match,304,-1.1221456450184681,14.200544564088396
J,exact_match,305,-1.1046037807704268,14.27592996195217
J,exact_match,306,-1.034227342351497,13.975311179383326
J,exact_match,307,-1.2699724422109506,14.140599020719549
J,exact_match,308,-1.1869677133354923,13.931079545438209
J,exact_match,309,-1.0141636566574437,14.232880953855634
J,exact_match,310,-1.1086331882339449,14.279213451537952
J,exact_match,311,-1.0595049559426055,13.55242657966917
J,exact_match,312,-1.2176012854549798,14.129687115610988
J,exact_match,313,-0.8671753213075161,14.389939150398696
J,exact_match,314,-1.1978944043102449,14.222314241399765
J,exact_match,315,-0.9790419034595824,14.289602528431173
J,exact_match,316,-1.1069150161006638,13.983628138372898
J,exact_match,317,-1.1825311196884067,14.369284190413795
J,exact_match,318,-1.119566628081907,14.139264213873457
J,exact_match,319,-1.2879758640055217,13.875605770265652
J,exact_match,320,-1.105479858140115,14.156887780954305
J,exact_match,321,-1.0384845562169487,13.854111531702548
J,exact_match,322,-1.15498780453637,14.334295693529302
J,exact_match,323,-1.0577766171180738,13.257954532490794
J,exact_match,324,-1.2488859551760594,14.113959594487547
J,exact_match,325,-1.2391896350073626,14.241066628711634
J,exact_match,326,-1.1001289811310397,13.471513708211475
J,exact_match,327,-1.0041399065980035,13.926989229011859
J,exact_match,328,-1.1121097517562446,14.141956792672467
J,exact_match,329,-1.101214402007815,14.068516183971164
J,exact_match,330,-1.1968629804818496,13.778437297689985
J,exact_match,331,-1.0076915490632647,13.675593273616698
J,exact_match,332,-1.1733963512384555,13.920685878047319
J,exact_match,333,-1.1602804797116806,13.6367742146455
J,exact_match,334,-1.2453343398435313,13.858802771922518
J,exact_match,335,-1.2529044698605327,14.306846572957454
J,exact_match,336,-1.156325047600481,13.820378947463666
J,exact_match,337,-1.1385209851464166,13.965307353054335
J,exact_match,338,-1.1713247492982997,13.09910233888912
J,exact_match,339,-1.2232620628875797,13.921484805272199
J,exact_match,340,-1.206547176458742,13.319081644219636
J,exact_match,341,-1.294514961172182,13.872967898286928
J,exact_match,342,-1.251804199869227,13.21300971730635
J,exact_match,343,-1.3535535851611922,14.180008221666096
J,exact_match,344,-1.0076617204726896,14.268386613545617
J,exact_match,345,-1.0761095236896712,13.69682433800768
J,exact_match,346,-1.1609496502625551,13.54096024917487
J,exact_match,347,-1.0446156393868398,14.292772155973605
J,exact_match,348,-1.337410523120493,13.929899686040741
J,exact_match,349,-1.3765511175915972,14.282955705131485
J,exact_match,350,-1.4448314378515794,14.334378019920395
J,exact_match,351,-1.2587609031129896,14.194259287993289
J,exact_match,352,-1.3106367205983418,14.468502559272247
J,exact_match,353,-1.241309225439234,13.822858998933594
J,exact_match,354,-1.2590577505598268,13.19223595871616
J,exact_match,355,-1.1411335833791973,13.193436927627015
J,exact_match,356,-1.233272000347216,13.818695426254319
J,exact_match,357,-1.4345315010736917,14.377408517853377
J,exact_match,358,-1.1266278333537492,14.261958170916921
J,exact_match,359,-1.2828018654465394,14.04301871514948
J,exact_match,360,-1.2565238338388287,14.428379024370102
J,exact_match,361,-1.3864424823164956,13.307257745105073
J,exact_match,362,-1.1576265874885798,14.05171876150423
J,exact_match,363,-0.9849793124937865,13.808172948485728
J,exact_match,364,-1.3933969816896508,14.231800916523198
J,exact_match,365,-1.2577621168183133,14.211596794487237
J,exact_match,366,-1.3353023133712112,14.178967967963592
J,exact_match,367,-1.2734962659252358,13.962393173835332
J,exact_match,368,-1.1242417134466298,12.999597255138772
J,exact_match,369,-1.3675497602918194,13.459186290326226
J,exact_match,370,-1.27778190896873,14.26621841710864
J,exact_match,371,-1.246457791791564,14.08391806488841
J,exact_match,372,-1.2331782656880328,13.390209373055145
J,exact_match,373,-1.191908250863121,12.520300040385258
J,exact_match,374,-1.3988364826329944,13.807933494931463
J,exact_match,375,-1.2415288540750264,12.801392634996908
J,exact_match,376,-1.2381777303615455,13.690935302891898
J,exact_match,377,-1.3526252071884495,13.593774763033242
J,exact_match,378,-1.343744447881625,13.817613540011527
J,exact_match,379,-1.3729009749994365,13.474284815399296
J,exact_match,380,-1.2006719104022132,13.790502155826832
J,exact_match,381,-1.4280257581646745,14.497759362700979
J,exact_match,382,-1.670926571225182,14.198052668185076
J,exact_match,383,-1.4466894384818516,14.258931402308148
J,exact_match,384,-1.3835587375770364,13.300461826478346
J,exact_match,385,-1.3015386429436517,13.850248744182327
J,exact_match,386,-1.0778306721404123,12.614374345735861
J,exact_match,387,-1.4303254896830795,14.17152044239155
J,exact_match,388,-1.4058499655698717,13.809793313948031
J,exact_match,389,-1.4107545375614787,13.801889812126495
J,exact_match,390,-1.4677565503457375,13.828107192662042
J,exact_match,391,-1.4220236037204803,13.849910621419994
J,exact_match,392,-1.4019329821926756,14.23695948851224
J,exact_match,393,-1.406076449609013,13.483959201814862
J,exact_match,394,-1.5279241182533758,13.774159112852654
J,exact_match,395,-1.4825627243916781,13.439332711990362
J,exact_match,396,-1.3512571103326398,14.019400037111335
J,exact_match,397,-1.1972768017497697,12.656002183775714
J,exact_match,398,-1.4687956910389621,13.249607804788177
J,exact_match,399,-1.1464236995820287,13.899306902808716
J,exact_match,400,-1.4067203895433495,14.427297693244045
J,exact_match,401,-1.1892528970704817,13.711716027529434
J,exact_match,402,-1.2606972769238953,13.680884221538802
J,exact_match,403,-1.3620779908955323,12.327885928608925
J,exact_match,404,-1.4194930121472773,13.591008107220578
J,exact_match,405,-1.3570655254052733,13.535996988639853
J,exact_match,406,-1.4487071989605445,13.928820469086988
J,exact_match,407,-1.5157334644920535,13.801973483518116
J,exact_match,408,-1.5817820556797968,13.738718332821554
J,exact_match,409,-1.5160337331455873,13.935586650495821
J,exact_match,410,-1.6593073913079306,13.978634169219069
J,exact_match,411,-1.5807614045554474,14.433223165214374
J,exact_match,412,-1.4647210621950217,13.896031369010453
J,exact_match,413,-1.40165924247723,13.766707053034983
J,exact_match,414,-1.4866416298952654,13.904487603503915
J,exact_match,415,-1.3777889984824894,13.222849103358426
J,exact_match,416,-1.4032840223196754,13.061200171367389
J,exact_match,417,-1.4952212859812708,13.242003598228868
J,exact_match,418,-1.4087899588705592,13.4558145141802
J,exact_match,419,-1.3132207257637376,13.582546984325306
J,exact_match,420,-1.4793793113286602,13.516106902803761
J,exact_match,421,-1.3344457858637415,13.2367098915331
J,exact_match,422,-1.526500898546172,13.987968665884468
J,exact_match,423,-1.557336560150604,14.116581420944138
J,exact_match,424,-1.669264686630813,13.717346780763313
J,exact_match,425,-1.2868999108243255,13.228756555322951
J,exact_match,426,-1.5868557086570592,13.597979090132807
J,exact_match,427,-1.6246610270359099,14.019359216767121
J,exact_match,428,-1.5824433667193265,14.118854107620496
J,exact_match,429,-1.36052142364657,13.110092559882075
J,exact_match,430,-1.4893219050464204,13.833094784987928
J,exact_match,431,-1.4403790555329754,14.054783201657747
J,exact_match,432,-1.7074101586024468,13.414366355482509
J,exact_match,433,-1.5540303668750486,13.946445070270137
J,exact_match,434,-1.4018137251702558,13.796614795705176
J,exact_match,435,-1.2111081123182856,13.734779345913617
J,exact_match,436,-1.3189550282600122,13.710348130468274
J,exact_match,437,-1.5736900533385139,13.764356006598463
J,exact_match,438,-1.5358416437299305,13.272843756303322
J,exact_match,439,-1.6175370288825879,14.500258102183567
J,exact_match,440,-1.59859722927005,14.521083010651248
J,exact_match,441,-1.7121827168453143,14.054199907053457
J,exact_match,442,-1.5597685080711348,13.306711726760902
J,exact_match,443,-1.4074927741063685,13.27847312045922
J,exact_match,444,-1.6446849516766127,12.736835275634993
J,exact_match,445,-1.6463872515851594,14.231330059646636
J,exact_match,446,-1.432162397634541,13.967496125995432
J,exact_match,447,-1.5410153998494587,14.049425740448028
J,exact_match,448,-1.6158374087664629,14.302521960798016
J,exact_match,449,-1.6621820694581413,14.301503910492487
J,exact_match,450,-1.4686582371943124,11.645294062532447
J,exact_match,451,-1.3385060546606655,13.32617561499694
J,exact_match,452,-1.660781045556288,14.004555067633138
J,exact_match,453,-1.487960107718265,12.495568433850345
J,exact_match,454,-1.8107371173358606,13.628414503116021
J,exact_match,455,-1.683448485148285,13.576370905296265
J,exact_match,456,-1.628266195784454,13.52499921330179
J,exact_match,457,-1.5537398160637257,14.079016932216646
J,exact_match,458,-1.8642697873985463,14.222614256166175
J,exact_match,459,-1.4657475697538236,13.59805157812311
J,exact_match,460,-1.6342336328885567,13.574411297821705
J,exact_match,461,-1.5375969870036783,13.845404324892343
J,exact_match,462,-1.3758672832136183,12.917462070530144
J,exact_match,463,-1.3739841643979651,13.972202401148529
J,exact_match,464,-1.7013412835869484,13.687187198744438
J,exact_match,465,-1.5111413155231592,13.584300104515634
J,exact_match,466,-1.5095157723892407,12.294636515744923
J,exact_match,467,-1.735031718564585,14.410654922960369
J,exact_match,468,-1.7298271265410894,14.363974732754595
J,exact_match,469,-1.5984455043361112,14.45912772524474
J,exact_match,470,-1.793090001443972,13.667994814773934
J,exact_match,471,-1.7007802630165967,14.27445796236807
J,exact_match,472,-1.5731492688002524,14.229668106376327
J,exact_match,473,-1.8760765244547888,13.883579395940009
J,exact_match,474,-1.7011529226056292,13.930253560813673
J,exact_match,475,-1.773498589690057,14.630792385817996
J,exact_match,476,-1.6692980264080441,14.623703408266458
J,exact_match,477,-1.860887351640513,14.095651861631369
J,exact_match,478,-1.7545000699427415,14.632164855654874
J,exact_match,479,-1.5968580998659347,14.289341951470025
J,exact_match,480,-1.758892033957385,14.615123599813924
J,exact_match,481,-1.738006855731165,14.633646322994123
J,exact_match,482,-1.697587635620324,14.395191043926408
J,exact_match,483,-1.5451455664725375,14.114075563965121
J,exact_match,484,-1.4710016395836463,14.056176208034397
J,exact_match,485,-1.7079295702978692,14.692372946015563
J,exact_match,486,-1.832617872607528,14.116183639362823
J,exact_match,487,-1.4760290832300234,13.805488685922816
J,exact_match,488,-1.6561587709126337,14.193025251942851
J,exact_match,489,-1.9445904183920502,13.582540334582266
J,exact_match,490,-1.6620187909504311,14.15182232929894
raw,correct_parity_probability,41,0.08720427691920155,11.62770878343253
raw,correct_parity_probability,42,0.20596760633581274,10.065149634164163
raw,correct_parity_probability,43,0.12000818187213275,11.095318671908407
raw,correct_parity_probability,44,0.19831708834565137,12.384816332498794
raw,correct_parity_probability,45,0.16050745526375113,11.411052663039182
raw,correct_parity_probability,46,0.18767891513835963,10.834688783786467
raw,correct_parity_probability,47,0.17549709223067275,13.177549244281932
raw,correct_parity_probability,48,0.22220646709791902,11.914160565197912
raw,correct_parity_probability,49,0.23260861348057477,12.404605124664611
raw,correct_parity_probability,50,0.20961778975431775,12.30112815993239
raw,correct_parity_probability,51,0.2045939739802652,12.514035595911022
raw,correct_parity_probability,52,0.27909854593983363,12.346153282284101
raw,correct_parity_probability,53,0.24852969096256436,12.361540341899314
raw,correct_parity_probability,54,0.33505488357094376,12.054393189463982
raw,correct_parity_probability,55,0.2583903032114516,12.974825742389624
raw,correct_parity_probability,56,0.2667720005925939,11.009019143563336
raw,correct_parity_probability,57,0.2623928277313899,13.373835614941394
raw,correct_parity_probability,58,0.31238302670087004,12.316218064560264
raw,correct_parity_probability,59,0.2715173526200727,12.054956007087986
raw,correct_parity_probability,60,0.3129083971720108,13.303773910644615
raw,correct_parity_probability,61,0.2727472369931768,13.681447757449439
raw,correct_parity_probability,62,0.3210452307631793,13.29576677884246
raw,correct_parity_probability,63,0.3088564593784311,11.804068650034129
raw,correct_parity_probability,64,0.2915211371818377,12.575569992409424
raw,correct_parity_probability,65,0.2687511848156266,12.288073352357218
raw,correct_parity_probability,66,0.34125511048695994,12.551543482721897
raw,correct_parity_probability,67,0.30629749256765604,13.364267427469285
raw,correct_parity_probability,68,0.32530812794792763,12.104928752887714
raw,correct_parity_probability,69,0.34391589612834667,12.73955531135993
raw,correct_parity_probability,70,0.36093267993795997,13.370338890617743
raw,correct_parity_probability,71,0.32887169105599146,11.128071946875586
raw,correct_parity_probability,72,0.36093451443065827,13.155352676489208
raw,correct_parity_probability,73,0.34561646408991686,12.261426361001583
raw,correct_parity_probability,74,0.3962024685417214,13.126811899186524
raw,correct_parity_probability,75,0.36935244870068307,13.959848416124746
raw,correct_parity_probability,76,0.370416831381543,13.35897692068625
raw,correct_parity_probability,77,0.37897769634118794,13.23797116126548
raw,correct_parity_probability,78,0.44265880201154395,12.805269177418499
raw,correct_parity_probability,79,0.4192431162967807,12.786799510694678
raw,correct_parity_probability,80,0.438491575363652,13.550185681294309
raw,correct_parity_probability,81,0.3827655768292542,13.859776725019389
raw,correct_parity_probability,82,0.44468981085883175,13.682042974302046
raw,correct_parity_probability,83,0.4402669502950776,13.038749272787033
raw,correct_parity_probability,84,0.41116420174109963,13.695322922618663
raw,correct_parity_probability,85,0.4074989990996674,12.25821936198189
raw,correct_parity_probability,86,0.44138393809819726,14.073007501480246
raw,correct_parity_probability,87,0.4331251993078127,12.938134015137036
raw,correct_parity_probability,88,0.454871444767858,13.379638098489695
raw,correct_parity_probability,89,0.4383249278870844,13.413772428421701
raw,correct_parity_probability,90,0.437885692289149,13.552784276846662
raw,correct_parity_probability,91,0.46176281981515305,13.810301926121662
raw,correct_parity_probability,92,0.44512927898714544,14.21038405174253
raw,correct_parity_probability,93,0.4504100683580464,13.333462544450306
raw,correct_parity_probability,94,0.4643103631197006,13.566521083754191
raw,correct_parity_probability,95,0.478821330127366,13.374700815248842
raw,correct_parity_probability,96,0.47683982903823846,13.147327116161197
raw,correct_parity_probability,97,0.4747278683762627,13.63639269730943
raw,correct_parity_probability,98,0.4803990762484449,14.002049131463336
raw,correct_parity_probability,99,0.49098374609460504,13.763331011651065
raw,correct_parity_probability,100,0.5050691142337974,13.115442595181552
raw,correct_parity_probability,101,0.5317497689821666,13.959280420239567
raw,correct_parity_probability,102,0.49331079030530967,13.717498705210481
raw,correct_parity_probability,103,0.4868724794173824,13.585553918558066
raw,correct_parity_probability,104,0.4669784281289952,14.234408099328254
raw,correct_parity_probability,105,0.5338464754933137,14.11679120398622
raw,correct_parity_probability,106,0.5542378270467846,13.811599894022319
raw,correct_parity_probability,107,0.5108534880404493,13.571194823897956
raw,correct_parity_probability,108,0.5558475163400389,13.497616058866766
raw,correct_parity_probability,109,0.5335483777333966,13.45378145491293
raw,correct_parity_probability,110,0.5381278756287812,13.553495565070882
raw,correct_parity_probability,111,0.5467360906671592,13.87823929364068
raw,correct_parity_probability,112,0.5492929959553746,14.292280603264215
raw,correct_parity_probability,113,0.5745472221346622,13.701353558816807
raw,correct_parity_probability,114,0.580667372591211,14.063271913825687
raw,correct_parity_probability,115,0.6166001677208505,13.63510020864638
raw,correct_parity_probability,116,0.6037461717452044,13.45913697255545
raw,correct_parity_probability,117,0.6055703418474676,13.720929097488135
raw,correct_parity_probability,118,0.5662200497595639,14.0788367448633
raw,correct_parity_probability,119,0.6940633408467044,13.886347866191207
raw,correct_parity_probability,120,0.5419286285327384,13.948612291050138
raw,correct_parity_probability,121,0.5610842597070081,14.056211250811181
raw,correct_parity_probability,122,0.5973290270288607,13.848499609001298
raw,correct_parity_probability,123,0.6661809821449535,13.928930027756769
raw,correct_parity_probability,124,0.6137753432434817,14.098524575343825
raw,correct_parity_probability,125,0.6643148585193932,13.661291113701505
raw,correct_parity_probability,126,0.6493363855733182,13.936557557834371
raw,correct_parity_probability,127,0.7487632828036279,13.85257516745507
raw,correct_parity_probability,128,0.6159405281931927,14.043642799992334
raw,correct_parity_probability,129,0.6022647626508625,13.886334575799781
raw,correct_parity_probability,130,0.6489742898073348,13.98651272280549
raw,correct_parity_probability,131,0.8064333541102313,13.619629335947208
raw,correct_parity_probability,132,0.654360670946682,13.433757683680826
raw,correct_parity_probability,133,0.6876828580886016,13.602155020992875
raw,correct_parity_probability,134,0.6681923051156866,13.770224032403393
raw,correct_parity_probability,135,0.6759480615685618,14.12784059887056
raw,correct_parity_probability,136,0.7578744956525517,13.941959877712154
raw,correct_parity_probability,137,0.7299148116680586,13.94771220937031
raw,correct_parity_probability,138,0.7020788730717877,13.879984882129758
raw,correct_parity_probability,139,0.7515891176221385,14.244736877698518
raw,correct_parity_probability,140,0.7430775630491754,13.717534638583025
raw,correct_parity_probability,141,0.7243897751788797,14.245471541799358
raw,correct_parity_probability,142,0.7365621457629705,14.04900309703751
raw,correct_parity_probability,143,0.6974105368695449,14.100081428631603
raw,correct_parity_probability,144,0.7299225198661877,14.236712228033976
raw,correct_parity_probability,145,0.8478735233560585,13.876623045809673
raw,correct_parity_probability,146,0.7524311008828503,14.157501176969749
raw,correct_parity_probability,147,0.8186730792830408,14.145123444931926
raw,correct_parity_probability,148,0.7980438616361105,13.87633109381525
raw,correct_parity_probability,149,0.8412347268363283,14.011158041455953
raw,correct_parity_probability,150,0.6863746228989326,14.389343616858763
raw,correct_parity_probability,151,0.8013912147270013,14.19530412649752
raw,correct_parity_probability,152,0.7818926340925189,14.015294158835287
raw,correct_parity_probability,153,0.8838936569457321,14.201337786408411
raw,correct_parity_probability,154,0.8334696583529508,14.264847945113818
raw,correct_parity_probability,155,0.8115543283929366,14.414157650929253
raw,correct_parity_probability,156,0.7586025931234145,14.139892265968479
raw,correct_parity_probability,157,0.803398275874026,14.06321884498248
raw,correct_parity_probability,158,0.8443803649951257,13.982778755901114
raw,correct_parity_probability,159,0.8817174019678409,14.340765011635943
raw,correct_parity_probability,160,0.8723806541015593,14.344107953476971
raw,correct_parity_probability,161,0.7694294414112306,14.481413253567254
raw,correct_parity_probability,162,0.8450218747394298,14.326250557761185
raw,correct_parity_probability,163,0.9249694551698899,14.285525684769965
raw,correct_parity_probability,164,0.7390007642708393,14.475513284367228
raw,correct_parity_probability,165,0.9949606372363395,14.357206271211602
raw,correct_parity_probability,166,0.8261344781805845,14.233807738944735
raw,correct_parity_probability,167,0.8478624123364856,14.38253220718201
raw,correct_parity_probability,168,0.9774266534039184,13.988292636061521
raw,correct_parity_probability,169,0.8987850756042185,13.760540265526208
raw,correct_parity_probability,170,0.9019620817315372,14.015721180114175
raw,correct_parity_probability,171,0.9635353141908064,14.361336140436123
raw,correct_parity_probability,172,0.9786254502107664,14.06109335151367
raw,correct_parity_probability,173,0.9423434777434094,14.372953112470343
raw,correct_parity_probability,174,0.9206959024551542,14.285034709997657
raw,correct_parity_probability,175,0.9666441355399723,14.286443595536278
raw,correct_parity_probability,176,0.9928597635496141,14.075007340524415
raw,correct_parity_probability,177,0.9761692388444544,14.39864133986484
raw,correct_parity_probability,178,0.885144682065249,14.374906067347553
raw,correct_parity_probability,179,1.0092887999281,14.42864235223094
raw,correct_parity_probability,180,0.9483002493214724,14.049473467545457
raw,correct_parity_probability,181,0.887859542787749,14.30685448868922
raw,correct_parity_probability,182,0.9644637292083696,14.0617788878101
raw,correct_parity_probability,183,0.910684966314098,14.324056695335015
raw,correct_parity_probability,184,0.9591451033465375,14.201772427427885
raw,correct_parity_probability,185,1.0755271706527036,14.200486592147486
raw,correct_parity_probability,186,0.9819883279070141,14.20545577125851
raw,correct_parity_probability,187,1.016143816012778,14.239569905776504
raw,correct_parity_probability,188,1.0443423417099145,14.028720458590758
raw,correct_parity_probability,189,1.0178265401608761,14.250957426455189
raw,correct_parity_probability,190,0.9968919819982363,14.285529230353777
raw,correct_parity_probability,191,1.0298452100712963,14.078726551485063
raw,correct_parity_probability,192,1.0356206059780462,14.304383506818027
raw,correct_parity_probability,193,1.0382913924548607,14.23174475300124
raw,correct_parity_probability,194,0.9742172174203989,14.271850164707748
raw,correct_parity_probability,195,0.9634961138366648,14.332820065093282
raw,correct_parity_probability,196,1.1808914137833832,14.33802662924847
raw,correct_parity_probability,197,1.0535778749004168,14.18350040405111
raw,correct_parity_probability,198,1.1280088570861806,13.947858993273007
raw,correct_parity_probability,199,1.107700704130513,14.264637793891405
raw,correct_parity_probability,200,1.0756196091618055,14.22762176814463
raw,correct_parity_probability,201,1.0694196939204974,14.082800489928973
raw,correct_parity_probability,202,1.1733003665908164,14.06805260009013
raw,correct_parity_probability,203,1.0770476176816899,14.252379399600832
raw,correct_parity_probability,204,1.1434706417714229,14.142437635495515
raw,correct_parity_probability,205,1.0883248698520356,14.29691434852996
raw,correct_parity_probability,206,1.067068075215015,14.118757200096928
raw,correct_parity_probability,207,1.130266067872126,14.072362632577395
raw,correct_parity_probability,208,1.1375776802862396,13.931782867304749
raw,correct_parity_probability,209,1.2108396984584746,14.130333706296945
raw,correct_parity_probability,210,1.1225471957034894,14.179486017632355
raw,correct_parity_probability,211,1.121648312148622,13.766390501813671
raw,correct_parity_probability,212,1.2468005134301916,14.038513115675608
raw,correct_parity_probability,213,1.1733132652715001,14.339662094143792
raw,correct_parity_probability,214,1.199246679255346,14.154599876737993
raw,correct_parity_probability,215,1.2069445109828343,13.96201242437109
raw,correct_parity_probability,216,1.2077140607805052,14.101279260242638
raw,correct_parity_probability,217,1.1662311541946673,14.204289386354638
raw,correct_parity_probability,218,1.2179354776693703,14.115987311221838
raw,correct_parity_probability,219,1.236074959833738,14.09302826246665
raw,correct_parity_probability,220,1.1798666704811247,13.707819106570458
raw,correct_parity_probability,221,1.165014333533945,14.143181778868959
raw,correct_parity_probability,222,1.3014038072196124,13.560932842332022
raw,correct_parity_probability,223,1.2365995989524499,14.121999822686758
raw,correct_parity_probability,224,1.2267585989943663,13.938081872743446
raw,correct_parity_probability,225,1.2004558318439593,14.03599392235765
raw,correct_parity_probability,226,1.2700852010978947,14.164540772158922
raw,correct_parity_probability,227,1.280213889727069,13.91730990124352
raw,correct_parity_probability,228,1.253840376681142,13.969103417655983
raw,correct_parity_probability,229,1.226936268939169,13.686328566501842
raw,correct_parity_probability,230,1.3131250313989946,13.905594915520478
raw,correct_parity_probability,231,1.240027861720984,14.00655929913005
raw,correct_parity_probability,232,1.143266850445082,13.74421790352322
raw,correct_parity_probability,233,1.3470259312340724,14.21702839284941
raw,correct_parity_probability,234,1.337960698724988,13.943805142115279
raw,correct_parity_probability,235,1.303868521261722,13.75207755810166
raw,correct_parity_probability,236,1.2129606519432143,14.050343180182837
raw,correct_parity_probability,237,1.3500756349945768,13.986795977654952
raw,correct_parity_probability,238,1.3456992272353185,13.975095939920486
raw,correct_parity_probability,239,1.2410649949476396,13.784126301039215
raw,correct_parity_probability,240,1.4559068402614426,14.152128170177354
raw,correct_parity_probability,241,1.363317929732116,14.172308547575165
raw,correct_parity_probability,242,1.351370186725503,14.071299413633342
raw,correct_parity_probability,243,1.3706783937411517,13.833435603806622
raw,correct_parity_probability,244,1.3314931253637652,13.502922869530202
raw,correct_parity_probability,245,1.3307703791709646,14.00277322251215
raw,correct_parity_probability,246,1.3328273211946697,13.911361536695921
raw,correct_parity_probability,247,1.4315122499733988,14.35729874326332
raw,correct_parity_probability,248,1.328849761205405,14.126274484950669
raw,correct_parity_probability,249,1.2549480432912816,14.010143605001877
raw,correct_parity_probability,250,1.6019586194846542,13.995435270488992
raw,correct_parity_probability,251,1.3264106994231597,13.928409942485827
raw,correct_parity_probability,252,1.1963341054841419,13.423893365577282
raw,correct_parity_probability,253,1.430194321210147,14.008598542166691
raw,correct_parity_probability,254,1.4451486071260315,13.928245478374075
raw,correct_parity_probability,255,1.3389832444131842,13.788843414788174
raw,correct_parity_probability,256,1.3273623026382824,13.892714159178732
raw,correct_parity_probability,257,1.4169977180516766,13.90594572167396
raw,correct_parity_probability,258,1.582585834024804,14.135733773021311
raw,correct_parity_probability,259,1.38203680845972,13.980151650268379
raw,correct_parity_probability,260,1.522273448045042,13.956448848546021
raw,correct_parity_probability,261,1.4467597340490637,13.670319061654205
raw,correct_parity_probability,262,1.3790024686771094,13.941724921227827
raw,correct_parity_probability,263,1.405431155321471,13.423159794466121
raw,correct_parity_probability,264,1.4286147299979755,14.052984824373464
raw,correct_parity_probability,265,1.4150262088685843,14.031580006962793
raw,correct_parity_probability,266,1.4446349333362811,14.109005999271977
raw,correct_parity_probability,267,1.4515339179148639,13.897849030512567
raw,correct_parity_probability,268,1.5665412578779916,14.149360910456902
raw,correct_parity_probability,269,1.4967471910599397,14.017780652469126
raw,correct_parity_probability,270,1.5701770721899209,14.272377339338352
raw,correct_parity_probability,271,1.419493516270553,14.184703794667179
raw,correct_parity_probability,272,1.5950434000685705,14.036179317771298
raw,correct_parity_probability,273,1.3782557354494527,13.989542424652337
raw,correct_parity_probability,274,1.60417263866951,14.240540733782185
raw,correct_parity_probability,275,1.5516529850067406,14.253735149305962
raw,correct_parity_probability,276,1.56351702501456,13.560362210893075
raw,correct_parity_probability,277,1.498022949221637,14.05188248206011
raw,correct_parity_probability,278,1.505636691539148,14.262448937434842
raw,correct_parity_probability,279,1.5060114659577386,14.145268030529792
raw,correct_parity_probability,280,1.6615505723690416,14.455011582722047
raw,correct_parity_probability,281,1.4361740430125678,13.826236561699282
raw,correct_parity_probability,282,1.5593461240564734,14.22221000907148
raw,correct_parity_probability,283,1.4971238810330263,14.504413910226559
raw,correct_parity_probability,284,1.5841922210539785,14.137462418339409
raw,correct_parity_probability,285,1.394021350857425,13.9917636098978
raw,correct_parity_probability,286,1.7084002433500125,14.224251361690877
raw,correct_parity_probability,287,1.3889241365845235,13.936924875659248
raw,correct_parity_probability,288,1.5561087986230602,14.147110678605806
raw,correct_parity_probability,289,1.6251021687610447,14.089224024674511
raw,correct_parity_probability,290,1.557263452975563,14.303390232223297
raw,correct_parity_probability,291,1.548649479718263,14.44734548070181
raw,correct_parity_probability,292,1.7124971377284763,14.18020915176389
raw,correct_parity_probability,293,1.6158628101466574,14.302466165112598
raw,correct_parity_probability,294,1.600573498267733,14.197733148246613
raw,correct_parity_probability,295,1.6528629865893618,14.282289593888754
raw,correct_parity_probability,296,1.6835185374406407,14.054821694304607
raw,correct_parity_probability,297,1.6613095861825729,14.418039228134532
raw,correct_parity_probability,298,1.703110637636272,14.727991487458716
raw,correct_parity_probability,299,1.7544112248586967,13.936695343408497
raw,correct_parity_probability,300,1.755757025834501,14.69364454803638
raw,correct_parity_probability,301,1.4327127722160728,14.008892007938222
raw,correct_parity_probability,302,1.58108362638709,14.088534792208115
raw,correct_parity_probability,303,1.564172049383676,13.950480435758886
raw,correct_parity_probability,304,1.6386305884341508,14.058149789863739
raw,correct_parity_probability,305,1.6339870696844552,14.419321295042343
raw,correct_parity_probability,306,1.8769426959098086,14.372064285191595
raw,correct_parity_probability,307,1.6502840933591425,14.28384653150377
raw,correct_parity_probability,308,1.7151446371073944,14.558179001107721
raw,correct_parity_probability,309,1.762523024195154,14.817421947826961
raw,correct_parity_probability,310,1.7434434361979092,14.66576877749233
raw,correct_parity_probability,311,1.7357692217693184,14.238343687519043
raw,correct_parity_probability,312,1.6706895844364755,14.543298980549109
raw,correct_parity_probability,313,2.0399669323568754,14.854332364580092
raw,correct_parity_probability,314,1.7444982733885952,14.803905849247913
raw,correct_parity_probability,315,1.789831400765294,14.625182879452279
raw,correct_parity_probability,316,1.9597789121828662,14.742175442043838
raw,correct_parity_probability,317,1.7003656086254815,14.833548721452077
raw,correct_parity_probability,318,1.8494890639521615,14.749689899926025
raw,correct_parity_probability,319,1.703894195282903,14.616769107249436
raw,correct_parity_probability,320,1.865078273077104,14.850416317797732
raw,correct_parity_probability,321,1.8547109299429119,14.470619261264346
raw,correct_parity_probability,322,1.7246207467778933,14.668469033851512
raw,correct_parity_probability,323,1.924565817209302,14.38508742316091
raw,correct_parity_probability,324,1.7839788394958132,14.622267394693703
raw,correct_parity_probability,325,1.863949062109905,14.936511672954357
raw,correct_parity_probability,326,1.9959192548671825,14.559571562779364
raw,correct_parity_probability,327,1.880765431439909,14.73133416242103
raw,correct_parity_probability,328,1.959531686519235,14.894064125415351
raw,correct_parity_probability,329,1.6904572842560477,14.365808285504581
raw,correct_parity_probability,330,1.8117239319935234,14.75405282629783
raw,correct_parity_probability,331,1.9889649103486937,14.780170134946216
raw,correct_parity_probability,332,1.9010330427534863,14.797755101813529
raw,correct_parity_probability,333,1.9949766077689692,14.49782701257262
raw,correct_parity_probability,334,1.9185166981818258,14.799753074924402
raw,correct_parity_probability,335,1.665203213019101,14.725740210691391
raw,correct_parity_probability,336,1.8789498615200937,14.818747462623426
raw,correct_parity_probability,337,1.9344584857348297,14.681127253993557
raw,correct_parity_probability,338,1.7709269519279123,14.475840793514385
raw,correct_parity_probability,339,1.9555793772087493,14.527768956676
raw,correct_parity_probability,340,1.7968227170461286,14.635348561037386
raw,correct_parity_probability,341,1.811846581391717,14.814909828047451
raw,correct_parity_probability,342,1.6549657023586197,14.401061657387693
raw,correct_parity_probability,343,2.0127683956663445,15.055165660609754
raw,correct_parity_probability,344,1.8874637310278912,14.648856238933936
raw,correct_parity_probability,345,2.1241432756242777,14.444196542998206
raw,correct_parity_probability,346,1.9578790996113833,14.923078115890004
raw,correct_parity_probability,347,2.170858772469261,14.89146938565405
raw,correct_parity_probability,348,1.8979515461627763,14.227472619054689
raw,correct_parity_probability,349,1.8303944758015005,14.753781579271125
raw,correct_parity_probability,350,1.8617952605076409,14.698364964653946
raw,correct_parity_probability,351,1.9705986776748228,15.045620455111846
raw,correct_parity_probability,352,1.8938620311988028,14.822740122795754
raw,correct_parity_probability,353,2.0225267264779823,14.887975695878525
raw,correct_parity_probability,354,1.9043495502157048,14.323484021532803
raw,correct_parity_probability,355,1.9820055086318038,14.618228891589176
raw,correct_parity_probability,356,2.1092004133438063,14.799674326470686
raw,correct_parity_probability,357,1.8483546220530434,14.576935120276833
raw,correct_parity_probability,358,1.9481031006859761,14.443381223780717
raw,correct_parity_probability,359,1.9135308157096258,14.991634310796412
raw,correct_parity_probability,360,1.8473088225425187,14.38893503711479
raw,correct_parity_probability,361,1.9645056084306418,14.748270346759956
raw,correct_parity_probability,362,2.02299164304662,14.446299091705061
raw,correct_parity_probability,363,2.247716553854852,13.838004214058904
raw,correct_parity_probability,364,1.9535059867642162,14.813654622451134
raw,correct_parity_probability,365,2.0543700300957846,14.628858126794514
raw,correct_parity_probability,366,2.0970395126012202,14.580658068530578
raw,correct_parity_probability,367,2.0755271285222174,14.795704678624155
raw,correct_parity_probability,368,2.1182753324739116,14.443500627407353
raw,correct_parity_probability,369,2.0107856767949093,14.821298734033062
raw,correct_parity_probability,370,2.053395798512914,14.568478089507533
raw,correct_parity_probability,371,2.308354467093833,14.330202610626396
raw,correct_parity_probability,372,2.1148702947248443,13.897587427145504
raw,correct_parity_probability,373,1.8762223495242019,14.861016861286279
raw,correct_parity_probability,374,1.9540587881528069,14.707710073202453
raw,correct_parity_probability,375,2.2813134483175643,14.593797787669832
raw,correct_parity_probability,376,2.078006341735904,14.399271998916465
raw,correct_parity_probability,377,1.8895064805301378,14.692283620826103
raw,correct_parity_probability,378,2.030486766121429,14.629081790918946
raw,correct_parity_probability,379,2.2152310937463673,14.78758791144848
raw,correct_parity_probability,380,2.1162227987122764,14.520427005517647
raw,correct_parity_probability,381,2.0973811893678254,14.514898935326343
raw,correct_parity_probability,382,1.906329170661289,14.697324060007489
raw,correct_parity_probability,383,1.931823710394326,14.883049201082516
raw,correct_parity_probability,384,2.123953584612444,14.832849032876165
raw,correct_parity_probability,385,2.226698903370742,14.74105676093441
raw,correct_parity_probability,386,2.2324039640662887,14.648024367013118
raw,correct_parity_probability,387,2.2161763644173087,14.399107208317544
raw,correct_parity_probability,388,2.1293866834008077,14.789738536888825
raw,correct_parity_probability,389,2.174525794266507,14.747375254406318
raw,correct_parity_probability,390,2.0782973342322046,14.65678101144392
raw,correct_parity_probability,391,2.1794443687614717,14.689248617301073
raw,correct_parity_probability,392,2.1437499586489213,14.331357328442824
raw,correct_parity_probability,393,2.2205151319405423,14.64493620194423
raw,correct_parity_probability,394,2.078145528933667,14.372395647718575
raw,correct_parity_probability,395,2.046299848684629,14.261577974754646
raw,correct_parity_probability,396,2.264027996089841,14.488267694527961
raw,correct_parity_probability,397,2.1851440536006383,14.204980370464193
raw,correct_parity_probability,398,2.1353943530056805,14.377102817396127
raw,correct_parity_probability,399,2.4220771783708597,13.257652328464426
raw,correct_parity_probability,400,2.155239475350652,14.55240309544106
raw,correct_parity_probability,401,2.253216137395284,14.035756537879037
raw,correct_parity_probability,402,2.40156315806906,13.86726510979295
raw,correct_parity_probability,403,2.298193949447216,14.03133813028854
raw,correct_parity_probability,404,2.130984969303426,14.468171438908504
raw,correct_parity_probability,405,2.295629890496249,14.444135578400116
raw,correct_parity_probability,406,2.229620748470583,14.585024121751994
raw,correct_parity_probability,407,2.1203874119377284,14.623030854323451
raw,correct_parity_probability,408,2.1811042915365326,13.899035736853929
raw,correct_parity_probability,409,2.1945695102956972,14.324327114527794
raw,correct_parity_probability,410,2.064596759750788,14.716930607747464
raw,correct_parity_probability,411,2.128662445939576,14.74751603918271
raw,correct_parity_probability,412,2.223975745036309,14.322171727212062
raw,correct_parity_probability,413,2.203980087544778,14.425507987332539
raw,correct_parity_probability,414,2.2209414444913307,13.887758673347145
raw,correct_parity_probability,415,2.283441344873567,14.084381447542942
raw,correct_parity_probability,416,2.33822642555643,13.952833596252427
raw,correct_parity_probability,417,2.368844636964572,13.741532172563636
raw,correct_parity_probability,418,2.2815628414589177,14.0820733961074
raw,correct_parity_probability,419,2.410364115083112,14.0759726761164
raw,correct_parity_probability,420,2.346594226620597,13.100608931821657
raw,correct_parity_probability,421,2.2917472790707625,13.98347892192159
raw,correct_parity_probability,422,2.353109041484671,13.886031695996175
raw,correct_parity_probability,423,2.3213132532782947,14.325652711137627
raw,correct_parity_probability,424,2.073576325467962,13.591220617357605
raw,correct_parity_probability,425,2.3581467724387806,13.809409255699235
raw,correct_parity_probability,426,2.1847417442301946,14.559487815779303
raw,correct_parity_probability,427,2.3923325209052897,14.314163791561446
raw,correct_parity_probability,428,2.3991796920219888,13.916901519792031
raw,correct_parity_probability,429,2.44210128653713,12.051200476751225
raw,correct_parity_probability,430,2.5532483978520286,11.962370596789004
raw,correct_parity_probability,431,2.6411629700657455,13.881607323890307
raw,correct_parity_probability,432,2.1174208722180947,13.832566503902402
raw,correct_parity_probability,433,2.449219684178415,14.167992852062469
raw,correct_parity_probability,434,2.3888640501313403,13.00116877081395
raw,correct_parity_probability,435,2.4294210359642645,13.205620738210778
raw,correct_parity_probability,436,2.794059526139382,13.24194157439318
raw,correct_parity_probability,437,2.377152968620363,13.633978450725989
raw,correct_parity_probability,438,2.505517884851613,11.726405423470203
raw,correct_parity_probability,439,2.3112273430186563,14.76282396677474
raw,correct_parity_probability,440,2.348380850137883,13.537258407955532
raw,correct_parity_probability,441,2.3854651472965327,13.857193093191848
raw,correct_parity_probability,442,2.27039604272554,13.761488229567044
raw,correct_parity_probability,443,2.3489280391114344,14.105624188313413
raw,correct_parity_probability,444,2.2966859607937846,12.176388424076029
raw,correct_parity_probability,445,2.393894067220542,13.697244770643888
raw,correct_parity_probability,446,2.6164351636446583,14.208207023407363
raw,correct_parity_probability,447,2.6040420921040135,12.937709762464063
raw,correct_parity_probability,448,2.568611753403191,13.772613339965522
raw,correct_parity_probability,449,2.637539651765747,13.916770959922975
raw,correct_parity_probability,450,2.654330550002244,11.48856707224722
raw,correct_parity_probability,451,2.5531712198855643,13.216112027701925
raw,correct_parity_probability,452,2.500896798423142,13.488333540212913
raw,correct_parity_probability,453,2.7071197120457646,11.93489998072732
raw,correct_parity_probability,454,2.361340080164644,12.885198562658363
raw,correct_parity_probability,455,2.524919575849354,12.894468876543133
raw,correct_parity_probability,456,2.470360331644379,12.432800247330267
raw,correct_parity_probability,457,2.6824109823379483,13.42968444564814
raw,correct_parity_probability,458,2.346379415534114,11.752701306691852
raw,correct_parity_probability,459,2.4099257825499794,12.653325968621242
raw,correct_parity_probability,460,2.6060857485561804,13.07769991852907
raw,correct_parity_probability,461,2.7827596492648783,13.076491844655731
raw,correct_parity_probability,462,2.719696503008662,12.896878431304652
raw,correct_parity_probability,463,2.4476845736010504,13.91747134260003
raw,correct_parity_probability,464,2.4692208188385036,14.492348229972551
raw,correct_parity_probability,465,2.569784144269554,12.700542027365245
raw,correct_parity_probability,466,2.706752628320937,12.960962661446304
raw,correct_parity_probability,467,2.6714870644308046,13.437381966693811
raw,correct_parity_probability,468,2.589116747285192,13.89143943255936
raw,correct_parity_probability,469,2.6901488390646664,13.649734813751897
raw,correct_parity_probability,470,2.629765295939853,13.796374972392758
raw,correct_parity_probability,471,2.666471602816514,14.145493551467542
raw,correct_parity_probability,472,2.934892547712355,13.850782209351589
raw,correct_parity_probability,473,2.4783792194313223,14.031079513434365
raw,correct_parity_probability,474,2.6389926062425912,13.453388229951583
raw,correct_parity_probability,475,2.7145895593418667,14.144648911713432
raw,correct_parity_probability,476,2.7921516709816685,13.78247285697981
raw,correct_parity_probability,477,2.6612784970240124,13.72649646012925
raw,correct_parity_probability,478,2.8756798600823417,12.571585167888037
raw,correct_parity_probability,479,3.0830437362250267,13.606459121792344
raw,correct_parity_probability,480,2.672776085270749,14.348176262079571
raw,correct_parity_probability,481,2.613493474161526,14.32554760769184
raw,correct_parity_probability,482,2.8538728329728666,12.971186233156425
raw,correct_parity_probability,483,2.7238411567104364,13.018436719644134
raw,correct_parity_probability,484,2.8048735934084434,13.980215277411324
raw,correct_parity_probability,485,2.738814341087372,14.088189743786302
raw,correct_parity_probability,486,2.7555383865111507,13.530396175008612
raw,correct_parity_probability,487,3.158052731837224,13.353233157150003
raw,correct_parity_probability,488,2.6551798816267884,13.929147688226726
raw,correct_parity_probability,489,2.53252461686686,14.107684890021437
raw,correct_parity_probability,490,2.7113439166782944,11.929741453179641
J,correct_parity_probability,41,-0.3487032997314159,11.289184472370579
J,correct_parity_probability,42,-0.2834126514108337,9.943996368402175
J,correct_parity_probability,43,-0.36044583365113425,10.913313188062537
J,correct_parity_probability,44,-0.29784364197768504,12.306234792565421
J,correct_parity_probability,45,-0.31329711156179674,11.977976705929356
J,correct_parity_probability,46,-0.36170848484763946,10.722655176248029
J,correct_parity_probability,47,-0.3003391547430458,12.994774139717167
J,correct_parity_probability,48,-0.2972243032050183,11.916316035285112
J,correct_parity_probability,49,-0.32319501682310736,12.705326197972948
J,correct_parity_probability,50,-0.3282289586821385,12.277472618290444
J,correct_parity_probability,51,-0.3507962991353133,12.641274276057844
J,correct_parity_probability,52,-0.35775627252693815,12.37336070939188
J,correct_parity_probability,53,-0.347494107772524,12.194960017394077
J,correct_parity_probability,54,-0.35850525287125684,12.04528763518765
J,correct_parity_probability,55,-0.3387990978803098,13.647528750814732
J,correct_parity_probability,56,-0.36314190599005003,11.14815199442088
J,correct_parity_probability,57,-0.3459371511683165,13.41147615277294
J,correct_parity_probability,58,-0.3099524431501521,12.497170490742453
J,correct_parity_probability,59,-0.35039594269066504,12.738619948591888
J,correct_parity_probability,60,-0.34464566030955046,13.50793875177539
J,correct_parity_probability,61,-0.34740726265835886,13.450890364949371
J,correct_parity_probability,62,-0.341546795366005,13.95931356776846
J,correct_parity_probability,63,-0.37435872793814723,12.35139377416212
J,correct_parity_probability,64,-0.33424267526290247,12.336473598319163
J,correct_parity_probability,65,-0.3586022645429322,12.4496565461281
J,correct_parity_probability,66,-0.3635532813063528,12.301606530114967
J,correct_parity_probability,67,-0.3570291222471696,13.238108034670883
J,correct_parity_probability,68,-0.38578265398048206,12.105273404928031
J,correct_parity_probability,69,-0.3459126372707536,12.473726715026658
J,correct_parity_probability,70,-0.36755665315015923,13.518607407281957
J,correct_parity_probability,71,-0.3832392880525261,11.207067871149823
J,correct_parity_probability,72,-0.3829420814688706,13.258621399385023
J,correct_parity_probability,73,-0.3775504119186944,12.449837343412897
J,correct_parity_probability,74,-0.3625415714972973,13.138751541372201
J,correct_parity_probability,75,-0.3653757628392939,13.709165128027223
J,correct_parity_probability,76,-0.3754290284372959,13.051590359952147
J,correct_parity_probability,77,-0.3644834384011066,13.155614521338894
J,correct_parity_probability,78,-0.380193907915363,12.813374049798014
J,correct_parity_probability,79,-0.36571079205732765,13.455627746408144
J,correct_parity_probability,80,-0.33524391262547004,13.36794514510816
J,correct_parity_probability,81,-0.38788635853636283,14.09014002061604
J,correct_parity_probability,82,-0.3762999125778456,13.901028009189302
J,correct_parity_probability,83,-0.3685903912626084,13.412955394703006
J,correct_parity_probability,84,-0.40524620656760457,13.708073847075982
J,correct_parity_probability,85,-0.407567560021034,12.212234381961462
J,correct_parity_probability,86,-0.3759681438603535,13.912024287735234
J,correct_parity_probability,87,-0.37767533034699,12.993117825564639
J,correct_parity_probability,88,-0.38280883894996987,13.517792691679508
J,correct_parity_probability,89,-0.3869740300339116,13.565729472744575
J,correct_parity_probability,90,-0.40943789949062115,13.716293508514251
J,correct_parity_probability,91,-0.4052648010344731,13.761930110592486
J,correct_parity_probability,92,-0.42011757839456304,14.405209386782998
J,correct_parity_probability,93,-0.3925541354114771,13.487029464682305
J,correct_parity_probability,94,-0.4082439304195529,13.73429120823854
J,correct_parity_probability,95,-0.40814352509179935,13.316264918797712
J,correct_parity_probability,96,-0.39839551155585146,13.099021616239945
J,correct_parity_probability,97,-0.4105000988507042,13.42935525263832
J,correct_parity_probability,98,-0.4122080602929258,13.901863831287477
J,correct_parity_probability,99,-0.38881768583818216,13.80053327637541
J,correct_parity_probability,100,-0.420433066965039,12.846022264401174
J,correct_parity_probability,101,-0.3941635009109301,13.800810975287224
J,correct_parity_probability,102,-0.4245071737553354,13.975449579465653
J,correct_parity_probability,103,-0.43485433629988485,13.71297399637601
J,correct_parity_probability,104,-0.4304722869584128,14.174740739074707
J,correct_parity_probability,105,-0.4047291455990237,14.138658856233224
J,correct_parity_probability,106,-0.3925371030305327,13.849802685691424
J,correct_parity_probability,107,-0.4504812489629956,13.508064933556657
J,correct_parity_probability,108,-0.401998250360115,13.352582628306871
J,correct_parity_probability,109,-0.4638908916572314,13.362097934302808
J,correct_parity_probability,110,-0.42570928808717934,13.691263540327816
J,correct_parity_probability,111,-0.44641337317861746,13.995879305648174
J,correct_parity_probability,112,-0.4036216107538394,14.272115800073145
J,correct_parity_probability,113,-0.43473920101664515,13.583297040182595
J,correct_parity_probability,114,-0.3954169739588039,14.12228649635273
J,correct_parity_probability,115,-0.44135543892943957,13.624950366225596
J,correct_parity_probability,116,-0.41790749430224516,13.519828193907685
J,correct_parity_probability,117,-0.45234460051533504,13.696303026538857
J,correct_parity_probability,118,-0.4207081440138223,14.041415292053957
J,correct_parity_probability,119,-0.429272021923045,13.853405105511367
J,correct_parity_probability,120,-0.47487483232719285,13.741927202292873
J,correct_parity_probability,121,-0.47651190430589946,14.028156927784202
J,correct_parity_probability,122,-0.4598385521927297,13.810351136290246
J,correct_parity_probability,123,-0.46722392727195194,13.727715988983325
J,correct_parity_probability,124,-0.43679420189958984,13.898820398650606
J,correct_parity_probability,125,-0.46200936947736343,13.627336957504177
J,correct_parity_probability,126,-0.47122793310926225,13.650783352984591
J,correct_parity_probability,127,-0.4374255446344092,14.145332885697862
J,correct_parity_probability,128,-0.48949926461750853,13.796287590793542
J,correct_parity_probability,129,-0.5145801630234845,13.5254481165841
J,correct_parity_probability,130,-0.4284461525170656,13.609677019471638
J,correct_parity_probability,131,-0.44838750177496395,13.542619402931093
J,correct_parity_probability,132,-0.49354732855108707,13.084406880366812
J,correct_parity_probability,133,-0.527003958796177,13.42465717543916
J,correct_parity_probability,134,-0.514132899117656,13.313715200541447
J,correct_parity_probability,135,-0.48269753536404914,13.664978003043785
J,correct_parity_probability,136,-0.5064917241298427,13.598763006632609
J,correct_parity_probability,137,-0.54408829591854,13.722804277542412
J,correct_parity_probability,138,-0.48656283017333085,13.678404912495422
J,correct_parity_probability,139,-0.5186464551590224,14.115467473891485
J,correct_parity_probability,140,-0.493911900848233,13.570570286901928
J,correct_parity_probability,141,-0.5636303620824947,14.215229960789287
J,correct_parity_probability,142,-0.5035064682919635,13.777152947980536
J,correct_parity_probability,143,-0.5668019421810264,13.956177038509598
J,correct_parity_probability,144,-0.5068613989968439,13.703825775961597
J,correct_parity_probability,145,-0.5564968869274997,13.195130491745132
J,correct_parity_probability,146,-0.5009642749044724,14.062833536959761
J,correct_parity_probability,147,-0.5143583096426451,14.117592135143484
J,correct_parity_probability,148,-0.48006078444703143,13.68352055742081
J,correct_parity_probability,149,-0.5204326378281526,13.707220564462785
J,correct_parity_probability,150,-0.5295391145789059,14.129041645671347
J,correct_parity_probability,151,-0.5443843629258117,14.14611736696728
J,correct_parity_probability,152,-0.5704650555701407,13.487263082412726
J,correct_parity_probability,153,-0.519054328702694,13.916481200694768
J,correct_parity_probability,154,-0.4949433044576523,13.956631545272051
J,correct_parity_probability,155,-0.574756151256707,14.110522449868602
J,correct_parity_probability,156,-0.5967133914159509,13.99564317992337
J,correct_parity_probability,157,-0.6197265935050889,13.971835858933948
J,correct_parity_probability,158,-0.5158707698024116,13.997811695071105
J,correct_parity_probability,159,-0.5259471221612392,14.122305976581018
J,correct_parity_probability,160,-0.5435201108660285,13.600954637034775
J,correct_parity_probability,161,-0.6119628410893667,14.187633983526478
J,correct_parity_probability,162,-0.5992007889384753,13.948885319917379
J,correct_parity_probability,163,-0.574881464631513,14.183623303296235
J,correct_parity_probability,164,-0.6115862601397317,13.978792720220898
J,correct_parity_probability,165,-0.5739132567456262,14.029676466271924
J,correct_parity_probability,166,-0.5615005702822932,13.968374093504448
J,correct_parity_probability,167,-0.6318482552403768,14.26846853117392
J,correct_parity_probability,168,-0.565013515522359,13.714899724006498
J,correct_parity_probability,169,-0.6019748967569921,13.375818461979014
J,correct_parity_probability,170,-0.5925387882780223,13.580564450432394
J,correct_parity_probability,171,-0.6051423376862652,13.727410757041135
J,correct_parity_probability,172,-0.5806280632256952,13.804907232570995
J,correct_parity_probability,173,-0.632261607415345,14.107814035229904
J,correct_parity_probability,174,-0.66232441368692,13.584052105184835
J,correct_parity_probability,175,-0.6362057780972692,14.01250242891396
J,correct_parity_probability,176,-0.6145121878105071,13.696849472637098
J,correct_parity_probability,177,-0.6214694462047279,14.124197720886128
J,correct_parity_probability,178,-0.6768696673170521,14.056170440434366
J,correct_parity_probability,179,-0.6098888229738358,14.090903622239855
J,correct_parity_probability,180,-0.5903558373659702,13.822649458779214
J,correct_parity_probability,181,-0.7007688439835712,13.803118151387402
J,correct_parity_probability,182,-0.6537041376763315,13.78385777552783
J,correct_parity_probability,183,-0.7583464847279151,13.886919643847072
J,correct_parity_probability,184,-0.6838975567170668,13.765218281702895
J,correct_parity_probability,185,-0.6078290796157848,13.934263842428205
J,correct_parity_probability,186,-0.5482303638692474,13.959697633516404
J,correct_parity_probability,187,-0.6934791675659288,13.922683054801821
J,correct_parity_probability,188,-0.6515307687082036,13.742683976436526
J,correct_parity_probability,189,-0.6998034752671415,14.17065255602847
J,correct_parity_probability,190,-0.7483468561931852,13.879966801568692
J,correct_parity_probability,191,-0.6705001032414581,13.804437040432614
J,correct_parity_probability,192,-0.6831887554287754,13.857774066572775
J,correct_parity_probability,193,-0.7589009635243414,13.909510896372643
J,correct_parity_probability,194,-0.6194383377374364,13.799200527276046
J,correct_parity_probability,195,-0.8214868365416901,14.046073465858555
J,correct_parity_probability,196,-0.6919966541178686,14.087891956873136
J,correct_parity_probability,197,-0.6832202789738432,14.029476023862633
J,correct_parity_probability,198,-0.6587851322553511,13.553352836507305
J,correct_parity_probability,199,-0.7039957677487806,14.167770725254018
J,correct_parity_probability,200,-0.6800305607579502,13.904675165156617
J,correct_parity_probability,201,-0.7894749661541933,13.874073584964668
J,correct_parity_probability,202,-0.6745686815246466,13.956173774747443
J,correct_parity_probability,203,-0.7120075023127691,14.211126311656264
J,correct_parity_probability,204,-0.7081078195194813,13.923806200950503
J,correct_parity_probability,205,-0.7428398526378459,14.136566135976897
J,correct_parity_probability,206,-0.7127326569801828,14.063956594626152
J,correct_parity_probability,207,-0.7576569953790463,13.702317678821732
J,correct_parity_probability,208,-0.8265346514336395,14.045673093555044
J,correct_parity_probability,209,-0.756571694043107,13.809313877024625
J,correct_parity_probability,210,-0.7789913028090644,14.186539945796477
J,correct_parity_probability,211,-0.8332904796973888,13.853868565484136
J,correct_parity_probability,212,-0.5990887608214099,14.14029135780502
J,correct_parity_probability,213,-0.741816449514135,14.176492794398142
J,correct_parity_probability,214,-0.7461355458044515,13.916689209218958
J,correct_parity_probability,215,-0.6530109502330025,14.195634352507208
J,correct_parity_probability,216,-0.7587552251399802,13.934551694055273
J,correct_parity_probability,217,-0.7895389500801197,14.313949745897762
J,correct_parity_probability,218,-0.8644865629828049,13.856376613111035
J,correct_parity_probability,219,-0.8198762945830024,14.08797507556507
J,correct_parity_probability,220,-0.7405592846325327,13.860673610680948
J,correct_parity_probability,221,-0.8254008474896758,14.25553177487601
J,correct_parity_probability,222,-0.7354043753012041,13.719816652978194
J,correct_parity_probability,223,-0.8448110341199683,14.263237143809311
J,correct_parity_probability,224,-0.785898241465663,13.996026169811635
J,correct_parity_probability,225,-0.8661183879297462,14.177287618603609
J,correct_parity_probability,226,-0.8148501526562512,13.894309971669166
J,correct_parity_probability,227,-0.8629244435826744,13.950261469372546
J,correct_parity_probability,228,-0.8269792623247194,14.112257199451388
J,correct_parity_probability,229,-0.8829774363799096,13.884363110965197
J,correct_parity_probability,230,-0.8246129799767363,14.132836674395103
J,correct_parity_probability,231,-0.7528118654010706,14.37438962088959
J,correct_parity_probability,232,-0.8917791381699465,14.265457797601037
J,correct_parity_probability,233,-0.878792859843898,14.123701036120805
J,correct_parity_probability,234,-0.8453092210465548,14.22645634638966
J,correct_parity_probability,235,-0.7748578099097698,14.01677622385322
J,correct_parity_probability,236,-0.8249236849690339,14.110566374874606
J,correct_parity_probability,237,-0.841318872467931,14.364292921279594
J,correct_parity_probability,238,-0.8821576068914897,14.315430413799227
J,correct_parity_probability,239,-0.9908456592259699,14.240497944096287
J,correct_parity_probability,240,-0.7645706991711742,14.164590805444117
J,correct_parity_probability,241,-0.7597769652668072,14.310032967343961
J,correct_parity_probability,242,-0.8511524465555682,14.292614580467244
J,correct_parity_probability,243,-0.7665860496662157,14.251478142475634
J,correct_parity_probability,244,-0.885812640762111,14.044208149270533
J,correct_parity_probability,245,-0.8183865909195117,14.316194673860311
J,correct_parity_probability,246,-0.8356912741053922,13.958119494876454
J,correct_parity_probability,247,-0.8067902406120243,14.434248612062067
J,correct_parity_probability,248,-0.946850773240903,14.29968845004049
J,correct_parity_probability,249,-0.8863269103200019,14.38299840225066
J,correct_parity_probability,250,-0.7892643052571312,14.17366824511033
J,correct_parity_probability,251,-0.8997357048686494,14.378130645156572
J,correct_parity_probability,252,-1.0812458513120702,14.270521375783241
J,correct_parity_probability,253,-0.7782027945789907,14.242259898515128
J,correct_parity_probability,254,-0.8459295891591504,14.321457777987298
J,correct_parity_probability,255,-0.9468710482789735,14.249386146218944
J,correct_parity_probability,256,-0.9664284426640952,13.925744506036786
J,correct_parity_probability,257,-0.9759606816550553,14.323376427130285
J,correct_parity_probability,258,-0.8387157281470692,14.253335023253596
J,correct_parity_probability,259,-1.0738066763175609,14.268348054464056
J,correct_parity_probability,260,-0.9785973791905413,14.051940397633786
J,correct_parity_probability,261,-0.8933265939846522,14.241909444891498
J,correct_parity_probability,262,-1.0251107971859097,14.195217271585236
J,correct_parity_probability,263,-0.9593401907078897,14.154484537283015
J,correct_parity_probability,264,-0.972148054539064,14.0811955565849
J,correct_parity_probability,265,-0.803130759029927,14.38371327500313
J,correct_parity_probability,266,-0.9541758675970091,14.207963714676463
J,correct_parity_probability,267,-1.0195703009369195,14.403379724373105
J,correct_parity_probability,268,-0.8965127842352727,14.2213804560111
J,correct_parity_probability,269,-0.9330475152126779,13.869461196802009
J,correct_parity_probability,270,-0.8904275168597668,14.314789362444895
J,correct_parity_probability,271,-1.0322067739761118,14.308635325024113
J,correct_parity_probability,272,-1.0259761926760176,14.368488078392163
J,correct_parity_probability,273,-0.9820536291909662,14.432095425708466
J,correct_parity_probability,274,-1.0427947969477194,14.046388532286509
J,correct_parity_probability,275,-0.8497233338323508,14.353332168683625
J,correct_parity_probability,276,-0.9851728020418687,13.621372537310295
J,correct_parity_probability,277,-0.874734222658573,14.231298087569444
J,correct_parity_probability,278,-0.8920215659204211,13.869943651314873
J,correct_parity_probability,279,-0.9820307798661552,14.414489580904576
J,correct_parity_probability,280,-0.9966297425758129,14.327405522839019
J,correct_parity_probability,281,-1.0378453214677024,14.083409075035753
J,correct_parity_probability,282,-0.9912307503838519,13.96050995726139
J,correct_parity_probability,283,-1.058815538266457,14.366312139461785
J,correct_parity_probability,284,-1.0812749417134448,14.321447834111863
J,correct_parity_probability,285,-1.011315339980487,14.44785919642678
J,correct_parity_probability,286,-0.9218405348963772,14.19111234464234
J,correct_parity_probability,287,-1.159812813534729,13.861089999543273
J,correct_parity_probability,288,-1.0237369762942932,14.315444102351524
J,correct_parity_probability,289,-0.9250858930743051,13.772828775581566
J,correct_parity_probability,290,-1.0476557512719689,13.995185155919867
J,correct_parity_probability,291,-1.0310715755554556,14.333582759374224
J,correct_parity_probability,292,-0.9666837452220973,14.1392312269315
J,correct_parity_probability,293,-0.9230553046904139,14.137443350746121
J,correct_parity_probability,294,-1.1348857523228413,14.404538186155287
J,correct_parity_probability,295,-1.0021913777999678,13.709477457484123
J,correct_parity_probability,296,-1.0206223127369998,13.782906365545525
J,correct_parity_probability,297,-0.9704334192041021,14.110555838744663
J,correct_parity_probability,298,-1.1258840406176438,14.345566766166002
J,correct_parity_probability,299,-0.9338167730926231,14.403647876762648
J,correct_parity_probability,300,-1.1121547725177248,14.354733265636101
J,correct_parity_probability,301,-0.9560288826573204,14.123061379280532
J,correct_parity_probability,302,-1.1338023969489464,14.24657423874779
J,correct_parity_probability,303,-1.1581909655884608,14.427398160695256
J,correct_parity_probability,304,-1.0980743207517076,14.2113201617486
J,correct_parity_probability,305,-1.10513544388525,14.299172522861246
J,correct_parity_probability,306,-1.0375431433622593,13.95882586536433
J,correct_parity_probability,307,-1.2733706100939601,14.189016958066828
J,correct_parity_probability,308,-1.1896778361792673,13.9319827588334
J,correct_parity_probability,309,-1.0232757122686185,14.24059345236591
J,correct_parity_probability,310,-1.0982422224509136,14.280324015033226
J,correct_parity_probability,311,-1.0736436928110837,13.566211433799467
J,correct_parity_probability,312,-1.191288355578742,14.131277401682704
J,correct_parity_probability,313,-0.867164282572676,14.422632652299285
J,correct_parity_probability,314,-1.195794062740491,14.260463957497503
J,correct_parity_probability,315,-0.98110583840631,14.319967593955127
J,correct_parity_probability,316,-1.1102921199125082,14.005509845851511
J,correct_parity_probability,317,-1.1773529536175111,14.401587352442386
J,correct_parity_probability,318,-1.082762872869202,14.181161319730021
J,correct_parity_probability,319,-1.2835863752216536,13.919051953735753
J,correct_parity_probability,320,-1.082569204437751,14.215255345058852
J,correct_parity_probability,321,-1.0487732097394202,13.836973789744773
J,correct_parity_probability,322,-1.1442777541888478,14.341915660062593
J,correct_parity_probability,323,-1.054350614091919,13.305775356294427
J,correct_parity_probability,324,-1.2395769325523747,14.064637024913292
J,correct_parity_probability,325,-1.249607380533984,14.250637397723485
J,correct_parity_probability,326,-1.086898459978201,13.540255305780779
J,correct_parity_probability,327,-1.0073771216708982,13.966223843686617
J,correct_parity_probability,328,-1.1128590660291868,14.13373206447034
J,correct_parity_probability,329,-1.1033037761990094,14.09576665079007
J,correct_parity_probability,330,-1.1851796082931136,13.75162658457073
J,correct_parity_probability,331,-0.9966869058823999,13.68877201917689
J,correct_parity_probability,332,-1.1704996592113652,13.936891034006283
J,correct_parity_probability,333,-1.1638041322799866,13.59687544673688
J,correct_parity_probability,334,-1.226356455438743,13.888725190785012
J,correct_parity_probability,335,-1.2549503541412605,14.351385127557748
J,correct_parity_probability,336,-1.1416729291265113,13.797683003014745
J,correct_parity_probability,337,-1.1325181698534348,14.012401944129294
J,correct_parity_probability,338,-1.157932288459388,13.082510612256163
J,correct_parity_probability,339,-1.2256889493874104,13.94384183879842
J,correct_parity_probability,340,-1.1703612087097315,13.32639926082246
J,correct_parity_probability,341,-1.3022354115068673,13.878702372941037
J,correct_parity_probability,342,-1.2302755615455137,13.247500514863837
J,correct_parity_probability,343,-1.353079487891302,14.19173335968318
J,correct_parity_probability,344,-1.0105444097386194,14.296649856546301
J,correct_parity_probability,345,-1.0796878480123455,13.673831283882105
J,correct_parity_probability,346,-1.1279420122133985,13.569041985220382
J,correct_parity_probability,347,-1.047170606995877,14.301271439561674
J,correct_parity_probability,348,-1.3027423193252763,13.836410640676572
J,correct_parity_probability,349,-1.3711211611792709,14.303649653650211
J,correct_parity_probability,350,-1.434983664491597,14.291765002940627
J,correct_parity_probability,351,-1.2656191933938694,14.181565741644194
J,correct_parity_probability,352,-1.3001172201827633,14.472486358043598
J,correct_parity_probability,353,-1.2406795265643347,13.80205336647218
J,correct_parity_probability,354,-1.24414819593808,13.153844446894594
J,correct_parity_probability,355,-1.1434576426269643,13.184822327658376
J,correct_parity_probability,356,-1.2205560319362851,13.87418602726549
J,correct_parity_probability,357,-1.4491616966188057,14.377281038574777
J,correct_parity_probability,358,-1.1125291060824993,14.284130209117574
J,correct_parity_probability,359,-1.2826353060612636,14.06865138253331
J,correct_parity_probability,360,-1.2399111598222525,14.376710127802323
J,correct_parity_probability,361,-1.3867227832054103,13.274079231064594
J,correct_parity_probability,362,-1.1435588211725807,14.058814027596757
J,correct_parity_probability,363,-0.9825767508270493,13.752330326934702
J,correct_parity_probability,364,-1.3785320157435046,14.249746485749977
J,correct_parity_probability,365,-1.2570457784732585,14.231689907932736
J,correct_parity_probability,366,-1.3136717290779607,14.122861568384725
J,correct_parity_probability,367,-1.2835353101261353,13.942652184135365
J,correct_parity_probability,368,-1.1016776850710641,13.143324855664808
J,correct_parity_probability,369,-1.381303408536734,13.423974650913202
J,correct_parity_probability,370,-1.2596348672844495,14.220124921911482
J,correct_parity_probability,371,-1.238249590866623,14.087157937302155
J,correct_parity_probability,372,-1.212592112139155,13.37659882309894
J,correct_parity_probability,373,-1.2052167179520334,12.4339759292262
J,correct_parity_probability,374,-1.3823029167222978,13.868946839738475
J,correct_parity_probability,375,-1.247944276223087,12.796935555392784
J,correct_parity_probability,376,-1.1989985000681052,13.62180443288513
J,correct_parity_probability,377,-1.371490233463886,13.600672440404814
J,correct_parity_probability,378,-1.341806341854632,13.793103327299182
J,correct_parity_probability,379,-1.3711686152499076,13.497859425229402
J,correct_parity_probability,380,-1.18904554145941,13.781528235701996
J,correct_parity_probability,381,-1.4305505252204687,14.511691928539022
J,correct_parity_probability,382,-1.6576808574138795,14.15481407090775
J,correct_parity_probability,383,-1.4591403609139135,14.248751384443906
J,correct_parity_probability,384,-1.382968679480516,13.329137695638135
J,correct_parity_probability,385,-1.3087062487921046,13.898496703758951
J,correct_parity_probability,386,-1.070776179817581,12.537054951592873
J,correct_parity_probability,387,-1.4246893347110265,14.245717952973186
J,correct_parity_probability,388,-1.4059048972295176,13.895147706038266
J,correct_parity_probability,389,-1.434412703008848,13.811298258549884
J,correct_parity_probability,390,-1.453700992410712,13.76550710033007
J,correct_parity_probability,391,-1.4333554937436463,13.905223590048958
J,correct_parity_probability,392,-1.3923759050535975,14.251223492465398
J,correct_parity_probability,393,-1.4041096225311467,13.475366029795632
J,correct_parity_probability,394,-1.524934570338277,13.735055840915432
J,correct_parity_probability,395,-1.4735455239424222,13.447541759757042
J,correct_parity_probability,396,-1.3411813680588627,13.987961965768656
J,correct_parity_probability,397,-1.2165861912822211,12.726529279650356
J,correct_parity_probability,398,-1.4630328001916884,13.341873359131785
J,correct_parity_probability,399,-1.1455764368900963,13.931337654750529
J,correct_parity_probability,400,-1.4066090013665986,14.467673686551876
J,correct_parity_probability,401,-1.18550383126819,13.75449642989537
J,correct_parity_probability,402,-1.2559784869894395,13.704262575935715
J,correct_parity_probability,403,-1.360996080392713,12.333240935480454
J,correct_parity_probability,404,-1.415420377844774,13.469821555055406
J,correct_parity_probability,405,-1.3718935028452865,13.457338517351145
J,correct_parity_probability,406,-1.4412683007631872,13.953108168475914
J,correct_parity_probability,407,-1.5268336222011605,13.867581981882179
J,correct_parity_probability,408,-1.572807097747251,13.713254654627702
J,correct_parity_probability,409,-1.534683843894367,13.9482062436913
J,correct_parity_probability,410,-1.6600241978893995,14.011818513625641
J,correct_parity_probability,411,-1.5885397551129048,14.4836613448987
J,correct_parity_probability,412,-1.4547124418163457,13.85363988712422
J,correct_parity_probability,413,-1.4123076193632444,13.760791045283591
J,correct_parity_probability,414,-1.4783140259456056,13.87791386083621
J,correct_parity_probability,415,-1.3808067662358119,13.204263170970385
J,correct_parity_probability,416,-1.4008179077240643,13.17210437941223
J,correct_parity_probability,417,-1.492376253059452,13.323882859269572
J,correct_parity_probability,418,-1.4168441387245907,13.599944316059226
J,correct_parity_probability,419,-1.3139671441443366,13.649100249095046
J,correct_parity_probability,420,-1.4659099456583655,13.4515842600394
J,correct_parity_probability,421,-1.350354232428683,13.30429534029498
J,correct_parity_probability,422,-1.538669639820714,14.135338276124324
J,correct_parity_probability,423,-1.5704392852494493,14.163513126935976
J,correct_parity_probability,424,-1.6526211033020273,13.745441322482097
J,correct_parity_probability,425,-1.2907954963160102,13.2373461181792
J,correct_parity_probability,426,-1.5861626849120722,13.725530667518832
J,correct_parity_probability,427,-1.6328365380421603,14.079419191061032
J,correct_parity_probability,428,-1.56271017454643,14.191471425872885
J,correct_parity_probability,429,-1.3764810014835898,13.107165414149614
J,correct_parity_probability,430,-1.465984038941528,13.699826623350452
J,correct_parity_probability,431,-1.441376560915192,14.07055809618697
J,correct_parity_probability,432,-1.6957766195824466,13.36026287653157
J,correct_parity_probability,433,-1.5555616975333972,13.995909479375955
J,correct_parity_probability,434,-1.39942183677746,13.822333218479276
J,correct_parity_probability,435,-1.2107606161824616,13.756326153852228
J,correct_parity_probability,436,-1.3187924625227803,13.745390346298208
J,correct_parity_probability,437,-1.5779200790948873,13.804233035034546
J,correct_parity_probability,438,-1.5105687433781332,13.31693338958611
J,correct_parity_probability,439,-1.6233870377079593,14.511945957144945
J,correct_parity_probability,440,-1.6032151901023668,14.588750989438513
J,correct_parity_probability,441,-1.7140751471226936,14.092327371219087
J,correct_parity_probability,442,-1.533896189395954,13.308964905797188
J,correct_parity_probability,443,-1.4042822704906894,13.301091216799167
J,correct_parity_probability,444,-1.632035119220936,12.690932421844568
J,correct_parity_probability,445,-1.6613295194711601,14.253817203216894
J,correct_parity_probability,446,-1.432897506256547,13.976164656949416
J,correct_parity_probability,447,-1.5747952645565624,14.1364009633566
J,correct_parity_probability,448,-1.6021707811876225,14.280830927600283
J,correct_parity_probability,449,-1.6758698897974824,14.285752549110486
J,correct_parity_probability,450,-1.470146344690019,11.467132529374899
J,correct_parity_probability,451,-1.3466319701180953,13.363547161239882
J,correct_parity_probability,452,-1.6428288957531785,13.972460819733186
J,correct_parity_probability,453,-1.46975448279137,12.596477912094011
J,correct_parity_probability,454,-1.7992635986550658,13.735484492730066
J,correct_parity_probability,455,-1.693557055550736,13.660181478673538
J,correct_parity_probability,456,-1.6046750139907464,13.62851160627656
J,correct_parity_probability,457,-1.5540022332270684,14.153610936693559
J,correct_parity_probability,458,-1.8507175777898737,14.236712900749993
J,correct_parity_probability,459,-1.4746311850013343,13.583844027690011
J,correct_parity_probability,460,-1.6376202784740852,13.652703521665478
J,correct_parity_probability,461,-1.547282052002671,13.928707073511324
J,correct_parity_probability,462,-1.3624029580907728,13.047846764270808
J,correct_parity_probability,463,-1.373362866369598,14.016484496760162
J,correct_parity_probability,464,-1.6962579463459606,13.85354627667091
J,correct_parity_probability,465,-1.5113143500161597,13.659802698342686
J,correct_parity_probability,466,-1.5035151619275788,12.553807638226278
J,correct_parity_probability,467,-1.7485266554827195,14.447674917539814
J,correct_parity_probability,468,-1.733974845765654,14.45811769396424
J,correct_parity_probability,469,-1.5911222002497865,14.45625670447426
J,correct_parity_probability,470,-1.7790413007249395,13.669301263423703
J,correct_parity_probability,471,-1.6988686353973064,14.294409345644597
J,correct_parity_probability,472,-1.5717181311570785,14.223338005689836
J,correct_parity_probability,473,-1.8562714957035995,13.924310773267425
J,correct_parity_probability,474,-1.703116626400932,13.883387403574414
J,correct_parity_probability,475,-1.7752657007080026,14.646918793051004
J,correct_parity_probability,476,-1.6677227587899965,14.687432046314317
J,correct_parity_probability,477,-1.8609959285735527,14.148744561155358
J,correct_parity_probability,478,-1.745085901198476,14.63056570062266
J,correct_parity_probability,479,-1.5931315811193156,14.322960864501523
J,correct_parity_probability,480,-1.7505039055685654,14.611437852651235
J,correct_parity_probability,481,-1.730358773829311,14.620842504966921
J,correct_parity_probability,482,-1.6842507405813247,14.405080543784418
J,correct_parity_probability,483,-1.5531387907276069,14.020221878012313
J,correct_parity_probability,484,-1.4785132165510673,14.040356644302445
J,correct_parity_probability,485,-1.7100011931946555,14.653750585723778
J,correct_parity_probability,486,-1.8360442798600034,14.236797999321215
J,correct_parity_probability,487,-1.4989327616478876,13.907096452645588
J,correct_parity_probability,488,-1.6528861577585967,14.223459716972448
J,correct_parity_probability,489,-1.9221757868779932,13.722428407256874
J,correct_parity_probability,490,-1.6483289017966067,14.042289938734294
raw,mean_parity_margin,41,0.07630230356361774,11.392698736675253
raw,mean_parity_margin,42,0.1483743248279783,10.283919582152594
raw,mean_parity_margin,43,0.07807658167419666,11.409246420964216
raw,mean_parity_margin,44,0.1526337966058362,12.6720851042778
raw,mean_parity_margin,45,0.1311965855204805,12.131413293385783
raw,mean_parity_margin,46,0.14382863695604903,10.686406872316557
raw,mean_parity_margin,47,0.13607815082373428,13.493871938276452
raw,mean_parity_margin,48,0.17892056045076435,12.197550211950821
raw,mean_parity_margin,49,0.16346258809971909,13.085683216014273
raw,mean_parity_margin,50,0.18433292356299277,12.54206231123634
raw,mean_parity_margin,51,0.13116717087198704,12.767439574754642
raw,mean_parity_margin,52,0.22990113764062034,12.559652880041764
raw,mean_parity_margin,53,0.17241749972504058,12.680064552557882
raw,mean_parity_margin,54,0.28201397272170897,12.267720676294491
raw,mean_parity_margin,55,0.19059516041396873,13.764704383555078
raw,mean_parity_margin,56,0.24158399208352427,11.248793817876333
raw,mean_parity_margin,57,0.19592912628123024,13.679414523465416
raw,mean_parity_margin,58,0.27224440861215055,12.88408895581084
raw,mean_parity_margin,59,0.20950429246507277,12.723004989903085
raw,mean_parity_margin,60,0.3081346301581674,13.596408117999552
raw,mean_parity_margin,61,0.1911428647704215,13.808280434539133
raw,mean_parity_margin,62,0.2784274534910042,13.913357723391465
raw,mean_parity_margin,63,0.21294985154405502,12.613226094244705
raw,mean_parity_margin,64,0.27748009385653166,12.756421262437234
raw,mean_parity_margin,65,0.22548155223892966,12.652155026518999
raw,mean_parity_margin,66,0.32023039424249594,12.752465633704942
raw,mean_parity_margin,67,0.25541600667697784,13.763717088434708
raw,mean_parity_margin,68,0.2946612889347729,12.512239142953813
raw,mean_parity_margin,69,0.29328688686378307,12.98230647766427
raw,mean_parity_margin,70,0.32054435033852,13.686884724099265
raw,mean_parity_margin,71,0.28103567163692106,11.664136724910177
raw,mean_parity_margin,72,0.3155124676502312,13.629967301218826
raw,mean_parity_margin,73,0.29792727135177105,12.7302457442229
raw,mean_parity_margin,74,0.37510117269814813,13.28311278838306
raw,mean_parity_margin,75,0.3281098150965314,14.253790567206394
raw,mean_parity_margin,76,0.3543164577195627,13.685761128146
raw,mean_parity_margin,77,0.33335388331707455,13.59163280599364
raw,mean_parity_margin,78,0.4197118778933629,12.854107942282981
raw,mean_parity_margin,79,0.36860528284131916,13.157035548675063
raw,mean_parity_margin,80,0.4442393020451162,13.729364718586353
raw,mean_parity_margin,81,0.3187925246011244,14.343139713633843
raw,mean_parity_margin,82,0.39459772632089607,13.898792866281012
raw,mean_parity_margin,83,0.3446820700981505,13.35477652734431
raw,mean_parity_margin,84,0.3618370305608434,13.872440203942935
raw,mean_parity_margin,85,0.36528004132475056,12.7763390067821
raw,mean_parity_margin,86,0.40928671857772525,14.268542947088262
raw,mean_parity_margin,87,0.3732122925546236,13.398557559930685
raw,mean_parity_margin,88,0.4379061479819535,13.757895202752476
raw,mean_parity_margin,89,0.41960666787042344,13.679573835422369
raw,mean_parity_margin,90,0.42906597306141886,13.836761175982902
raw,mean_parity_margin,91,0.4013215092587946,14.03287763703224
raw,mean_parity_margin,92,0.42622509399118647,14.362119621744368
raw,mean_parity_margin,93,0.4137865505027029,13.679488907753251
raw,mean_parity_margin,94,0.44943814883247507,13.985692486384076
raw,mean_parity_margin,95,0.44667792607803103,13.50349515869413
raw,mean_parity_margin,96,0.4682844499933623,13.593896030691603
raw,mean_parity_margin,97,0.4472714612151684,13.789351514108635
raw,mean_parity_margin,98,0.45554973800653514,14.127040803267946
raw,mean_parity_margin,99,0.4345122634774804,14.07190446722312
raw,mean_parity_margin,100,0.5080678036461546,13.355739539825736
raw,mean_parity_margin,101,0.4834713765672726,14.109719013699138
raw,mean_parity_margin,102,0.47547309433102525,13.834612870112807
raw,mean_parity_margin,103,0.42492773428157304,13.959100948633276
raw,mean_parity_margin,104,0.47542965077127025,14.356169768449087
raw,mean_parity_margin,105,0.532885985008519,14.239352359325249
raw,mean_parity_margin,106,0.5954479960220639,13.906241369714973
raw,mean_parity_margin,107,0.4872717008671241,13.94861908877711
raw,mean_parity_margin,108,0.5835142981111677,13.673656050697423
raw,mean_parity_margin,109,0.5188729229703382,13.78099356428849
raw,mean_parity_margin,110,0.529672209785016,13.88515760367449
raw,mean_parity_margin,111,0.5151480373440658,14.130777187269118
raw,mean_parity_margin,112,0.5700403324590358,14.35654120543067
raw,mean_parity_margin,113,0.5581988392835855,13.89653329558263
raw,mean_parity_margin,114,0.6019283612601972,14.141961985652191
raw,mean_parity_margin,115,0.5996212924989254,13.860518582960957
raw,mean_parity_margin,116,0.6037636626810102,13.574998953676648
raw,mean_parity_margin,117,0.5743439025900938,13.94433797435412
raw,mean_parity_margin,118,0.602888064946954,14.176321627166496
raw,mean_parity_margin,119,0.6562174942294371,14.014710756295797
raw,mean_parity_margin,120,0.5743962265112647,14.028073072526071
raw,mean_parity_margin,121,0.5129596644885519,14.27699142313402
raw,mean_parity_margin,122,0.6341650290313582,14.030168822007086
raw,mean_parity_margin,123,0.6453482765141769,14.068012793117276
raw,mean_parity_margin,124,0.603086870392383,14.21581830969289
raw,mean_parity_margin,125,0.6525055197638614,13.87025343872985
raw,mean_parity_margin,126,0.6524479128431399,14.004579875131997
raw,mean_parity_margin,127,0.7193812547075614,14.043549536361995
raw,mean_parity_margin,128,0.6217913785826565,14.131597162129335
raw,mean_parity_margin,129,0.5837356647412372,14.064194496140685
raw,mean_parity_margin,130,0.6744912862858796,14.027365001322051
raw,mean_parity_margin,131,0.7977145798942082,13.699280046014692
raw,mean_parity_margin,132,0.6747164259807031,13.561756571970653
raw,mean_parity_margin,133,0.6560726630528358,13.711831123253921
raw,mean_parity_margin,134,0.6554153660453514,13.826408578244772
raw,mean_parity_margin,135,0.6685784553798958,14.104870216655012
raw,mean_parity_margin,136,0.7494462785218682,13.9154518233883
raw,mean_parity_margin,137,0.6998128317941216,13.94047072876958
raw,mean_parity_margin,138,0.7167523555058384,14.006356250069073
raw,mean_parity_margin,139,0.7254882922301014,14.135531936305656
raw,mean_parity_margin,140,0.7284566599974626,13.89319496430143
raw,mean_parity_margin,141,0.6938929921315525,14.36176697822194
raw,mean_parity_margin,142,0.7429970405105527,14.033164497014123
raw,mean_parity_margin,143,0.6557584321624038,14.108484190295982
raw,mean_parity_margin,144,0.7412290011009143,13.981993694184887
raw,mean_parity_margin,145,0.8248984597997234,13.6654138581152
raw,mean_parity_margin,146,0.7631838067281573,14.211127793458664
raw,mean_parity_margin,147,0.8044861999770674,14.13472219807647
raw,mean_parity_margin,148,0.8033061659538326,13.992180660740056
raw,mean_parity_margin,149,0.8310416773603785,13.938004666197418
raw,mean_parity_margin,150,0.7078548560463133,14.383880894828126
raw,mean_parity_margin,151,0.7823923716715578,14.206226864292168
raw,mean_parity_margin,152,0.7610344959603852,14.022089664505021
raw,mean_parity_margin,153,0.8738831397627577,14.081222209250102
raw,mean_parity_margin,154,0.8233561371727898,14.250148982205475
raw,mean_parity_margin,155,0.7973086237904567,14.250934211177954
raw,mean_parity_margin,156,0.7571018812179743,14.195055043267581
raw,mean_parity_margin,157,0.7818574461189574,14.153302618697683
raw,mean_parity_margin,158,0.8562704403607526,14.13131252233918
raw,mean_parity_margin,159,0.8665188996783575,14.07233067470874
raw,mean_parity_margin,160,0.863102565359834,14.184461243751663
raw,mean_parity_margin,161,0.7490894181807223,14.379618542885991
raw,mean_parity_margin,162,0.8384325212922125,14.220315605677738
raw,mean_parity_margin,163,0.9203265820829112,14.225326761968493
raw,mean_parity_margin,164,0.7327527390433183,14.402113227703005
raw,mean_parity_margin,165,0.9997303234143514,14.242682850086927
raw,mean_parity_margin,166,0.8451456539745265,14.241915097416676
raw,mean_parity_margin,167,0.8300964437939873,14.329128734017988
raw,mean_parity_margin,168,0.9796089952895309,13.967671085894128
raw,mean_parity_margin,169,0.8914491698892599,13.72463514096632
raw,mean_parity_margin,170,0.9016841511211352,14.09968720955971
raw,mean_parity_margin,171,0.9539128898401771,14.14724207334955
raw,mean_parity_margin,172,0.9774937577113644,13.932479302743317
raw,mean_parity_margin,173,0.915750408223269,14.245684429169478
raw,mean_parity_margin,174,0.9200492371192026,14.111812357667395
raw,mean_parity_margin,175,0.9443027305064812,14.267597201265124
raw,mean_parity_margin,176,0.9809530703136129,13.977358592749543
raw,mean_parity_margin,177,0.9667173053879077,14.343932051271738
raw,mean_parity_margin,178,0.8898807072977649,14.268195540686973
raw,mean_parity_margin,179,1.002202125831527,14.232639342297125
raw,mean_parity_margin,180,0.9393773221560807,14.044936333589414
raw,mean_parity_margin,181,0.8748663609446217,14.113644131654578
raw,mean_parity_margin,182,0.9418091277626011,14.013497018653597
raw,mean_parity_margin,183,0.8951398675610667,14.213177346824713
raw,mean_parity_margin,184,0.9652646000826457,14.166644400650775
raw,mean_parity_margin,185,1.0631661399853445,14.054535133079614
raw,mean_parity_margin,186,1.0038270260257103,14.197422279777609
raw,mean_parity_margin,187,1.0090945055799065,14.167553884476582
raw,mean_parity_margin,188,1.0293533418485254,14.045294581242416
raw,mean_parity_margin,189,1.022221720046523,14.16236373495758
raw,mean_parity_margin,190,0.9676654489534116,14.232109047105462
raw,mean_parity_margin,191,1.0293513437132122,13.886184431356066
raw,mean_parity_margin,192,1.033616594439006,14.208484201889087
raw,mean_parity_margin,193,1.0422611381780085,14.151062272855981
raw,mean_parity_margin,194,0.9829691396702114,14.212973984069508
raw,mean_parity_margin,195,0.9698232794051952,14.221762547128524
raw,mean_parity_margin,196,1.1593274763399166,14.362229890284398
raw,mean_parity_margin,197,1.043813595731934,14.111385213249186
raw,mean_parity_margin,198,1.117151894159905,13.969234045998569
raw,mean_parity_margin,199,1.1118037956704927,14.280557180268293
raw,mean_parity_margin,200,1.0628012421350415,14.224533436735477
raw,mean_parity_margin,201,1.04548392449105,14.02188220811085
raw,mean_parity_margin,202,1.133281395076406,14.152193646170137
raw,mean_parity_margin,203,1.0796753516484285,14.18684703121967
raw,mean_parity_margin,204,1.1181271765448397,14.13999128797801
raw,mean_parity_margin,205,1.0902568217671118,14.204650293280837
raw,mean_parity_margin,206,1.0416626913000022,14.207334095308864
raw,mean_parity_margin,207,1.1657689335734314,14.126880280587974
raw,mean_parity_margin,208,1.1166073317793306,14.109473574754206
raw,mean_parity_margin,209,1.2448305759491205,14.200664444090172
raw,mean_parity_margin,210,1.1030637449102487,14.237398804185421
raw,mean_parity_margin,211,1.127389728943647,13.917170461700037
raw,mean_parity_margin,212,1.2354071385746144,14.234212784020126
raw,mean_parity_margin,213,1.1702341770793836,14.390038913642105
raw,mean_parity_margin,214,1.1934545566556518,14.181439870521544
raw,mean_parity_margin,215,1.2077604327299534,14.18129058695251
raw,mean_parity_margin,216,1.2028595640497062,14.056391410187901
raw,mean_parity_margin,217,1.1686151713186157,14.292502771030147
raw,mean_parity_margin,218,1.19040512889427,14.183479636910967
raw,mean_parity_margin,219,1.230242729057772,14.27587567442671
raw,mean_parity_margin,220,1.1514723709531511,13.931632160049713
raw,mean_parity_margin,221,1.175156194447309,14.237598508315443
raw,mean_parity_margin,222,1.2828998781157162,13.8372930546449
raw,mean_parity_margin,223,1.244708473620435,14.260202522558151
raw,mean_parity_margin,224,1.2116709938710397,14.257017115616167
raw,mean_parity_margin,225,1.2022435688267865,14.24468863978879
raw,mean_parity_margin,226,1.2630475425539032,14.092475172426408
raw,mean_parity_margin,227,1.2798630434149478,14.063081207214335
raw,mean_parity_margin,228,1.2531554633739146,14.199745931263841
raw,mean_parity_margin,229,1.2294209114672896,13.922505995055431
raw,mean_parity_margin,230,1.3054401311588564,14.198332646563127
raw,mean_parity_margin,231,1.2578910550116087,14.247499092818341
raw,mean_parity_margin,232,1.1407718545127945,13.913042934151388
raw,mean_parity_margin,233,1.3481962911815613,14.331744224053242
raw,mean_parity_margin,234,1.3176019159055827,14.266197251257735
raw,mean_parity_margin,235,1.3198637934928903,14.086947386091337
raw,mean_parity_margin,236,1.2462684240355848,14.25919705048698
raw,mean_parity_margin,237,1.3518245244402671,14.25086907927548
raw,mean_parity_margin,238,1.330148702248015,14.225193015532824
raw,mean_parity_margin,239,1.2279317934086071,13.962024783149937
raw,mean_parity_margin,240,1.4720071321131418,14.392798020896892
raw,mean_parity_margin,241,1.3976220165413926,14.385222549073942
raw,mean_parity_margin,242,1.3497403219743347,14.28981570687667
raw,mean_parity_margin,243,1.3926348920148854,14.091162535503976
raw,mean_parity_margin,244,1.3128038472207415,13.791722382658147
raw,mean_parity_margin,245,1.3612908710447673,14.28059853598484
raw,mean_parity_margin,246,1.354339385599255,14.01906719120216
raw,mean_parity_margin,247,1.4636399249513414,14.517815211806624
raw,mean_parity_margin,248,1.3217950062105546,14.285488516335166
raw,mean_parity_margin,249,1.2646512119507007,14.217893017847787
raw,mean_parity_margin,250,1.5682866859261995,14.321756727848737
raw,mean_parity_margin,251,1.3277102887033438,14.17184331578616
raw,mean_parity_margin,252,1.1691223905060946,13.947670926704296
raw,mean_parity_margin,253,1.46597984734496,14.270202737463736
raw,mean_parity_margin,254,1.409408552159398,14.206495382810745
raw,mean_parity_margin,255,1.3302849035162394,14.117105329789343
raw,mean_parity_margin,256,1.3402988388581212,14.099955602019515
raw,mean_parity_margin,257,1.4171344147375842,14.09545935974672
raw,mean_parity_margin,258,1.5286996702174334,14.210197250101485
raw,mean_parity_margin,259,1.3730421039760095,14.278051857866759
raw,mean_parity_margin,260,1.5079418226222434,14.18275985647607
raw,mean_parity_margin,261,1.4511391431341163,14.051617013693042
raw,mean_parity_margin,262,1.378452676224144,14.24156335484023
raw,mean_parity_margin,263,1.3693192082114047,13.816480848825378
raw,mean_parity_margin,264,1.4171910174843996,14.365083396735738
raw,mean_parity_margin,265,1.4721434041150723,14.264075627181729
raw,mean_parity_margin,266,1.445108489121242,14.270118397187169
raw,mean_parity_margin,267,1.418816815508646,14.269403667143463
raw,mean_parity_margin,268,1.5616776619645765,14.356837241230524
raw,mean_parity_margin,269,1.5288592294732877,14.235607452116698
raw,mean_parity_margin,270,1.5532867640206323,14.385370087819886
raw,mean_parity_margin,271,1.3892968509836128,14.302007584873833
raw,mean_parity_margin,272,1.592564968406358,14.376222465212907
raw,mean_parity_margin,273,1.4166102864312446,14.360974206888054
raw,mean_parity_margin,274,1.591772161642333,14.323765313341148
raw,mean_parity_margin,275,1.5571601946721767,14.482550361487178
raw,mean_parity_margin,276,1.5753096865652891,13.744452813975354
raw,mean_parity_margin,277,1.5652341278688409,14.186030267463368
raw,mean_parity_margin,278,1.5114372969839143,14.387726670853732
raw,mean_parity_margin,279,1.536902083019107,14.377447721865247
raw,mean_parity_margin,280,1.6565539704585166,14.504472120535745
raw,mean_parity_margin,281,1.4196476153952347,14.127437855891607
raw,mean_parity_margin,282,1.5553868794768757,14.442536463549876
raw,mean_parity_margin,283,1.5168387215437107,14.490430314560207
raw,mean_parity_margin,284,1.550352497166019,14.221510275970376
raw,mean_parity_margin,285,1.3733751570689339,14.017884465551422
raw,mean_parity_margin,286,1.6713153790005164,14.372790181159457
raw,mean_parity_margin,287,1.3894231839905389,13.934201976722358
raw,mean_parity_margin,288,1.524128342628805,14.269314381676402
raw,mean_parity_margin,289,1.6389737333172711,14.175005898554442
raw,mean_parity_margin,290,1.551514815113884,14.422034094871345
raw,mean_parity_margin,291,1.5894894590614839,14.40353348878971
raw,mean_parity_margin,292,1.7194106477775588,14.39765694952197
raw,mean_parity_margin,293,1.647967587172172,14.451810762970618
raw,mean_parity_margin,294,1.583179879445005,14.28024547844107
raw,mean_parity_margin,295,1.695964897414903,14.510520104315257
raw,mean_parity_margin,296,1.6442063971463552,14.157064726465316
raw,mean_parity_margin,297,1.6651991247549176,14.588846561529289
raw,mean_parity_margin,298,1.7048998436235447,14.688952866914336
raw,mean_parity_margin,299,1.6881476835665936,13.298762176978018
raw,mean_parity_margin,300,1.742220651856361,14.672576652268367
raw,mean_parity_margin,301,1.450511027167421,13.558733518835584
raw,mean_parity_margin,302,1.5497879156863876,14.02994463032815
raw,mean_parity_margin,303,1.5118174858234767,13.94828057073169
raw,mean_parity_margin,304,1.6216945809495642,14.10749616446353
raw,mean_parity_margin,305,1.6478627835073627,14.489195259842816
raw,mean_parity_margin,306,1.8848653238565947,14.399562188590814
raw,mean_parity_margin,307,1.6376108510827008,14.380647025396717
raw,mean_parity_margin,308,1.6926064412706028,14.687660433891756
raw,mean_parity_margin,309,1.7828074681224713,14.793663839484575
raw,mean_parity_margin,310,1.7366007426851244,14.556076998712102
raw,mean_parity_margin,311,1.7627025055604781,14.505002218609794
raw,mean_parity_margin,312,1.6502372042605504,14.34159146118837
raw,mean_parity_margin,313,2.01461433615047,14.547586384632906
raw,mean_parity_margin,314,1.7262453606566524,14.790928652598687
raw,mean_parity_margin,315,1.7567620744576475,14.45579262996025
raw,mean_parity_margin,316,1.9771473907765222,14.73640026759413
raw,mean_parity_margin,317,1.6954438453419236,14.755831507230193
raw,mean_parity_margin,318,1.8729157463041217,14.627521531713908
raw,mean_parity_margin,319,1.6974406355074851,14.353255575647747
raw,mean_parity_margin,320,1.8348721150013483,14.591613177814795
raw,mean_parity_margin,321,1.902031916220011,14.285240849748963
raw,mean_parity_margin,322,1.7410944700384867,14.523318027985848
raw,mean_parity_margin,323,1.9238192055011858,13.899897090313097
raw,mean_parity_margin,324,1.7684683802775976,14.66220718988728
raw,mean_parity_margin,325,1.8476236027804644,14.879239470730454
raw,mean_parity_margin,326,2.002646209791464,14.540201873303682
raw,mean_parity_margin,327,1.930400924825119,14.524025184011853
raw,mean_parity_margin,328,1.9322864630458088,14.83544449077019
raw,mean_parity_margin,329,1.7147199131126014,13.962863493900231
raw,mean_parity_margin,330,1.8098924997655472,14.667421915202302
raw,mean_parity_margin,331,1.9835545858004806,14.668834509253157
raw,mean_parity_margin,332,1.8836651731271459,14.63592160210754
raw,mean_parity_margin,333,1.9978776019441409,14.408521464765412
raw,mean_parity_margin,334,1.8824820737525012,14.528476483601827
raw,mean_parity_margin,335,1.6696233645450547,14.66207055368084
raw,mean_parity_margin,336,1.8548570435459537,14.640251880789904
raw,mean_parity_margin,337,1.9268292306781647,14.519244709426701
raw,mean_parity_margin,338,1.727944023546151,14.337420428241074
raw,mean_parity_margin,339,1.952968869390499,14.042293857849419
raw,mean_parity_margin,340,1.7499608077032955,14.520663208194334
raw,mean_parity_margin,341,1.8124191812903478,14.408022734880154
raw,mean_parity_margin,342,1.606456217511996,14.136772211389406
raw,mean_parity_margin,343,1.994420303994522,15.00816016669735
raw,mean_parity_margin,344,1.8564986771263905,14.623577348472596
raw,mean_parity_margin,345,2.133144634440234,14.355256628349554
raw,mean_parity_margin,346,1.9655620027487009,14.638731539905168
raw,mean_parity_margin,347,2.1611725562913984,14.820883664419258
raw,mean_parity_margin,348,1.881226762847459,13.997060861218689
raw,mean_parity_margin,349,1.8162746936576744,14.597873547725557
raw,mean_parity_margin,350,1.8150463625591502,14.45497732711516
raw,mean_parity_margin,351,1.9710470477315662,14.65143336339919
raw,mean_parity_margin,352,1.8955038819916759,14.815336167744196
raw,mean_parity_margin,353,1.974290559940506,14.505217610433732
raw,mean_parity_margin,354,1.8767377495678408,13.99722002247677
raw,mean_parity_margin,355,2.0537699879885607,14.00113832344507
raw,mean_parity_margin,356,2.1114983622407864,14.553720845439287
raw,mean_parity_margin,357,1.8291143279574464,14.443732143731452
raw,mean_parity_margin,358,1.9535953408369298,14.221093432815923
raw,mean_parity_margin,359,1.894969110061728,14.860092920310368
raw,mean_parity_margin,360,1.844803101517458,14.202007451146676
raw,mean_parity_margin,361,1.919690129807328,14.443894745953784
raw,mean_parity_margin,362,2.0535849210522215,14.194802171265605
raw,mean_parity_margin,363,2.310446150357281,13.896611642040904
raw,mean_parity_margin,364,1.9420153996003664,14.629166057831217
raw,mean_parity_margin,365,2.1019036322601803,14.471168963640027
raw,mean_parity_margin,366,2.10471900075922,14.526865517575098
raw,mean_parity_margin,367,2.084061876425363,14.722257500120083
raw,mean_parity_margin,368,2.110544929778556,14.168506482990184
raw,mean_parity_margin,369,2.0091485901240542,14.66713630977638
raw,mean_parity_margin,370,2.0689645901420475,14.660129397090055
raw,mean_parity_margin,371,2.3213370391283603,14.413749412579362
raw,mean_parity_margin,372,2.187524675682232,13.584454536196365
raw,mean_parity_margin,373,1.9535856264298062,13.992608435651077
raw,mean_parity_margin,374,1.9541067138285921,14.301395356432456
raw,mean_parity_margin,375,2.2998558773062454,14.137164755139874
raw,mean_parity_margin,376,2.0769462503968406,14.39602666277505
raw,mean_parity_margin,377,1.9858161951350009,14.051881468732171
raw,mean_parity_margin,378,2.0225540035353555,14.587621904610213
raw,mean_parity_margin,379,2.195090782464167,14.500644690024032
raw,mean_parity_margin,380,2.06090263435283,14.501969574530847
raw,mean_parity_margin,381,2.0758689769766994,14.708164356911539
raw,mean_parity_margin,382,1.8855548498591732,14.555237881260604
raw,mean_parity_margin,383,1.9554087313351858,14.915950313177218
raw,mean_parity_margin,384,2.1234604614041293,14.641338636883528
raw,mean_parity_margin,385,2.2527880302543344,14.59859251586177
raw,mean_parity_margin,386,2.305783438585095,14.355535966977893
raw,mean_parity_margin,387,2.2060229725447447,14.598431517217305
raw,mean_parity_margin,388,2.129932178795948,14.623372433249367
raw,mean_parity_margin,389,2.1934834587110146,14.772562986516231
raw,mean_parity_margin,390,2.0781373794313853,14.470569770483005
raw,mean_parity_margin,391,2.1816741546104823,14.317907551207579
raw,mean_parity_margin,392,2.1778341196634763,14.431719547175408
raw,mean_parity_margin,393,2.2260954382580684,14.649422245559364
raw,mean_parity_margin,394,2.097550176897758,14.217555694872473
raw,mean_parity_margin,395,2.1149568041034725,14.143814037562628
raw,mean_parity_margin,396,2.3185778721980363,14.542137557929172
raw,mean_parity_margin,397,2.2296939164840235,14.143477005285382
raw,mean_parity_margin,398,2.1659041859487203,14.251645554518431
raw,mean_parity_margin,399,2.4930012829900345,13.356426031508471
raw,mean_parity_margin,400,2.109942136721994,14.785590644421552
raw,mean_parity_margin,401,2.3017675092347205,14.16438572552098
raw,mean_parity_margin,402,2.4272003890659475,14.156653415251535
raw,mean_parity_margin,403,2.30225511182111,13.94594643047158
raw,mean_parity_margin,404,2.1514840116318052,14.264959766587241
raw,mean_parity_margin,405,2.3136588214150495,14.186713696896744
raw,mean_parity_margin,406,2.232111119692569,14.62106492670043
raw,mean_parity_margin,407,2.150832666862995,14.594665032566393
raw,mean_parity_margin,408,2.1386849467230644,13.977584335797456
raw,mean_parity_margin,409,2.2505042169612564,14.346990894855885
raw,mean_parity_margin,410,2.0710940525700217,14.62866824426109
raw,mean_parity_margin,411,2.1578161872850283,14.832053337401927
raw,mean_parity_margin,412,2.242834814184227,14.475959332350646
raw,mean_parity_margin,413,2.255667676057141,14.355194627180527
raw,mean_parity_margin,414,2.274654883452259,14.17533300532061
raw,mean_parity_margin,415,2.3351202436200147,13.853043259074463
raw,mean_parity_margin,416,2.343585131822806,14.196967563453775
raw,mean_parity_margin,417,2.369543243523535,14.060936626157261
raw,mean_parity_margin,418,2.353013783333645,14.261811054749469
raw,mean_parity_margin,419,2.422066661919036,14.202931695255778
raw,mean_parity_margin,420,2.39973350478907,13.332477265303512
raw,mean_parity_margin,421,2.345465932108518,13.917524067585036
raw,mean_parity_margin,422,2.302713384593351,14.030601384678619
raw,mean_parity_margin,423,2.3754872164167713,14.217132837064511
raw,mean_parity_margin,424,2.063419169348528,13.968628018109785
raw,mean_parity_margin,425,2.3751916786325986,13.970660911680302
raw,mean_parity_margin,426,2.195672372086753,14.654329446059293
raw,mean_parity_margin,427,2.412637994244366,14.470439360986397
raw,mean_parity_margin,428,2.4415293812269194,14.210181921060755
raw,mean_parity_margin,429,2.5081818802321854,13.28364104544776
raw,mean_parity_margin,430,2.5918939933866856,11.522615530202332
raw,mean_parity_margin,431,2.646051440880899,14.005757102198633
raw,mean_parity_margin,432,2.154549679342244,13.740930548090672
raw,mean_parity_margin,433,2.4488709104755166,14.304278401279316
raw,mean_parity_margin,434,2.373165139722412,13.61632293858938
raw,mean_parity_margin,435,2.5573997539994786,13.240264547493135
raw,mean_parity_margin,436,2.6828128200814305,13.506225391889421
raw,mean_parity_margin,437,2.4149109774600857,14.013030544836303
raw,mean_parity_margin,438,2.499807316945202,12.069523553033145
raw,mean_parity_margin,439,2.319432844379707,14.770008614967335
raw,mean_parity_margin,440,2.3457737556879117,14.01571560703999
raw,mean_parity_margin,441,2.3889772064351806,14.342924022610806
raw,mean_parity_margin,442,2.2759226519309306,14.13552856904489
raw,mean_parity_margin,443,2.348306879753207,14.44486470162376
raw,mean_parity_margin,444,2.311658774705279,12.672491084900061
raw,mean_parity_margin,445,2.3722806949710145,13.988992780557686
raw,mean_parity_margin,446,2.5878771816735617,14.169474587109232
raw,mean_parity_margin,447,2.594382422531301,13.581566189763974
raw,mean_parity_margin,448,2.572980799968727,14.106410440522083
raw,mean_parity_margin,449,2.6058122644869064,14.175218455172281
raw,mean_parity_margin,450,2.6342582318356897,12.388390100636355
raw,mean_parity_margin,451,2.6246985263282565,13.524324684524375
raw,mean_parity_margin,452,2.5411371205153612,13.607560743456114
raw,mean_parity_margin,453,2.7252112121753287,12.411982813420186
raw,mean_parity_margin,454,2.31693503443771,13.391949495124427
raw,mean_parity_margin,455,2.5202581549558083,13.581022592953408
raw,mean_parity_margin,456,2.473902804178681,13.429019091833503
raw,mean_parity_margin,457,2.6803591568379996,13.821061626656807
raw,mean_parity_margin,458,2.1570395425633215,13.26638194782483
raw,mean_parity_margin,459,2.517693163989274,13.28201746881279
raw,mean_parity_margin,460,2.547645952845483,13.255608198438818
raw,mean_parity_margin,461,2.7859599670582478,13.613296678510425
raw,mean_parity_margin,462,2.8439046444973775,12.716143318261441
raw,mean_parity_margin,463,2.5739131540705986,14.011188392945725
raw,mean_parity_margin,464,2.4134014533282437,14.084697856711642
raw,mean_parity_margin,465,2.5913431886520817,13.282852983026824
raw,mean_parity_margin,466,2.734702765228459,13.279554049447732
raw,mean_parity_margin,467,2.6355522433676177,13.732878186776926
raw,mean_parity_margin,468,2.5444070840342694,14.005558066545369
raw,mean_parity_margin,469,2.6959887690363673,14.118770141753231
raw,mean_parity_margin,470,2.6121853941813638,13.86142677539049
raw,mean_parity_margin,471,2.657278379537595,14.061712524934334
raw,mean_parity_margin,472,2.885614890854381,13.899999157870706
raw,mean_parity_margin,473,2.468032178213235,13.853732804403608
raw,mean_parity_margin,474,2.6117237634689925,13.502587928970437
raw,mean_parity_margin,475,2.697864909571584,14.26908290259148
raw,mean_parity_margin,476,2.7289102702677823,13.85479282575547
raw,mean_parity_margin,477,2.6094229875565205,13.83381466435472
raw,mean_parity_margin,478,2.714933551911382,12.866020625848419
raw,mean_parity_margin,479,3.0257359151558805,13.659265922870246
raw,mean_parity_margin,480,2.637482696541461,14.337473868559883
raw,mean_parity_margin,481,2.620952923864789,14.249007054177222
raw,mean_parity_margin,482,2.88928791592811,13.614432511339716
raw,mean_parity_margin,483,2.720371272719285,13.39081255163715
raw,mean_parity_margin,484,2.8218267249238354,13.818149013355981
raw,mean_parity_margin,485,2.6934963049194613,14.053266009912806
raw,mean_parity_margin,486,2.724287816229523,13.735539462324093
raw,mean_parity_margin,487,3.059374747034209,13.59841154134171
raw,mean_parity_margin,488,2.746602323612059,13.577870740512667
raw,mean_parity_margin,489,2.5348312571316303,13.569047401407124
raw,mean_parity_margin,490,2.7622087251547227,12.137855298371525
J,mean_parity_margin,41,-0.25440940930132916,11.482381882640716
J,mean_parity_margin,42,-0.2532970209162435,9.781009479173948
J,mean_parity_margin,43,-0.27905130739782413,10.86977975717364
J,mean_parity_margin,44,-0.27241935332142864,12.3726101819641
J,mean_parity_margin,45,-0.24181512797485966,11.942575993065653
J,mean_parity_margin,46,-0.3293968309012856,10.614231182603636
J,mean_parity_margin,47,-0.23334876278461744,13.089615200705715
J,mean_parity_margin,48,-0.2759461817831825,12.008390362635415
J,mean_parity_margin,49,-0.2607936648398831,12.956503315224088
J,mean_parity_margin,50,-0.31329041802294255,12.40993106361875
J,mean_parity_margin,51,-0.2381238635033315,12.60082613779243
J,mean_parity_margin,52,-0.3217344655004569,12.3084555827654
J,mean_parity_margin,53,-0.29466031032119655,12.327584419553967
J,mean_parity_margin,54,-0.31085771249953253,12.243240928871653
J,mean_parity_margin,55,-0.2849217300246909,13.707970820288532
J,mean_parity_margin,56,-0.34157062037634817,11.050417087135596
J,mean_parity_margin,57,-0.29385778337652757,13.595760548082627
J,mean_parity_margin,58,-0.297916348284922,12.586454096462912
J,mean_parity_margin,59,-0.30028078528030155,12.887997177036404
J,mean_parity_margin,60,-0.30558588582383184,13.429147689719676
J,mean_parity_margin,61,-0.2795546817758318,13.483634202904675
J,mean_parity_margin,62,-0.337333784634865,13.940488518980647
J,mean_parity_margin,63,-0.28361802590265833,12.734123689076014
J,mean_parity_margin,64,-0.32714772100391015,12.41714047433549
J,mean_parity_margin,65,-0.33632353284478844,12.367314297873547
J,mean_parity_margin,66,-0.3409044220613134,12.392743166675587
J,mean_parity_margin,67,-0.3299008455484787,13.489580112328232
J,mean_parity_margin,68,-0.3941571716536209,11.869113874738174
J,mean_parity_margin,69,-0.3181248799915718,12.605251576072723
J,mean_parity_margin,70,-0.3678449721102306,13.46679074111465
J,mean_parity_margin,71,-0.3286537253150351,11.543032817142189
J,mean_parity_margin,72,-0.39006161609693035,13.227469573019302
J,mean_parity_margin,73,-0.3574398738542544,12.441874333319602
J,mean_parity_margin,74,-0.3579162485522347,13.025595560466034
J,mean_parity_margin,75,-0.3479322449566079,13.94733766282109
J,mean_parity_margin,76,-0.3734390279148601,13.28820644207874
J,mean_parity_margin,77,-0.34005225965448393,13.33504516677287
J,mean_parity_margin,78,-0.3845756720516403,12.68100420136064
J,mean_parity_margin,79,-0.35892205722011994,13.183082601283273
J,mean_parity_margin,80,-0.33430014887669407,13.553324479328714
J,mean_parity_margin,81,-0.3577370156287031,14.300179840027242
J,mean_parity_margin,82,-0.38180812792807395,13.857173217047986
J,mean_parity_margin,83,-0.3449666195812507,13.312659641402744
J,mean_parity_margin,84,-0.44517634989522015,13.5102751044027
J,mean_parity_margin,85,-0.39444012462975714,12.407678925856569
J,mean_parity_margin,86,-0.4003341681914579,13.969612477823203
J,mean_parity_margin,87,-0.36872481739776564,13.005438793088434
J,mean_parity_margin,88,-0.3990299024426061,13.53215459972863
J,mean_parity_margin,89,-0.38584963730784766,13.715826212521975
J,mean_parity_margin,90,-0.4200623105758856,13.774496827497998
J,mean_parity_margin,91,-0.41595868938670755,13.789853757177504
J,mean_parity_margin,92,-0.461206199090565,14.262817707545047
J,mean_parity_margin,93,-0.34878384821920044,13.629290693582123
J,mean_parity_margin,94,-0.44261133888258125,13.826354050843408
J,mean_parity_margin,95,-0.3593144970064424,13.405545651343095
J,mean_parity_margin,96,-0.42719619615545085,13.332368485882338
J,mean_parity_margin,97,-0.3988794447512691,13.52480387733418
J,mean_parity_margin,98,-0.45207662316348074,13.8367251274847
J,mean_parity_margin,99,-0.40817049748250994,13.853410077903145
J,mean_parity_margin,100,-0.42253397028612105,13.03830140811013
J,mean_parity_margin,101,-0.3677433588328858,13.967258026800819
J,mean_parity_margin,102,-0.47150954664266587,13.85611980156522
J,mean_parity_margin,103,-0.44065879228678256,13.830718815002445
J,mean_parity_margin,104,-0.46247893498906817,14.200444771533363
J,mean_parity_margin,105,-0.40260930930439626,14.288599405078664
J,mean_parity_margin,106,-0.3667706179625769,13.968574027886245
J,mean_parity_margin,107,-0.45632333504531786,13.747231094388415
J,mean_parity_margin,108,-0.4043872094570718,13.526614044748948
J,mean_parity_margin,109,-0.42622549594996234,13.708241225807114
J,mean_parity_margin,110,-0.4507567206211031,13.900693291620705
J,mean_parity_margin,111,-0.46571178264865565,14.119954204026845
J,mean_parity_margin,112,-0.41835323164098276,14.320153529782301
J,mean_parity_margin,113,-0.4701845189448836,13.76936784129579
J,mean_parity_margin,114,-0.4160077393558163,14.214659273515329
J,mean_parity_margin,115,-0.4406714099730944,13.75330092325607
J,mean_parity_margin,116,-0.4482433087308135,13.507645318704677
J,mean_parity_margin,117,-0.43221871276675883,13.870674524888658
J,mean_parity_margin,118,-0.4382655705844092,14.134713638471174
J,mean_parity_margin,119,-0.42280109261772264,14.048937678069585
J,mean_parity_margin,120,-0.4912881741432814,13.876252505158337
J,mean_parity_margin,121,-0.448433192062698,14.23296857335786
J,mean_parity_margin,122,-0.45810440928164914,13.934463257737951
J,mean_parity_margin,123,-0.5126719935851921,14.040380904352068
J,mean_parity_margin,124,-0.47922046876035557,14.026538778927337
J,mean_parity_margin,125,-0.4567305073552998,13.927873502429428
J,mean_parity_margin,126,-0.49041386106757734,13.799515932715572
J,mean_parity_margin,127,-0.4070499022650218,14.370572613639524
J,mean_parity_margin,128,-0.5197459710230229,14.045209692802812
J,mean_parity_margin,129,-0.5376531684983766,13.894962082727874
J,mean_parity_margin,130,-0.4452886636192546,13.837476839675976
J,mean_parity_margin,131,-0.4286056269006341,13.815734628928645
J,mean_parity_margin,132,-0.5192732785428841,13.218231478602991
J,mean_parity_margin,133,-0.5078268862308787,13.643771495082252
J,mean_parity_margin,134,-0.5393207381226938,13.533159923202625
J,mean_parity_margin,135,-0.5165839244959627,13.978270398153885
J,mean_parity_margin,136,-0.49949427869329405,13.91669889189781
J,mean_parity_margin,137,-0.5520074535464085,13.92454921670565
J,mean_parity_margin,138,-0.5074519568096105,13.82623980705626
J,mean_parity_margin,139,-0.4805320955947933,14.377704762800118
J,mean_parity_margin,140,-0.5339850419279645,13.826620817688823
J,mean_parity_margin,141,-0.5763653337514316,14.370923416849351
J,mean_parity_margin,142,-0.5365775521182579,14.058015329371244
J,mean_parity_margin,143,-0.5518006152829872,14.165385516727175
J,mean_parity_margin,144,-0.5433261924272703,14.106214153040863
J,mean_parity_margin,145,-0.527054598317689,13.712010222914618
J,mean_parity_margin,146,-0.5320238926318254,14.198723774476175
J,mean_parity_margin,147,-0.49456907973691594,14.220373494357622
J,mean_parity_margin,148,-0.5046411177536201,13.917621902858844
J,mean_parity_margin,149,-0.5471116436422963,13.943704619869434
J,mean_parity_margin,150,-0.5768464119559444,14.216896270295152
J,mean_parity_margin,151,-0.5365757924686269,14.27706098714468
J,mean_parity_margin,152,-0.5989250799049004,13.839453327176063
J,mean_parity_margin,153,-0.5171390742934663,14.153229686634212
J,mean_parity_margin,154,-0.5348843961894878,14.131598837658986
J,mean_parity_margin,155,-0.5908611756081967,14.376358638620218
J,mean_parity_margin,156,-0.6254460729151695,14.134299587712283
J,mean_parity_margin,157,-0.6370821057263315,14.07721389036347
J,mean_parity_margin,158,-0.547513344520047,14.093876886957958
J,mean_parity_margin,159,-0.5215492847126861,14.406644703856347
J,mean_parity_margin,160,-0.5705853330383103,14.10168951390751
J,mean_parity_margin,161,-0.6277531398515411,14.324719204110158
J,mean_parity_margin,162,-0.6373898183259067,14.151130440092773
J,mean_parity_margin,163,-0.5814689331206211,14.32552998066443
J,mean_parity_margin,164,-0.6739331889860559,14.280465726801282
J,mean_parity_margin,165,-0.5672087357788096,14.290758628321845
J,mean_parity_margin,166,-0.5772983400478109,14.191831130946895
J,mean_parity_margin,167,-0.658344200125356,14.347087578740634
J,mean_parity_margin,168,-0.5834499979159461,13.898116410772595
J,mean_parity_margin,169,-0.5853681867409197,13.608071903707629
J,mean_parity_margin,170,-0.6292898069465427,13.892722450747895
J,mean_parity_margin,171,-0.616447680788899,14.090836470203875
J,mean_parity_margin,172,-0.5854395349132034,13.925896132218032
J,mean_parity_margin,173,-0.5938549269496013,14.318858874959064
J,mean_parity_margin,174,-0.670388661389775,13.909451951061133
J,mean_parity_margin,175,-0.6423919990006653,14.213862988378578
J,mean_parity_margin,176,-0.6207334678490446,13.859903937836984
J,mean_parity_margin,177,-0.6016552146942491,14.404584635511453
J,mean_parity_margin,178,-0.6937068282264846,14.222963434769149
J,mean_parity_margin,179,-0.5992946359846908,14.36702337737818
J,mean_parity_margin,180,-0.5925682296942452,13.919045143827391
J,mean_parity_margin,181,-0.6967990138572835,14.136843091877468
J,mean_parity_margin,182,-0.6799175247179619,13.956289704409558
J,mean_parity_margin,183,-0.7552622563991842,14.171901372590282
J,mean_parity_margin,184,-0.686720273651573,14.044208265081105
J,mean_parity_margin,185,-0.5756497473479577,14.116417818896378
J,mean_parity_margin,186,-0.5862794437081857,14.112693406415131
J,mean_parity_margin,187,-0.6863371414050587,14.23130590071358
J,mean_parity_margin,188,-0.6684082033871822,13.912014146376206
J,mean_parity_margin,189,-0.6711825916920405,14.117540811183291
J,mean_parity_margin,190,-0.7688250316069098,14.112132671323172
J,mean_parity_margin,191,-0.6510492685924143,13.757956514985313
J,mean_parity_margin,192,-0.6905294015909641,14.160712062653397
J,mean_parity_margin,193,-0.7380495156254406,14.054904839787934
J,mean_parity_margin,194,-0.6612827579390533,14.026661122503153
J,mean_parity_margin,195,-0.7833814818347511,14.101188794458173
J,mean_parity_margin,196,-0.7170178614203465,14.291890691489076
J,mean_parity_margin,197,-0.6548337534243704,14.064676820032929
J,mean_parity_margin,198,-0.681981248499495,13.842979589662109
J,mean_parity_margin,199,-0.6863621986081326,14.348065016861348
J,mean_parity_margin,200,-0.692552944216452,14.21531541110752
J,mean_parity_margin,201,-0.790457744479471,13.82638042680169
J,mean_parity_margin,202,-0.7157456764321516,14.267983748366127
J,mean_parity_margin,203,-0.6699178196296394,14.290586454306938
J,mean_parity_margin,204,-0.7320274569411026,14.054720952002286
J,mean_parity_margin,205,-0.7402342061992622,14.177215327333068
J,mean_parity_margin,206,-0.7368031714931383,14.183591220568713
J,mean_parity_margin,207,-0.7337961229156685,13.918618922944773
J,mean_parity_margin,208,-0.8445371103716811,14.26631606186803
J,mean_parity_margin,209,-0.7384385659089113,13.92320226231732
J,mean_parity_margin,210,-0.7997495106532396,14.129172687454291
J,mean_parity_margin,211,-0.8409848156700922,14.119337957223918
J,mean_parity_margin,212,-0.6265083570128263,14.384408743070829
J,mean_parity_margin,213,-0.7326484380166122,14.32698147239631
J,mean_parity_margin,214,-0.7751065194207795,13.73521354601292
J,mean_parity_margin,215,-0.6401288423902723,14.410079588354982
J,mean_parity_margin,216,-0.7587059286976843,13.95079282394215
J,mean_parity_margin,217,-0.7811065638186913,14.37305329938638
J,mean_parity_margin,218,-0.8901469431082113,13.889659759061912
J,mean_parity_margin,219,-0.8184559225037633,14.200089974934075
J,mean_parity_margin,220,-0.7367473615066874,13.833290529092398
J,mean_parity_margin,221,-0.8061131931308617,14.140359947979228
J,mean_parity_margin,222,-0.7531934569835687,14.04752648619023
J,mean_parity_margin,223,-0.8543902353874461,14.245357084947283
J,mean_parity_margin,224,-0.8112671090342559,14.229167020523713
J,mean_parity_margin,225,-0.8662266955190154,14.237580746194904
J,mean_parity_margin,226,-0.8198848648506265,13.854565052468127
J,mean_parity_margin,227,-0.8374139234051577,13.893572885598758
J,mean_parity_margin,228,-0.8542869756337961,14.245677576287358
J,mean_parity_margin,229,-0.9114007908484256,14.019506289749065
J,mean_parity_margin,230,-0.8241991732562548,14.307194537669055
J,mean_parity_margin,231,-0.723988174765027,14.482927809209603
J,mean_parity_margin,232,-0.881893924687127,14.007852197020915
J,mean_parity_margin,233,-0.8754129313765576,14.154481222122616
J,mean_parity_margin,234,-0.8630366096084882,14.165745882653779
J,mean_parity_margin,235,-0.7708272876833817,14.19876299353388
J,mean_parity_margin,236,-0.8547499008927996,14.202017769070729
J,mean_parity_margin,237,-0.8380083904928441,14.335848127201906
J,mean_parity_margin,238,-0.8774139966831755,14.268746150398355
J,mean_parity_margin,239,-0.9784511621570472,14.047454690592783
J,mean_parity_margin,240,-0.7630581527886784,14.162779028412121
J,mean_parity_margin,241,-0.7633728147378024,14.331376632747714
J,mean_parity_margin,242,-0.8584581544373232,14.17674385786849
J,mean_parity_margin,243,-0.7388402097924242,14.069880512702795
J,mean_parity_margin,244,-0.8780103937411177,14.170013620245117
J,mean_parity_margin,245,-0.8083027367064749,14.225845403192872
J,mean_parity_margin,246,-0.8467770955955636,13.770518064758711
J,mean_parity_margin,247,-0.8210585412490403,14.453294172122337
J,mean_parity_margin,248,-0.9451705193703535,14.308708794384819
J,mean_parity_margin,249,-0.8742792477673802,14.274208892667739
J,mean_parity_margin,250,-0.7933027894125766,14.168997185063551
J,mean_parity_margin,251,-0.9012614205598082,14.307396899029222
J,mean_parity_margin,252,-1.092343727797239,14.229198878261478
J,mean_parity_margin,253,-0.7604277166508989,14.303111073394415
J,mean_parity_margin,254,-0.8495584763289504,14.286565421664537
J,mean_parity_margin,255,-0.9461263422064285,14.265585509589238
J,mean_parity_margin,256,-0.988919872482414,13.712012732766915
J,mean_parity_margin,257,-0.9848568237705055,14.282531482158463
J,mean_parity_margin,258,-0.8484608366998629,14.178554999918902
J,mean_parity_margin,259,-1.071269668007586,14.235189167832628
J,mean_parity_margin,260,-0.9471165239252448,13.96635386429258
J,mean_parity_margin,261,-0.903540486209712,14.209674588414911
J,mean_parity_margin,262,-1.0090695260484202,14.202235557785018
J,mean_parity_margin,263,-0.9540954906912462,14.055035985141387
J,mean_parity_margin,264,-0.994665106990534,14.034145972222232
J,mean_parity_margin,265,-0.7931746115335084,14.319936958641732
J,mean_parity_margin,266,-0.9684348489731596,14.185047188246228
J,mean_parity_margin,267,-1.0270448106431243,14.269093386517843
J,mean_parity_margin,268,-0.8704319177716877,14.123189183506822
J,mean_parity_margin,269,-0.9370465356579853,13.747299380569656
J,mean_parity_margin,270,-0.9128942061948242,14.319045031528919
J,mean_parity_margin,271,-1.0541996601028003,14.141746322101026
J,mean_parity_margin,272,-1.0235652927566254,14.326506861421358
J,mean_parity_margin,273,-0.991139969329472,14.3342357609699
J,mean_parity_margin,274,-1.0459886462105588,14.10334940268997
J,mean_parity_margin,275,-0.8582452690018265,14.227567158772503
J,mean_parity_margin,276,-0.9582038738863813,13.568231661305214
J,mean_parity_margin,277,-0.8477675373701724,14.094694075588125
J,mean_parity_margin,278,-0.9074670722786793,13.731830007669032
J,mean_parity_margin,279,-1.0010735952317589,14.272172279739847
J,mean_parity_margin,280,-1.0115504947968954,14.340769463445735
J,mean_parity_margin,281,-1.046458869843309,13.84008470632475
J,mean_parity_margin,282,-1.0119004582073854,14.00482403086188
J,mean_parity_margin,283,-1.0599618160905873,14.305371037793208
J,mean_parity_margin,284,-1.089757278374082,14.200732345084525
J,mean_parity_margin,285,-1.021738599653206,14.185896787806902
J,mean_parity_margin,286,-0.9424069139223018,13.900879878199287
J,mean_parity_margin,287,-1.2020815112145116,13.734139138837621
J,mean_parity_margin,288,-1.0185074820501354,14.157038436229875
J,mean_parity_margin,289,-0.9284243747266264,13.61077097639628
J,mean_parity_margin,290,-1.0222013465690682,13.903751419375796
J,mean_parity_margin,291,-1.0558139267723088,14.215105630755936
J,mean_parity_margin,292,-0.9683949589056968,14.076149549806996
J,mean_parity_margin,293,-0.9304376324432583,14.006299679743426
J,mean_parity_margin,294,-1.105331833783488,14.288666111663282
J,mean_parity_margin,295,-1.001329041446776,13.807056593204567
J,mean_parity_margin,296,-1.03628757853398,13.853195311814169
J,mean_parity_margin,297,-0.9736479209465716,13.973559903126823
J,mean_parity_margin,298,-1.115319535153466,14.26803997911027
J,mean_parity_margin,299,-0.9360871096177238,14.286043442089676
J,mean_parity_margin,300,-1.1008658935906166,14.267113572280596
J,mean_parity_margin,301,-0.9674842111523189,13.837319945906788
J,mean_parity_margin,302,-1.1399279042780774,14.107067685541944
J,mean_parity_margin,303,-1.1815942892612112,14.288338266447338
J,mean_parity_margin,304,-1.0735035473662498,13.969164853898857
J,mean_parity_margin,305,-1.0918810188197305,14.296673590805163
J,mean_parity_margin,306,-1.0355913977343505,13.943327390077375
J,mean_parity_margin,307,-1.2700435390890745,14.061662403393829
J,mean_parity_margin,308,-1.1961816812147958,14.039276920541795
J,mean_parity_margin,309,-1.0042552036021308,14.145268988790829
J,mean_parity_margin,310,-1.110859361352893,14.205752353577555
J,mean_parity_margin,311,-1.0639507740378782,13.599780622597917
J,mean_parity_margin,312,-1.1588939429251452,13.96183492828747
J,mean_parity_margin,313,-0.8720116292094953,14.313398238222863
J,mean_parity_margin,314,-1.183557655441502,14.187045198825622
J,mean_parity_margin,315,-0.9608802702483218,14.282512501570123
J,mean_parity_margin,316,-1.0879740726111593,14.124090417902956
J,mean_parity_margin,317,-1.1623368172966064,14.318673385274055
J,mean_parity_margin,318,-1.0713351556705462,14.265623249076405
J,mean_parity_margin,319,-1.2403767722971946,13.880610637027893
J,mean_parity_margin,320,-1.0770045031931685,14.113025607882626
J,mean_parity_margin,321,-1.0861588770008088,13.852991345993821
J,mean_parity_margin,322,-1.1172930114865198,14.373922181448457
J,mean_parity_margin,323,-1.0621283810878472,13.193550573562707
J,mean_parity_margin,324,-1.22360973063229,14.139753754847343
J,mean_parity_margin,325,-1.251291888362236,14.31913345854971
J,mean_parity_margin,326,-1.0802382939970212,13.702784984690933
J,mean_parity_margin,327,-1.0245331328166152,14.043166400481566
J,mean_parity_margin,328,-1.1323778415299792,14.09194964020696
J,mean_parity_margin,329,-1.1098438340943542,13.943451659848611
J,mean_parity_margin,330,-1.1944487534107264,13.797729619981528
J,mean_parity_margin,331,-0.9782069745015861,13.66269324772567
J,mean_parity_margin,332,-1.1654346810795648,14.069449539330035
J,mean_parity_margin,333,-1.1543103163592954,13.552762355820963
J,mean_parity_margin,334,-1.2422781704712782,13.935524561333514
J,mean_parity_margin,335,-1.2788651045890245,14.39818053663638
J,mean_parity_margin,336,-1.1719074105230016,13.823648948575393
J,mean_parity_margin,337,-1.1690886789567876,13.96280937167221
J,mean_parity_margin,338,-1.142234911671455,13.535482958216328
J,mean_parity_margin,339,-1.232403957447167,13.938522428672155
J,mean_parity_margin,340,-1.1832304025336235,13.321419371241367
J,mean_parity_margin,341,-1.3168983698022094,14.016086920534052
J,mean_parity_margin,342,-1.2186153761148115,13.355760278919103
J,mean_parity_margin,343,-1.3280062354468705,14.343212860455786
J,mean_parity_margin,344,-1.0416467791364021,14.138959802485706
J,mean_parity_margin,345,-1.0942952514691466,13.644556555043781
J,mean_parity_margin,346,-1.0923886355142012,13.639038986855239
J,mean_parity_margin,347,-1.0316886673830243,14.231787401204896
J,mean_parity_margin,348,-1.2379132149210756,13.591279607109723
J,mean_parity_margin,349,-1.4063172550988778,14.307715490123963
J,mean_parity_margin,350,-1.4058180059585736,14.37715242407961
J,mean_parity_margin,351,-1.2698357623118797,14.182642887208697
J,mean_parity_margin,352,-1.3035469294532966,14.361361011600826
J,mean_parity_margin,353,-1.2164584809795036,13.791829427911527
J,mean_parity_margin,354,-1.1507420974062312,13.006090674550524
J,mean_parity_margin,355,-1.1510593215435434,13.532093174611935
J,mean_parity_margin,356,-1.1934589079841234,14.030559902418261
J,mean_parity_margin,357,-1.495996635350003,14.45275759307978
J,mean_parity_margin,358,-1.1423222386863525,14.145111539976782
J,mean_parity_margin,359,-1.272101241555937,14.185628645743568
J,mean_parity_margin,360,-1.263498641542994,14.220800686199706
J,mean_parity_margin,361,-1.4175869209699559,13.44793344961416
J,mean_parity_margin,362,-1.1603244100067247,14.074565515783474
J,mean_parity_margin,363,-0.9682496797253125,13.74094592581236
J,mean_parity_margin,364,-1.3738177482962441,14.28971373788283
J,mean_parity_margin,365,-1.2864088509732003,14.248908235214868
J,mean_parity_margin,366,-1.2818356330985299,14.022644662136415
J,mean_parity_margin,367,-1.2847621407723442,14.024056383681035
J,mean_parity_margin,368,-1.104159482456548,13.457620446449345
J,mean_parity_margin,369,-1.3725743926072769,13.776479162987034
J,mean_parity_margin,370,-1.27708377490478,14.266126505847742
J,mean_parity_margin,371,-1.2017825085097944,14.195952044406342
J,mean_parity_margin,372,-1.1861630731327244,13.63857429910963
J,mean_parity_margin,373,-1.2156911541980413,12.78961835946151
J,mean_parity_margin,374,-1.351510402647323,14.104878407300308
J,mean_parity_margin,375,-1.2489094488589834,13.407323941100811
J,mean_parity_margin,376,-1.1952632834337928,13.839734013568895
J,mean_parity_margin,377,-1.4513719968038388,14.107990589670395
J,mean_parity_margin,378,-1.377837400518629,13.805815280985591
J,mean_parity_margin,379,-1.381965141145619,13.85664927518961
J,mean_parity_margin,380,-1.1585052298752552,14.001159712936579
J,mean_parity_margin,381,-1.4358531703168955,14.459708320890599
J,mean_parity_margin,382,-1.6726248202136054,14.40215936157282
J,mean_parity_margin,383,-1.4737254001736768,14.360805022105632
J,mean_parity_margin,384,-1.4078448564788444,13.796410561895701
J,mean_parity_margin,385,-1.3206355972482904,14.000560806330446
J,mean_parity_margin,386,-1.1149886925088681,13.014496050202059
J,mean_parity_margin,387,-1.4411484148682825,14.42581335234191
J,mean_parity_margin,388,-1.393827504359527,14.120074766893099
J,mean_parity_margin,389,-1.4547418009554316,14.14902817294288
J,mean_parity_margin,390,-1.464618735600961,13.849219925313744
J,mean_parity_margin,391,-1.4350378105520616,14.270846324453073
J,mean_parity_margin,392,-1.4229896276119796,14.467486854370039
J,mean_parity_margin,393,-1.408051842198496,13.783864806694222
J,mean_parity_margin,394,-1.4893285738682924,13.893696764903805
J,mean_parity_margin,395,-1.4699173711245594,13.806563246510914
J,mean_parity_margin,396,-1.3327627363278174,14.255483710832253
J,mean_parity_margin,397,-1.227147198820782,13.135556057088978
J,mean_parity_margin,398,-1.4752350169236412,13.59139241280343
J,mean_parity_margin,399,-1.1533538876529383,13.89122646055156
J,mean_parity_margin,400,-1.4573276712949588,14.5514058577213
J,mean_parity_margin,401,-1.1845408560492794,13.927849450899883
J,mean_parity_margin,402,-1.2616739041654663,13.98656654786681
J,mean_parity_margin,403,-1.3361425292851625,12.926081275641403
J,mean_parity_margin,404,-1.3778644640319493,13.705734098214862
J,mean_parity_margin,405,-1.3815805383216953,13.615813900757098
J,mean_parity_margin,406,-1.4785951245702045,14.19867300767417
J,mean_parity_margin,407,-1.5510838068129433,14.082626894857835
J,mean_parity_margin,408,-1.5363270040821577,13.702348821692453
J,mean_parity_margin,409,-1.582394440146748,14.271934193850381
J,mean_parity_margin,410,-1.6339573281462934,14.06006529779468
J,mean_parity_margin,411,-1.5835032247849197,14.52855270496534
J,mean_parity_margin,412,-1.4332707158247127,14.101548716154078
J,mean_parity_margin,413,-1.3896510219638312,13.82621363890652
J,mean_parity_margin,414,-1.49280473578506,14.017509551422503
J,mean_parity_margin,415,-1.4108186145635249,13.333288350602622
J,mean_parity_margin,416,-1.3718539956259341,13.858970508590003
J,mean_parity_margin,417,-1.4820709430426566,13.875080090583241
J,mean_parity_margin,418,-1.3970996112241694,13.975321271986715
J,mean_parity_margin,419,-1.3256060899901008,14.077335212696056
J,mean_parity_margin,420,-1.4586880907640898,13.695890173541127
J,mean_parity_margin,421,-1.332098162775587,13.550175991797223
J,mean_parity_margin,422,-1.5724484803306114,14.29876890377784
J,mean_parity_margin,423,-1.5127728480543616,14.224129015699635
J,mean_parity_margin,424,-1.5719545357262585,14.020552783103044
J,mean_parity_margin,425,-1.2991227176074631,13.66031120797636
J,mean_parity_margin,426,-1.555577272892656,14.045042935854628
J,mean_parity_margin,427,-1.6018747406240628,14.167162832925321
J,mean_parity_margin,428,-1.513395707039911,14.344931291375412
J,mean_parity_margin,429,-1.4056994439145378,13.384017382838126
J,mean_parity_margin,430,-1.4341104607918773,13.6932426315476
J,mean_parity_margin,431,-1.4457889883353205,14.16764335760319
J,mean_parity_margin,432,-1.7215128468779441,13.85331594112069
J,mean_parity_margin,433,-1.5661379335143435,14.304076207164968
J,mean_parity_margin,434,-1.4010295855780879,13.949500315281313
J,mean_parity_margin,435,-1.202165181871485,13.741502115576463
J,mean_parity_margin,436,-1.3289316995022438,13.93131100863284
J,mean_parity_margin,437,-1.5786466481492127,14.20477482530903
J,mean_parity_margin,438,-1.4263088467935316,13.500793536961174
J,mean_parity_margin,439,-1.584697059080642,14.493280537798864
J,mean_parity_margin,440,-1.609601877852234,14.50857862992845
J,mean_parity_margin,441,-1.6720092560692215,14.38692092871421
J,mean_parity_margin,442,-1.4768396241081452,14.05227618404883
J,mean_parity_margin,443,-1.4166573421536408,13.870177483789561
J,mean_parity_margin,444,-1.6216500530614761,12.97488752267287
J,mean_parity_margin,445,-1.6440352768794313,14.5676052612393
J,mean_parity_margin,446,-1.4399024520204367,14.190531254148155
J,mean_parity_margin,447,-1.5113778561721687,13.97981420684143
J,mean_parity_margin,448,-1.5912275434503982,14.376884033007338
J,mean_parity_margin,449,-1.6326623222425674,14.347268520084207
J,mean_parity_margin,450,-1.4273366991550869,11.904202115380569
J,mean_parity_margin,451,-1.3709932606370978,13.757738126558875
J,mean_parity_margin,452,-1.5680951655176016,14.133712157156493
J,mean_parity_margin,453,-1.4009171944822996,12.7296759995326
J,mean_parity_margin,454,-1.7939858634475907,14.069247927603232
J,mean_parity_margin,455,-1.7096353828063282,14.10206877510132
J,mean_parity_margin,456,-1.5628444963668646,13.879895863292754
J,mean_parity_margin,457,-1.5442756218506557,14.259396726613026
J,mean_parity_margin,458,-1.825023232345819,14.49808069816276
J,mean_parity_margin,459,-1.4210804149458605,13.806817153180221
J,mean_parity_margin,460,-1.600018887521142,13.890517063113595
J,mean_parity_margin,461,-1.5739200131292113,14.01022509339079
J,mean_parity_margin,462,-1.3303156935573126,13.420142839809234
J,mean_parity_margin,463,-1.33085332085295,14.02210795383004
J,mean_parity_margin,464,-1.7085257831146254,14.356780580184232
J,mean_parity_margin,465,-1.5280281560137623,13.794978362018934
J,mean_parity_margin,466,-1.464861298166264,13.501527600604664
J,mean_parity_margin,467,-1.7090531593866474,14.368887131723548
J,mean_parity_margin,468,-1.7349144471028666,14.647035456057067
J,mean_parity_margin,469,-1.5734871958714511,14.361995691483832
J,mean_parity_margin,470,-1.7747203600307955,13.804705872707727
J,mean_parity_margin,471,-1.7039239551303198,14.514256329753858
J,mean_parity_margin,472,-1.5421602561695196,14.057664651989509
J,mean_parity_margin,473,-1.8348897041239205,14.230787373411484
J,mean_parity_margin,474,-1.6974948737185076,13.596102813849551
J,mean_parity_margin,475,-1.7693397761517287,14.688630777644397
J,mean_parity_margin,476,-1.6478102602579177,14.588053834735755
J,mean_parity_margin,477,-1.8079651776624965,14.308891260440209
J,mean_parity_margin,478,-1.7401418061840908,14.482578966062556
J,mean_parity_margin,479,-1.5473213654068525,14.04018797795621
J,mean_parity_margin,480,-1.7907913617392108,14.725337855962975
J,mean_parity_margin,481,-1.7108514907447723,14.600516787023142
J,mean_parity_margin,482,-1.6532223910656436,14.210555748160948
J,mean_parity_margin,483,-1.5660169312240961,13.795347855806053
J,mean_parity_margin,484,-1.5177161713370422,14.136744469160703
J,mean_parity_margin,485,-1.7088098762152728,14.577044632141142
J,mean_parity_margin,486,-1.823512056364771,14.125766476164454
J,mean_parity_margin,487,-1.4841125595138362,13.722898454927888
J,mean_parity_margin,488,-1.6719094042442801,14.286778193359948
J,mean_parity_margin,489,-1.88231979194797,14.14446676040076
J,mean_parity_margin,490,-1.6730139642740636,13.616331435393617
