seed,condition,heads,n,fit1,fit2,mean,ci_low,ci_high,wrong_current
3,answer_0_000,none,2067,0.0,0.0,0.0,0.0,0.0,0.0
3,answer_0_001,L1.H0,2067,0.0,0.0,0.0,0.0,0.0,0.0
3,answer_0_002,L1.H1,2067,0.0,0.0,0.0,0.0,0.0,0.0
3,answer_0_003,"L1.H0, L1.H1",2067,0.0,0.0,0.0,0.0,0.0,0.0
3,answer_0_004,L1.H2,2067,0.0,0.0,0.0,0.0,0.0,0.0
3,answer_0_005,"L1.H0, L1.H2",2067,0.0,0.0,0.0,0.0,0.0,0.0
3,answer_0_006,"L1.H1, L1.H2",2067,0.0,0.0,0.0,0.0,0.0,0.0
3,answer_0_007,"L1.H0, L1.H1, L1.H2",2067,0.0,0.0,0.0,0.0,0.0,0.0
3,answer_0_008,L1.H3,2067,0.0,0.0,0.0,0.0,0.0,0.0
3,answer_0_009,"L1.H0, L1.H3",2067,0.0,0.0,0.0,0.0,0.0,0.0
3,answer_0_010,"L1.H1, L1.H3",2067,0.0,0.0,0.0,0.0,0.0,0.0
3,answer_0_011,"L1.H0, L1.H1, L1.H3",2067,0.0,0.0,0.0,0.0,0.0,0.0
3,answer_0_012,"L1.H2, L1.H3",2067,0.0,0.0,0.0,0.0,0.0,0.0
3,answer_0_013,"L1.H0, L1.H2, L1.H3",2067,0.0,0.0,0.0,0.0,0.0,0.0
3,answer_0_014,"L1.H1, L1.H2, L1.H3",2067,0.0,0.0,0.0,0.0,0.0,0.0
3,answer_0_015,"L1.H0, L1.H1, L1.H2, L1.H3",2067,0.0,0.0,0.0,0.0,0.0,0.0
3,answer_0_016,L2.H0,2067,0.0,0.0,0.0,0.0,0.0,0.0
3,answer_0_017,"L1.H0, L2.H0",2067,0.0,0.0,0.0,0.0,0.0,0.0
3,answer_0_018,"L1.H1, L2.H0",2067,0.0,0.0,0.0,0.0,0.0,0.0
3,answer_0_019,"L1.H0, L1.H1, L2.H0",2067,0.0,0.0,0.0,0.0,0.0,0.0
3,answer_0_020,"L1.H2, L2.H0",2067,0.0,0.0,0.0,0.0,0.0,0.0
3,answer_0_021,"L1.H0, L1.H2, L2.H0",2067,0.0,0.0,0.0,0.0,0.0,0.0
3,answer_0_022,"L1.H1, L1.H2, L2.H0",2067,0.0,0.0,0.0,0.0,0.0,0.0
3,answer_0_023,"L1.H0, L1.H1, L1.H2, L2.H0",2067,0.0,0.0,0.0,0.0,0.0,0.0
3,answer_0_024,"L1.H3, L2.H0",2067,0.0,0.0,0.0,0.0,0.0,0.0
3,answer_0_025,"L1.H0, L1.H3, L2.H0",2067,0.0,0.0,0.0,0.0,0.0,0.0
3,answer_0_026,"L1.H1, L1.H3, L2.H0",2067,0.0,0.0,0.0,0.0,0.0,0.0
3,answer_0_027,"L1.H0, L1.H1, L1.H3, L2.H0",2067,0.0,0.0,0.0,0.0,0.0,0.0
3,answer_0_028,"L1.H2, L1.H3, L2.H0",2067,0.0,0.0,0.0,0.0,0.0,0.0
3,answer_0_029,"L1.H0, L1.H2, L1.H3, L2.H0",2067,0.0,0.0,0.0,0.0,0.0,0.0
3,answer_0_030,"L1.H1, L1.H2, L1.H3, L2.H0",2067,0.0,0.0,0.0,0.0,0.0,0.0
3,answer_0_031,"L1.H0, L1.H1, L1.H2, L1.H3, L2.H0",2067,0.0,0.0,0.0,0.0,0.0,0.0
3,answer_0_032,L2.H1,2067,0.0,0.0,0.0,0.0,0.0,0.0
3,answer_0_033,"L1.H0, L2.H1",2067,0.0,0.0,0.0,0.0,0.0,0.0
3,answer_0_034,"L1.H1, L2.H1",2067,0.0,0.0,0.0,0.0,0.0,0.0
3,answer_0_035,"L1.H0, L1.H1, L2.H1",2067,0.0,0.0,0.0,0.0,0.0,0.0
3,answer_0_036,"L1.H2, L2.H1",2067,0.0,0.0,0.0,0.0,0.0,0.0
3,answer_0_037,"L1.H0, L1.H2, L2.H1",2067,0.0,0.0,0.0,0.0,0.0,0.0
3,answer_0_038,"L1.H1, L1.H2, L2.H1",2067,0.0,0.0,0.0,0.0,0.0,0.0
3,answer_0_039,"L1.H0, L1.H1, L1.H2, L2.H1",2067,0.0,0.0,0.0,0.0,0.0,0.0
3,answer_0_040,"L1.H3, L2.H1",2067,0.0,0.0,0.0,0.0,0.0,0.0
3,answer_0_041,"L1.H0, L1.H3, L2.H1",2067,0.0,0.0,0.0,0.0,0.0,0.0
3,answer_0_042,"L1.H1, L1.H3, L2.H1",2067,0.0,0.0,0.0,0.0,0.0,0.0
3,answer_0_043,"L1.H0, L1.H1, L1.H3, L2.H1",2067,0.0,0.0,0.0,0.0,0.0,0.0
3,answer_0_044,"L1.H2, L1.H3, L2.H1",2067,0.0,0.0,0.0,0.0,0.0,0.0
3,answer_0_045,"L1.H0, L1.H2, L1.H3, L2.H1",2067,0.0,0.0,0.0,0.0,0.0,0.0
3,answer_0_046,"L1.H1, L1.H2, L1.H3, L2.H1",2067,0.0,0.0,0.0,0.0,0.0,0.0
3,answer_0_047,"L1.H0, L1.H1, L1.H2, L1.H3, L2.H1",2067,0.0,0.0,0.0,0.0,0.0,0.0
3,answer_0_048,"L2.H0, L2.H1",2067,0.0,0.0,0.0,0.0,0.0,0.0
3,answer_0_049,"L1.H0, L2.H0, L2.H1",2067,0.0,0.0,0.0,0.0,0.0,0.0
3,answer_0_050,"L1.H1, L2.H0, L2.H1",2067,0.0,0.0,0.0,0.0,0.0,0.0
3,answer_0_051,"L1.H0, L1.H1, L2.H0, L2.H1",2067,0.0,0.0,0.0,0.0,0.0,0.0
3,answer_0_052,"L1.H2, L2.H0, L2.H1",2067,0.0,0.0,0.0,0.0,0.0,0.0
3,answer_0_053,"L1.H0, L1.H2, L2.H0, L2.H1",2067,0.0,0.0,0.0,0.0,0.0,0.0
3,answer_0_054,"L1.H1, L1.H2, L2.H0, L2.H1",2067,0.0,0.0,0.0,0.0,0.0,0.0
3,answer_0_055,"L1.H0, L1.H1, L1.H2, L2.H0, L2.H1",2067,0.0,0.0,0.0,0.0,0.0,0.0
3,answer_0_056,"L1.H3, L2.H0, L2.H1",2067,0.0,0.0,0.0,0.0,0.0,0.0
3,answer_0_057,"L1.H0, L1.H3, L2.H0, L2.H1",2067,0.0,0.0,0.0,0.0,0.0,0.0
3,answer_0_058,"L1.H1, L1.H3, L2.H0, L2.H1",2067,0.0,0.0,0.0,0.0,0.0,0.0
3,answer_0_059,"L1.H0, L1.H1, L1.H3, L2.H0, L2.H1",2067,0.0,0.0,0.0,0.0,0.0,0.0
3,answer_0_060,"L1.H2, L1.H3, L2.H0, L2.H1",2067,0.0,0.0,0.0,0.0,0.0,0.0
3,answer_0_061,"L1.H0, L1.H2, L1.H3, L2.H0, L2.H1",2067,0.0,0.0,0.0,0.0,0.0,0.0
3,answer_0_062,"L1.H1, L1.H2, L1.H3, L2.H0, L2.H1",2067,0.0,0.0,0.0,0.0,0.0,0.0
3,answer_0_063,"L1.H0, L1.H1, L1.H2, L1.H3, L2.H0, L2.H1",2067,0.0,0.0,0.0,0.0,0.0,0.0
3,answer_0_064,L2.H2,2067,0.0,0.0,0.0,0.0,0.0,0.0
3,answer_0_065,"L1.H0, L2.H2",2067,0.0,0.0,0.0,0.0,0.0,0.0
3,answer_0_066,"L1.H1, L2.H2",2067,0.0,0.0,0.0,0.0,0.0,0.0
3,answer_0_067,"L1.H0, L1.H1, L2.H2",2067,0.0,0.0,0.0,0.0,0.0,0.0
3,answer_0_068,"L1.H2, L2.H2",2067,0.0,0.0,0.0,0.0,0.0,0.0
3,answer_0_069,"L1.H0, L1.H2, L2.H2",2067,0.0,0.0,0.0,0.0,0.0,0.0
3,answer_0_070,"L1.H1, L1.H2, L2.H2",2067,0.0,0.0,0.0,0.0,0.0,0.0
3,answer_0_071,"L1.H0, L1.H1, L1.H2, L2.H2",2067,0.0,0.0,0.0,0.0,0.0,0.0
3,answer_0_072,"L1.H3, L2.H2",2067,0.0,0.0,0.0,0.0,0.0,0.0
3,answer_0_073,"L1.H0, L1.H3, L2.H2",2067,0.0,0.0,0.0,0.0,0.0,0.0
3,answer_0_074,"L1.H1, L1.H3, L2.H2",2067,0.0,0.0,0.0,0.0,0.0,0.0
3,answer_0_075,"L1.H0, L1.H1, L1.H3, L2.H2",2067,0.0,0.0,0.0,0.0,0.0,0.0
3,answer_0_076,"L1.H2, L1.H3, L2.H2",2067,0.0,0.0,0.0,0.0,0.0,0.0
3,answer_0_077,"L1.H0, L1.H2, L1.H3, L2.H2",2067,0.0,0.0,0.0,0.0,0.0,0.0
3,answer_0_078,"L1.H1, L1.H2, L1.H3, L2.H2",2067,0.0,0.0,0.0,0.0,0.0,0.0
3,answer_0_079,"L1.H0, L1.H1, L1.H2, L1.H3, L2.H2",2067,0.0,0.0,0.0,0.0,0.0,0.0
3,answer_0_080,"L2.H0, L2.H2",2067,0.0,0.0,0.0,0.0,0.0,0.0
3,answer_0_081,"L1.H0, L2.H0, L2.H2",2067,0.0,0.0,0.0,0.0,0.0,0.0
3,answer_0_082,"L1.H1, L2.H0, L2.H2",2067,0.0,0.0,0.0,0.0,0.0,0.0
3,answer_0_083,"L1.H0, L1.H1, L2.H0, L2.H2",2067,0.0,0.0,0.0,0.0,0.0,0.0
3,answer_0_084,"L1.H2, L2.H0, L2.H2",2067,0.0,0.0,0.0,0.0,0.0,0.0
3,answer_0_085,"L1.H0, L1.H2, L2.H0, L2.H2",2067,0.0,0.0,0.0,0.0,0.0,0.0
3,answer_0_086,"L1.H1, L1.H2, L2.H0, L2.H2",2067,0.0,0.0,0.0,0.0,0.0,0.0
3,answer_0_087,"L1.H0, L1.H1, L1.H2, L2.H0, L2.H2",2067,0.0,0.0,0.0,0.0,0.0,0.0
3,answer_0_088,"L1.H3, L2.H0, L2.H2",2067,0.0,0.0,0.0,0.0,0.0,0.0
3,answer_0_089,"L1.H0, L1.H3, L2.H0, L2.H2",2067,0.0,0.0,0.0,0.0,0.0,0.0
3,answer_0_090,"L1.H1, L1.H3, L2.H0, L2.H2",2067,0.0,0.0,0.0,0.0,0.0,0.0
3,answer_0_091,"L1.H0, L1.H1, L1.H3, L2.H0, L2.H2",2067,0.0,0.0,0.0,0.0,0.0,0.0
3,answer_0_092,"L1.H2, L1.H3, L2.H0, L2.H2",2067,0.0,0.0,0.0,0.0,0.0,0.0
3,answer_0_093,"L1.H0, L1.H2, L1.H3, L2.H0, L2.H2",2067,0.0,0.0,0.0,0.0,0.0,0.0
3,answer_0_094,"L1.H1, L1.H2, L1.H3, L2.H0, L2.H2",2067,0.0,0.0,0.0,0.0,0.0,0.0
3,answer_0_095,"L1.H0, L1.H1, L1.H2, L1.H3, L2.H0, L2.H2",2067,0.0,0.0,0.0,0.0,0.0,0.0
3,answer_0_096,"L2.H1, L2.H2",2067,0.0,0.0,0.0,0.0,0.0,0.0
3,answer_0_097,"L1.H0, L2.H1, L2.H2",2067,0.0,0.0,0.0,0.0,0.0,0.0
3,answer_0_098,"L1.H1, L2.H1, L2.H2",2067,0.0,0.0,0.0,0.0,0.0,0.0
3,answer_0_099,"L1.H0, L1.H1, L2.H1, L2.H2",2067,0.0,0.0,0.0,0.0,0.0,0.0
3,answer_0_100,"L1.H2, L2.H1, L2.H2",2067,0.0,0.0,0.0,0.0,0.0,0.0
3,answer_0_101,"L1.H0, L1.H2, L2.H1, L2.H2",2067,0.0,0.0,0.0,0.0,0.0,0.0
3,answer_0_102,"L1.H1, L1.H2, L2.H1, L2.H2",2067,0.0,0.0,0.0,0.0,0.0,0.0
3,answer_0_103,"L1.H0, L1.H1, L1.H2, L2.H1, L2.H2",2067,0.0,0.0,0.0,0.0,0.0,0.0
3,answer_0_104,"L1.H3, L2.H1, L2.H2",2067,0.0,0.0,0.0,0.0,0.0,0.0
3,answer_0_105,"L1.H0, L1.H3, L2.H1, L2.H2",2067,0.0,0.0,0.0,0.0,0.0,0.0
3,answer_0_106,"L1.H1, L1.H3, L2.H1, L2.H2",2067,0.0,0.0,0.0,0.0,0.0,0.0
3,answer_0_107,"L1.H0, L1.H1, L1.H3, L2.H1, L2.H2",2067,0.0,0.0,0.0,0.0,0.0,0.0
3,answer_0_108,"L1.H2, L1.H3, L2.H1, L2.H2",2067,0.0,0.0,0.0,0.0,0.0,0.0
3,answer_0_109,"L1.H0, L1.H2, L1.H3, L2.H1, L2.H2",2067,0.0,0.0,0.0,0.0,0.0,0.0
3,answer_0_110,"L1.H1, L1.H2, L1.H3, L2.H1, L2.H2",2067,0.0,0.0,0.0,0.0,0.0,0.0
3,answer_0_111,"L1.H0, L1.H1, L1.H2, L1.H3, L2.H1, L2.H2",2067,0.0,0.0,0.0,0.0,0.0,0.0
3,answer_0_112,"L2.H0, L2.H1, L2.H2",2067,0.0,0.0,0.0,0.0,0.0,0.0
3,answer_0_113,"L1.H0, L2.H0, L2.H1, L2.H2",2067,0.0,0.0,0.0,0.0,0.0,0.0
3,answer_0_114,"L1.H1, L2.H0, L2.H1, L2.H2",2067,0.0,0.0,0.0,0.0,0.0,0.0
3,answer_0_115,"L1.H0, L1.H1, L2.H0, L2.H1, L2.H2",2067,0.0,0.0,0.0,0.0,0.0,0.0
3,answer_0_116,"L1.H2, L2.H0, L2.H1, L2.H2",2067,0.0,0.0,0.0,0.0,0.0,0.0
3,answer_0_117,"L1.H0, L1.H2, L2.H0, L2.H1, L2.H2",2067,0.0,0.0,0.0,0.0,0.0,0.0
3,answer_0_118,"L1.H1, L1.H2, L2.H0, L2.H1, L2.H2",2067,0.0,0.0,0.0,0.0,0.0,0.0
3,answer_0_119,"L1.H0, L1.H1, L1.H2, L2.H0, L2.H1, L2.H2",2067,0.0,0.0,0.0,0.0,0.0,0.0
3,answer_0_120,"L1.H3, L2.H0, L2.H1, L2.H2",2067,0.0,0.0,0.0,0.0,0.0,0.0
3,answer_0_121,"L1.H0, L1.H3, L2.H0, L2.H1, L2.H2",2067,0.0,0.0,0.0,0.0,0.0,0.0
3,answer_0_122,"L1.H1, L1.H3, L2.H0, L2.H1, L2.H2",2067,0.0,0.0,0.0,0.0,0.0,0.0
3,answer_0_123,"L1.H0, L1.H1, L1.H3, L2.H0, L2.H1, L2.H2",2067,0.0,0.0,0.0,0.0,0.0,0.0
3,answer_0_124,"L1.H2, L1.H3, L2.H0, L2.H1, L2.H2",2067,0.0,0.0,0.0,0.0,0.0,0.0
3,answer_0_125,"L1.H0, L1.H2, L1.H3, L2.H0, L2.H1, L2.H2",2067,0.0,0.0,0.0,0.0,0.0,0.0
3,answer_0_126,"L1.H1, L1.H2, L1.H3, L2.H0, L2.H1, L2.H2",2067,0.0,0.0,0.0,0.0,0.0,0.0
3,answer_0_127,"L1.H0, L1.H1, L1.H2, L1.H3, L2.H0, L2.H1, L2.H2",2067,0.0,0.0,0.0,0.0,0.0,0.0
3,answer_0_128,L2.H3,2067,0.0,0.0,0.0,0.0,0.0,0.0
3,answer_0_129,"L1.H0, L2.H3",2067,0.0,0.0,0.0,0.0,0.0,0.0
3,answer_0_130,"L1.H1, L2.H3",2067,0.0,0.0,0.0,0.0,0.0,0.0
3,answer_0_131,"L1.H0, L1.H1, L2.H3",2067,0.0,0.0,0.0,0.0,0.0,0.0
3,answer_0_132,"L1.H2, L2.H3",2067,0.0,0.0,0.0,0.0,0.0,0.0
3,answer_0_133,"L1.H0, L1.H2, L2.H3",2067,0.0,0.0,0.0,0.0,0.0,0.0
3,answer_0_134,"L1.H1, L1.H2, L2.H3",2067,0.0,0.0,0.0,0.0,0.0,0.0
3,answer_0_135,"L1.H0, L1.H1, L1.H2, L2.H3",2067,0.0,0.0,0.0,0.0,0.0,0.0
3,answer_0_136,"L1.H3, L2.H3",2067,0.0,0.0,0.0,0.0,0.0,0.0
3,answer_0_137,"L1.H0, L1.H3, L2.H3",2067,0.0,0.0,0.0,0.0,0.0,0.0
3,answer_0_138,"L1.H1, L1.H3, L2.H3",2067,0.0,0.0,0.0,0.0,0.0,0.0
3,answer_0_139,"L1.H0, L1.H1, L1.H3, L2.H3",2067,0.0,0.0,0.0,0.0,0.0,0.0
3,answer_0_140,"L1.H2, L1.H3, L2.H3",2067,0.0,0.0,0.0,0.0,0.0,0.0
3,answer_0_141,"L1.H0, L1.H2, L1.H3, L2.H3",2067,0.0,0.0,0.0,0.0,0.0,0.0
3,answer_0_142,"L1.H1, L1.H2, L1.H3, L2.H3",2067,0.0,0.0,0.0,0.0,0.0,0.0
3,answer_0_143,"L1.H0, L1.H1, L1.H2, L1.H3, L2.H3",2067,0.0,0.0,0.0,0.0,0.0,0.0
3,answer_0_144,"L2.H0, L2.H3",2067,0.0,0.0,0.0,0.0,0.0,0.0
3,answer_0_145,"L1.H0, L2.H0, L2.H3",2067,0.0,0.0,0.0,0.0,0.0,0.0
3,answer_0_146,"L1.H1, L2.H0, L2.H3",2067,0.0,0.0,0.0,0.0,0.0,0.0
3,answer_0_147,"L1.H0, L1.H1, L2.H0, L2.H3",2067,0.0,0.0,0.0,0.0,0.0,0.0
3,answer_0_148,"L1.H2, L2.H0, L2.H3",2067,0.0,0.0,0.0,0.0,0.0,0.0
3,answer_0_149,"L1.H0, L1.H2, L2.H0, L2.H3",2067,0.0,0.0,0.0,0.0,0.0,0.0
3,answer_0_150,"L1.H1, L1.H2, L2.H0, L2.H3",2067,0.0,0.0,0.0,0.0,0.0,0.0
3,answer_0_151,"L1.H0, L1.H1, L1.H2, L2.H0, L2.H3",2067,0.0,0.0,0.0,0.0,0.0,0.0
3,answer_0_152,"L1.H3, L2.H0, L2.H3",2067,0.0,0.0,0.0,0.0,0.0,0.0
3,answer_0_153,"L1.H0, L1.H3, L2.H0, L2.H3",2067,0.0,0.0,0.0,0.0,0.0,0.0
3,answer_0_154,"L1.H1, L1.H3, L2.H0, L2.H3",2067,0.0,0.0,0.0,0.0,0.0,0.0
3,answer_0_155,"L1.H0, L1.H1, L1.H3, L2.H0, L2.H3",2067,0.0,0.0,0.0,0.0,0.0,0.0
3,answer_0_156,"L1.H2, L1.H3, L2.H0, L2.H3",2067,0.0,0.0,0.0,0.0,0.0,0.0
3,answer_0_157,"L1.H0, L1.H2, L1.H3, L2.H0, L2.H3",2067,0.0,0.0,0.0,0.0,0.0,0.0
3,answer_0_158,"L1.H1, L1.H2, L1.H3, L2.H0, L2.H3",2067,0.0,0.0,0.0,0.0,0.0,0.0
3,answer_0_159,"L1.H0, L1.H1, L1.H2, L1.H3, L2.H0, L2.H3",2067,0.0,0.0,0.0,0.0,0.0,0.0
3,answer_0_160,"L2.H1, L2.H3",2067,0.0,0.0,0.0,0.0,0.0,0.0
3,answer_0_161,"L1.H0, L2.H1, L2.H3",2067,0.0,0.0,0.0,0.0,0.0,0.0
3,answer_0_162,"L1.H1, L2.H1, L2.H3",2067,0.0,0.0,0.0,0.0,0.0,0.0
3,answer_0_163,"L1.H0, L1.H1, L2.H1, L2.H3",2067,0.0,0.0,0.0,0.0,0.0,0.0
3,answer_0_164,"L1.H2, L2.H1, L2.H3",2067,0.0,0.0,0.0,0.0,0.0,0.0
3,answer_0_165,"L1.H0, L1.H2, L2.H1, L2.H3",2067,0.0,0.0,0.0,0.0,0.0,0.0
3,answer_0_166,"L1.H1, L1.H2, L2.H1, L2.H3",2067,0.0,0.0,0.0,0.0,0.0,0.0
3,answer_0_167,"L1.H0, L1.H1, L1.H2, L2.H1, L2.H3",2067,0.0,0.0,0.0,0.0,0.0,0.0
3,answer_0_168,"L1.H3, L2.H1, L2.H3",2067,0.0,0.0,0.0,0.0,0.0,0.0
3,answer_0_169,"L1.H0, L1.H3, L2.H1, L2.H3",2067,0.0,0.0,0.0,0.0,0.0,0.0
3,answer_0_170,"L1.H1, L1.H3, L2.H1, L2.H3",2067,0.0,0.0,0.0,0.0,0.0,0.0
3,answer_0_171,"L1.H0, L1.H1, L1.H3, L2.H1, L2.H3",2067,0.0,0.0,0.0,0.0,0.0,0.0
3,answer_0_172,"L1.H2, L1.H3, L2.H1, L2.H3",2067,0.0,0.0,0.0,0.0,0.0,0.0
3,answer_0_173,"L1.H0, L1.H2, L1.H3, L2.H1, L2.H3",2067,0.0,0.0,0.0,0.0,0.0,0.0
3,answer_0_174,"L1.H1, L1.H2, L1.H3, L2.H1, L2.H3",2067,0.0,0.0,0.0,0.0,0.0,0.0
3,answer_0_175,"L1.H0, L1.H1, L1.H2, L1.H3, L2.H1, L2.H3",2067,0.0,0.0,0.0,0.0,0.0,0.0
3,answer_0_176,"L2.H0, L2.H1, L2.H3",2067,0.0,0.0,0.0,0.0,0.0,0.0
3,answer_0_177,"L1.H0, L2.H0, L2.H1, L2.H3",2067,0.0,0.0,0.0,0.0,0.0,0.0
3,answer_0_178,"L1.H1, L2.H0, L2.H1, L2.H3",2067,0.0,0.0,0.0,0.0,0.0,0.0
3,answer_0_179,"L1.H0, L1.H1, L2.H0, L2.H1, L2.H3",2067,0.0,0.0,0.0,0.0,0.0,0.0
3,answer_0_180,"L1.H2, L2.H0, L2.H1, L2.H3",2067,0.0,0.0,0.0,0.0,0.0,0.0
3,answer_0_181,"L1.H0, L1.H2, L2.H0, L2.H1, L2.H3",2067,0.0,0.0,0.0,0.0,0.0,0.0
3,answer_0_182,"L1.H1, L1.H2, L2.H0, L2.H1, L2.H3",2067,0.0,0.0,0.0,0.0,0.0,0.0
3,answer_0_183,"L1.H0, L1.H1, L1.H2, L2.H0, L2.H1, L2.H3",2067,0.0,0.0,0.0,0.0,0.0,0.0
3,answer_0_184,"L1.H3, L2.H0, L2.H1, L2.H3",2067,0.0,0.0,0.0,0.0,0.0,0.0
3,answer_0_185,"L1.H0, L1.H3, L2.H0, L2.H1, L2.H3",2067,0.0,0.0,0.0,0.0,0.0,0.0
3,answer_0_186,"L1.H1, L1.H3, L2.H0, L2.H1, L2.H3",2067,0.0,0.0,0.0,0.0,0.0,0.0
3,answer_0_187,"L1.H0, L1.H1, L1.H3, L2.H0, L2.H1, L2.H3",2067,0.0,0.0,0.0,0.0,0.0,0.0
3,answer_0_188,"L1.H2, L1.H3, L2.H0, L2.H1, L2.H3",2067,0.0,0.0,0.0,0.0,0.0,0.0
3,answer_0_189,"L1.H0, L1.H2, L1.H3, L2.H0, L2.H1, L2.H3",2067,0.0,0.0,0.0,0.0,0.0,0.0
3,answer_0_190,"L1.H1, L1.H2, L1.H3, L2.H0, L2.H1, L2.H3",2067,0.0,0.0,0.0,0.0,0.0,0.0
3,answer_0_191,"L1.H0, L1.H1, L1.H2, L1.H3, L2.H0, L2.H1, L2.H3",2067,0.0,0.0,0.0,0.0,0.0,0.0
3,answer_0_192,"L2.H2, L2.H3",2067,0.0,0.0,0.0,0.0,0.0,0.0
3,answer_0_193,"L1.H0, L2.H2, L2.H3",2067,0.0,0.0,0.0,0.0,0.0,0.0
3,answer_0_194,"L1.H1, L2.H2, L2.H3",2067,0.0,0.0,0.0,0.0,0.0,0.0
3,answer_0_195,"L1.H0, L1.H1, L2.H2, L2.H3",2067,0.0,0.0,0.0,0.0,0.0,0.0
3,answer_0_196,"L1.H2, L2.H2, L2.H3",2067,0.0,0.0,0.0,0.0,0.0,0.0
3,answer_0_197,"L1.H0, L1.H2, L2.H2, L2.H3",2067,0.0,0.0,0.0,0.0,0.0,0.0
3,answer_0_198,"L1.H1, L1.H2, L2.H2, L2.H3",2067,0.0,0.0,0.0,0.0,0.0,0.0
3,answer_0_199,"L1.H0, L1.H1, L1.H2, L2.H2, L2.H3",2067,0.0,0.0,0.0,0.0,0.0,0.0
3,answer_0_200,"L1.H3, L2.H2, L2.H3",2067,0.0,0.0,0.0,0.0,0.0,0.0
3,answer_0_201,"L1.H0, L1.H3, L2.H2, L2.H3",2067,0.0,0.0,0.0,0.0,0.0,0.0
3,answer_0_202,"L1.H1, L1.H3, L2.H2, L2.H3",2067,0.0,0.0,0.0,0.0,0.0,0.0
3,answer_0_203,"L1.H0, L1.H1, L1.H3, L2.H2, L2.H3",2067,0.0,0.0,0.0,0.0,0.0,0.0
3,answer_0_204,"L1.H2, L1.H3, L2.H2, L2.H3",2067,0.0,0.0,0.0,0.0,0.0,0.0
3,answer_0_205,"L1.H0, L1.H2, L1.H3, L2.H2, L2.H3",2067,0.0,0.0,0.0,0.0,0.0,0.0
3,answer_0_206,"L1.H1, L1.H2, L1.H3, L2.H2, L2.H3",2067,0.0,0.0,0.0,0.0,0.0,0.0
3,answer_0_207,"L1.H0, L1.H1, L1.H2, L1.H3, L2.H2, L2.H3",2067,0.0,0.0,0.0,0.0,0.0,0.0
3,answer_0_208,"L2.H0, L2.H2, L2.H3",2067,0.0,0.0,0.0,0.0,0.0,0.0
3,answer_0_209,"L1.H0, L2.H0, L2.H2, L2.H3",2067,0.0,0.0,0.0,0.0,0.0,0.0
3,answer_0_210,"L1.H1, L2.H0, L2.H2, L2.H3",2067,0.0,0.0,0.0,0.0,0.0,0.0
3,answer_0_211,"L1.H0, L1.H1, L2.H0, L2.H2, L2.H3",2067,0.0,0.0,0.0,0.0,0.0,0.0
3,answer_0_212,"L1.H2, L2.H0, L2.H2, L2.H3",2067,0.0,0.0,0.0,0.0,0.0,0.0
3,answer_0_213,"L1.H0, L1.H2, L2.H0, L2.H2, L2.H3",2067,0.0,0.0,0.0,0.0,0.0,0.0
3,answer_0_214,"L1.H1, L1.H2, L2.H0, L2.H2, L2.H3",2067,0.0,0.0,0.0,0.0,0.0,0.0
3,answer_0_215,"L1.H0, L1.H1, L1.H2, L2.H0, L2.H2, L2.H3",2067,0.0,0.0,0.0,0.0,0.0,0.0
3,answer_0_216,"L1.H3, L2.H0, L2.H2, L2.H3",2067,0.0,0.0,0.0,0.0,0.0,0.0
3,answer_0_217,"L1.H0, L1.H3, L2.H0, L2.H2, L2.H3",2067,0.0,0.0,0.0,0.0,0.0,0.0
3,answer_0_218,"L1.H1, L1.H3, L2.H0, L2.H2, L2.H3",2067,0.0,0.0,0.0,0.0,0.0,0.0
3,answer_0_219,"L1.H0, L1.H1, L1.H3, L2.H0, L2.H2, L2.H3",2067,0.0,0.0,0.0,0.0,0.0,0.0
3,answer_0_220,"L1.H2, L1.H3, L2.H0, L2.H2, L2.H3",2067,0.0,0.0,0.0,0.0,0.0,0.0
3,answer_0_221,"L1.H0, L1.H2, L1.H3, L2.H0, L2.H2, L2.H3",2067,0.0,0.0,0.0,0.0,0.0,0.0
3,answer_0_222,"L1.H1, L1.H2, L1.H3, L2.H0, L2.H2, L2.H3",2067,0.0,0.0,0.0,0.0,0.0,0.0
3,answer_0_223,"L1.H0, L1.H1, L1.H2, L1.H3, L2.H0, L2.H2, L2.H3",2067,0.0,0.0,0.0,0.0,0.0,0.0
3,answer_0_224,"L2.H1, L2.H2, L2.H3",2067,0.0,0.0,0.0,0.0,0.0,0.0
3,answer_0_225,"L1.H0, L2.H1, L2.H2, L2.H3",2067,0.0,0.0,0.0,0.0,0.0,0.0
3,answer_0_226,"L1.H1, L2.H1, L2.H2, L2.H3",2067,0.0,0.0,0.0,0.0,0.0,0.0
3,answer_0_227,"L1.H0, L1.H1, L2.H1, L2.H2, L2.H3",2067,0.0,0.0,0.0,0.0,0.0,0.0
3,answer_0_228,"L1.H2, L2.H1, L2.H2, L2.H3",2067,0.0,0.0,0.0,0.0,0.0,0.0
3,answer_0_229,"L1.H0, L1.H2, L2.H1, L2.H2, L2.H3",2067,0.0,0.0,0.0,0.0,0.0,0.0
3,answer_0_230,"L1.H1, L1.H2, L2.H1, L2.H2, L2.H3",2067,0.0,0.0,0.0,0.0,0.0,0.0
3,answer_0_231,"L1.H0, L1.H1, L1.H2, L2.H1, L2.H2, L2.H3",2067,0.0,0.0,0.0,0.0,0.0,0.0
3,answer_0_232,"L1.H3, L2.H1, L2.H2, L2.H3",2067,0.0,0.0,0.0,0.0,0.0,0.0
3,answer_0_233,"L1.H0, L1.H3, L2.H1, L2.H2, L2.H3",2067,0.0,0.0,0.0,0.0,0.0,0.0
3,answer_0_234,"L1.H1, L1.H3, L2.H1, L2.H2, L2.H3",2067,0.0,0.0,0.0,0.0,0.0,0.0
3,answer_0_235,"L1.H0, L1.H1, L1.H3, L2.H1, L2.H2, L2.H3",2067,0.0,0.0,0.0,0.0,0.0,0.0
3,answer_0_236,"L1.H2, L1.H3, L2.H1, L2.H2, L2.H3",2067,0.0,0.0,0.0,0.0,0.0,0.0
3,answer_0_237,"L1.H0, L1.H2, L1.H3, L2.H1, L2.H2, L2.H3",2067,0.0,0.0,0.0,0.0,0.0,0.0
3,answer_0_238,"L1.H1, L1.H2, L1.H3, L2.H1, L2.H2, L2.H3",2067,0.0,0.0,0.0,0.0,0.0,0.0
3,answer_0_239,"L1.H0, L1.H1, L1.H2, L1.H3, L2.H1, L2.H2, L2.H3",2067,0.0,0.0,0.0,0.0,0.0,0.0
3,answer_0_240,"L2.H0, L2.H1, L2.H2, L2.H3",2067,0.0,0.0,0.0,0.0,0.0,0.0
3,answer_0_241,"L1.H0, L2.H0, L2.H1, L2.H2, L2.H3",2067,0.0,0.0,0.0,0.0,0.0,0.0
3,answer_0_242,"L1.H1, L2.H0, L2.H1, L2.H2, L2.H3",2067,0.0,0.0,0.0,0.0,0.0,0.0
3,answer_0_243,"L1.H0, L1.H1, L2.H0, L2.H1, L2.H2, L2.H3",2067,0.0,0.0,0.0,0.0,0.0,0.0
3,answer_0_244,"L1.H2, L2.H0, L2.H1, L2.H2, L2.H3",2067,0.0,0.0,0.0,0.0,0.0,0.0
3,answer_0_245,"L1.H0, L1.H2, L2.H0, L2.H1, L2.H2, L2.H3",2067,0.0,0.0,0.0,0.0,0.0,0.0
3,answer_0_246,"L1.H1, L1.H2, L2.H0, L2.H1, L2.H2, L2.H3",2067,0.0,0.0,0.0,0.0,0.0,0.0
3,answer_0_247,"L1.H0, L1.H1, L1.H2, L2.H0, L2.H1, L2.H2, L2.H3",2067,0.0,0.0,0.0,0.0,0.0,0.0
3,answer_0_248,"L1.H3, L2.H0, L2.H1, L2.H2, L2.H3",2067,0.0,0.0,0.0,0.0,0.0,0.0
3,answer_0_249,"L1.H0, L1.H3, L2.H0, L2.H1, L2.H2, L2.H3",2067,0.0,0.0,0.0,0.0,0.0,0.0
3,answer_0_250,"L1.H1, L1.H3, L2.H0, L2.H1, L2.H2, L2.H3",2067,0.0,0.0,0.0,0.0,0.0,0.0
3,answer_0_251,"L1.H0, L1.H1, L1.H3, L2.H0, L2.H1, L2.H2, L2.H3",2067,0.0,0.0,0.0,0.0,0.0,0.0
3,answer_0_252,"L1.H2, L1.H3, L2.H0, L2.H1, L2.H2, L2.H3",2067,0.0,0.0,0.0,0.0,0.0,0.0
3,answer_0_253,"L1.H0, L1.H2, L1.H3, L2.H0, L2.H1, L2.H2, L2.H3",2067,0.0,0.0,0.0,0.0,0.0,0.0
3,answer_0_254,"L1.H1, L1.H2, L1.H3, L2.H0, L2.H1, L2.H2, L2.H3",2067,0.0,0.0,0.0,0.0,0.0,0.0
3,answer_0_255,"L1.H0, L1.H1, L1.H2, L1.H3, L2.H0, L2.H1, L2.H2, L2.H3",2067,0.0,0.0,0.0,0.0,0.0,0.0
3,answer_1_000,none,2067,0.08176100628930817,0.08176100628930817,0.08176100628930817,0.07208940257608736,0.09193181831915853,0.08176100628930817
3,answer_1_001,L1.H0,2067,0.0822447992259313,0.0822447992259313,0.0822447992259313,0.07278632076986662,0.0927358313148573,0.08200290275761973
3,answer_1_002,L1.H1,2067,0.08127721335268505,0.08127721335268505,0.08127721335268505,0.07153352645821084,0.09135835407271044,0.08127721335268505
3,answer_1_003,"L1.H0, L1.H1",2067,0.08176100628930817,0.0803096274794388,0.08103531688437349,0.07142683181407,0.09154047052131668,0.08006773101112724
3,answer_1_004,L1.H2,2067,0.07982583454281568,0.07934204160619256,0.07958393807450412,0.06998046603122504,0.08961870236068449,0.08079342041606193
3,answer_1_008,L1.H3,2067,0.0803096274794388,0.08079342041606193,0.08055152394775036,0.07060389889117473,0.09079667389629291,0.08151910982099661
3,answer_1_015,"L1.H0, L1.H1, L1.H2, L1.H3",2067,0.07692307692307693,0.07692307692307693,0.07692307692307693,0.06721698068809401,0.087245954334496,0.0757135945815191
3,answer_1_016,L2.H0,2067,0.0706337687469763,0.07014997581035316,0.07039187227866474,0.060243103529301185,0.08034067951590357,0.102322206095791
3,answer_1_032,L2.H1,2067,0.6511852926947267,0.6492501209482342,0.6502177068214804,0.6358638314288837,0.664874339566985,0.06676342525399129
3,answer_1_033,"L1.H0, L2.H1",2067,0.648766328011611,0.6477987421383647,0.6482825350749879,0.6338113459376316,0.6628243457107512,0.06700532172230285
3,answer_1_042,"L1.H1, L1.H3, L2.H1",2067,0.648766328011611,0.6497339138848572,0.6492501209482342,0.6351981006005918,0.663736030137585,0.06555394291243348
3,answer_1_043,"L1.H0, L1.H1, L1.H3, L2.H1",2067,0.6482825350749879,0.6477987421383647,0.6480406386066764,0.6338093889050609,0.6626336897772915,0.0648282535074988
3,answer_1_047,"L1.H0, L1.H1, L1.H2, L1.H3, L2.H1",2067,0.6492501209482342,0.6448959845186261,0.6470730527334301,0.6329609577785035,0.6614942574492987,0.06265118529269473
3,answer_1_064,L2.H2,2067,0.09095307208514755,0.08901790033865506,0.0899854862119013,0.08023074386050802,0.10034442457868921,0.0803096274794388
3,answer_1_065,"L1.H0, L2.H2",2067,0.08901790033865506,0.08853410740203194,0.0887760038703435,0.07868108767711751,0.09995269286754002,0.0783744557329463
3,answer_1_074,"L1.H1, L1.H3, L2.H2",2067,0.08611514271891631,0.08611514271891631,0.08611514271891631,0.0757929709813945,0.09634256538348515,0.07764876632801161
3,answer_1_075,"L1.H0, L1.H1, L1.H3, L2.H2",2067,0.0841799709724238,0.08466376390904692,0.08442186744073536,0.07401869466117296,0.09494719078307445,0.07474600870827286
3,answer_1_079,"L1.H0, L1.H1, L1.H2, L1.H3, L2.H2",2067,0.08369617803580068,0.0822447992259313,0.082970488630866,0.07275356995189403,0.09356949733103818,0.07305273343009192
3,answer_1_096,"L2.H1, L2.H2",2067,0.6463473633284954,0.6468311562651186,0.6465892597968069,0.632602079557145,0.6603962397004994,0.06966618287373004
3,answer_1_097,"L1.H0, L2.H1, L2.H2",2067,0.6453797774552491,0.6468311562651186,0.6461054668601839,0.6321808365805842,0.6598787161672712,0.06966618287373004
3,answer_1_098,"L1.H1, L2.H1, L2.H2",2067,0.6468311562651186,0.6477987421383647,0.6473149492017417,0.6333637119939015,0.661119150988905,0.06966618287373004
3,answer_1_099,"L1.H0, L1.H1, L2.H1, L2.H2",2067,0.6453797774552491,0.6473149492017417,0.6463473633284954,0.6322609479590309,0.6600976091413411,0.06894049346879536
3,answer_1_103,"L1.H0, L1.H1, L1.H2, L2.H1, L2.H2",2067,0.6453797774552491,0.6439283986453798,0.6446540880503144,0.6306838479627385,0.6583430361891188,0.06700532172230285
3,answer_1_104,"L1.H3, L2.H1, L2.H2",2067,0.6463473633284954,0.6477987421383647,0.6470730527334301,0.6331695808917647,0.6609400447184293,0.0686985970004838
3,answer_1_105,"L1.H0, L1.H3, L2.H1, L2.H2",2067,0.6434446057087566,0.6473149492017417,0.6453797774552491,0.6314203401940053,0.6593116153479426,0.06845670053217223
3,answer_1_106,"L1.H1, L1.H3, L2.H1, L2.H2",2067,0.6453797774552491,0.6477987421383647,0.6465892597968069,0.6326379735410352,0.660450578444951,0.0686985970004838
3,answer_1_107,"L1.H0, L1.H1, L1.H3, L2.H1, L2.H2",2067,0.6429608127721336,0.6477987421383647,0.6453797774552491,0.6314766580050788,0.6592471663829672,0.06797290759554911
3,answer_1_109,"L1.H0, L1.H2, L1.H3, L2.H1, L2.H2",2067,0.6429608127721336,0.6448959845186261,0.6439283986453798,0.6300806106706991,0.6576936611261823,0.06676342525399129
3,answer_1_110,"L1.H1, L1.H2, L1.H3, L2.H1, L2.H2",2067,0.6453797774552491,0.6458635703918723,0.6456216739235607,0.631866233147215,0.659417265909555,0.06724721819061441
3,answer_1_111,"L1.H0, L1.H1, L1.H2, L1.H3, L2.H1, L2.H2",2067,0.6429608127721336,0.6444121915820029,0.6436865021770682,0.6298098111539182,0.6574412575175278,0.06652152878567973
3,answer_1_127,"L1.H0, L1.H1, L1.H2, L1.H3, L2.H0, L2.H1, L2.H2",2067,0.5805515239477503,0.5679729075955491,0.5742622157716497,0.5581737672765379,0.591041179909985,0.06507014997581036
3,answer_1_128,L2.H3,2067,0.07982583454281568,0.0803096274794388,0.08006773101112724,0.07033928810982426,0.0899275214311889,0.07305273343009192
3,answer_1_175,"L1.H0, L1.H1, L1.H2, L1.H3, L2.H1, L2.H3",2067,0.6119980648282535,0.6105466860183841,0.6112723754233188,0.5963562834693543,0.6264506769825918,0.06337687469762941
3,answer_1_191,"L1.H0, L1.H1, L1.H2, L1.H3, L2.H0, L2.H1, L2.H3",2067,0.5350749879051766,0.5258829221093372,0.530478955007257,0.5136344579328824,0.54720109588003,0.0641025641025641
3,answer_1_207,"L1.H0, L1.H1, L1.H2, L1.H3, L2.H2, L2.H3",2067,0.07740686985970005,0.08079342041606193,0.07910014513788098,0.06952183184517116,0.08947943023748667,0.06845670053217223
3,answer_1_223,"L1.H0, L1.H1, L1.H2, L1.H3, L2.H0, L2.H2, L2.H3",2067,0.06579583938074504,0.06434446057087566,0.06507014997581036,0.05604200434467371,0.07465869033000974,0.10159651669085631
3,answer_1_231,"L1.H0, L1.H1, L1.H2, L2.H1, L2.H2, L2.H3",2067,0.5999032414126754,0.6057087566521528,0.6028059990324142,0.5872161407932849,0.6184787096431229,0.0641025641025641
3,answer_1_235,"L1.H0, L1.H1, L1.H3, L2.H1, L2.H2, L2.H3",2067,0.6047411707789067,0.6066763425253991,0.6057087566521528,0.5907268139581444,0.6210538937271236,0.06434446057087566
3,answer_1_237,"L1.H0, L1.H2, L1.H3, L2.H1, L2.H2, L2.H3",2067,0.6018384131591679,0.6047411707789067,0.6032897919690372,0.587799043062201,0.618913704057448,0.0641025641025641
3,answer_1_238,"L1.H1, L1.H2, L1.H3, L2.H1, L2.H2, L2.H3",2067,0.6008708272859217,0.6047411707789067,0.6028059990324142,0.5878891395516438,0.6182087074569711,0.0641025641025641
3,answer_1_239,"L1.H0, L1.H1, L1.H2, L1.H3, L2.H1, L2.H2, L2.H3",2067,0.6013546202225447,0.6052249637155298,0.6032897919690372,0.5881768792179938,0.6186120925464279,0.06386066763425254
3,answer_1_240,"L2.H0, L2.H1, L2.H2, L2.H3",2067,0.5423318819545234,0.5428156748911466,0.542573778422835,0.5265138435624803,0.5589796005546681,0.06507014997581036
3,answer_1_247,"L1.H0, L1.H1, L1.H2, L2.H0, L2.H1, L2.H2, L2.H3",2067,0.5423318819545234,0.5423318819545234,0.5423318819545234,0.5261109765288544,0.5585056025975679,0.06531204644412192
3,answer_1_251,"L1.H0, L1.H1, L1.H3, L2.H0, L2.H1, L2.H2, L2.H3",2067,0.5418480890179004,0.5428156748911466,0.5423318819545234,0.525817075025123,0.5582731762917933,0.0648282535074988
3,answer_1_253,"L1.H0, L1.H2, L1.H3, L2.H0, L2.H1, L2.H2, L2.H3",2067,0.5423318819545234,0.5423318819545234,0.5423318819545234,0.525683032362101,0.5583221320617711,0.0648282535074988
3,answer_1_254,"L1.H1, L1.H2, L1.H3, L2.H0, L2.H1, L2.H2, L2.H3",2067,0.5418480890179004,0.5428156748911466,0.5423318819545234,0.5257683447438602,0.5585652591676747,0.06434446057087566
3,answer_1_255,"L1.H0, L1.H1, L1.H2, L1.H3, L2.H0, L2.H1, L2.H2, L2.H3",2067,0.5418480890179004,0.5428156748911466,0.5423318819545234,0.5260133887054755,0.5583221320617711,0.0648282535074988
3,all_0_000,none,2067,0.0,0.0,0.0,0.0,0.0,0.0
3,all_0_001,L1.H0,2067,0.0,0.0,0.0,0.0,0.0,0.0
3,all_0_002,L1.H1,2067,0.0,0.0,0.0,0.0,0.0,0.0
3,all_0_003,"L1.H0, L1.H1",2067,0.0,0.0,0.0,0.0,0.0,0.0
3,all_0_004,L1.H2,2067,0.0,0.0,0.0,0.0,0.0,0.0
3,all_0_005,"L1.H0, L1.H2",2067,0.0,0.0,0.0,0.0,0.0,0.0
3,all_0_006,"L1.H1, L1.H2",2067,0.0,0.0,0.0,0.0,0.0,0.0
3,all_0_007,"L1.H0, L1.H1, L1.H2",2067,0.0,0.0,0.0,0.0,0.0,0.0
3,all_0_008,L1.H3,2067,0.0,0.0,0.0,0.0,0.0,0.0
3,all_0_009,"L1.H0, L1.H3",2067,0.0,0.0,0.0,0.0,0.0,0.0
3,all_0_010,"L1.H1, L1.H3",2067,0.0,0.0,0.0,0.0,0.0,0.0
3,all_0_011,"L1.H0, L1.H1, L1.H3",2067,0.0,0.0,0.0,0.0,0.0,0.0
3,all_0_012,"L1.H2, L1.H3",2067,0.0,0.0,0.0,0.0,0.0,0.0
3,all_0_013,"L1.H0, L1.H2, L1.H3",2067,0.0,0.0,0.0,0.0,0.0,0.0
3,all_0_014,"L1.H1, L1.H2, L1.H3",2067,0.0,0.0,0.0,0.0,0.0,0.0
3,all_0_015,"L1.H0, L1.H1, L1.H2, L1.H3",2067,0.0,0.0,0.0,0.0,0.0,0.0
3,all_0_016,L2.H0,2067,0.0,0.0,0.0,0.0,0.0,0.0
3,all_0_017,"L1.H0, L2.H0",2067,0.0,0.0,0.0,0.0,0.0,0.0
3,all_0_018,"L1.H1, L2.H0",2067,0.0,0.0,0.0,0.0,0.0,0.0
3,all_0_019,"L1.H0, L1.H1, L2.H0",2067,0.0,0.0,0.0,0.0,0.0,0.0
3,all_0_020,"L1.H2, L2.H0",2067,0.0,0.0,0.0,0.0,0.0,0.0
3,all_0_021,"L1.H0, L1.H2, L2.H0",2067,0.0,0.0,0.0,0.0,0.0,0.0
3,all_0_022,"L1.H1, L1.H2, L2.H0",2067,0.0,0.0,0.0,0.0,0.0,0.0
3,all_0_023,"L1.H0, L1.H1, L1.H2, L2.H0",2067,0.0,0.0,0.0,0.0,0.0,0.0
3,all_0_024,"L1.H3, L2.H0",2067,0.0,0.0,0.0,0.0,0.0,0.0
3,all_0_025,"L1.H0, L1.H3, L2.H0",2067,0.0,0.0,0.0,0.0,0.0,0.0
3,all_0_026,"L1.H1, L1.H3, L2.H0",2067,0.0,0.0,0.0,0.0,0.0,0.0
3,all_0_027,"L1.H0, L1.H1, L1.H3, L2.H0",2067,0.0,0.0,0.0,0.0,0.0,0.0
3,all_0_028,"L1.H2, L1.H3, L2.H0",2067,0.0,0.0,0.0,0.0,0.0,0.0
3,all_0_029,"L1.H0, L1.H2, L1.H3, L2.H0",2067,0.0,0.0,0.0,0.0,0.0,0.0
3,all_0_030,"L1.H1, L1.H2, L1.H3, L2.H0",2067,0.0,0.0,0.0,0.0,0.0,0.0
3,all_0_031,"L1.H0, L1.H1, L1.H2, L1.H3, L2.H0",2067,0.0,0.0,0.0,0.0,0.0,0.0
3,all_0_032,L2.H1,2067,0.0,0.0,0.0,0.0,0.0,0.0
3,all_0_033,"L1.H0, L2.H1",2067,0.0,0.0,0.0,0.0,0.0,0.0
3,all_0_034,"L1.H1, L2.H1",2067,0.0,0.0,0.0,0.0,0.0,0.0
3,all_0_035,"L1.H0, L1.H1, L2.H1",2067,0.0,0.0,0.0,0.0,0.0,0.0
3,all_0_036,"L1.H2, L2.H1",2067,0.0,0.0,0.0,0.0,0.0,0.0
3,all_0_037,"L1.H0, L1.H2, L2.H1",2067,0.0,0.0,0.0,0.0,0.0,0.0
3,all_0_038,"L1.H1, L1.H2, L2.H1",2067,0.0,0.0,0.0,0.0,0.0,0.0
3,all_0_039,"L1.H0, L1.H1, L1.H2, L2.H1",2067,0.0,0.0,0.0,0.0,0.0,0.0
3,all_0_040,"L1.H3, L2.H1",2067,0.0,0.0,0.0,0.0,0.0,0.0
3,all_0_041,"L1.H0, L1.H3, L2.H1",2067,0.0,0.0,0.0,0.0,0.0,0.0
3,all_0_042,"L1.H1, L1.H3, L2.H1",2067,0.0,0.0,0.0,0.0,0.0,0.0
3,all_0_043,"L1.H0, L1.H1, L1.H3, L2.H1",2067,0.0,0.0,0.0,0.0,0.0,0.0
3,all_0_044,"L1.H2, L1.H3, L2.H1",2067,0.0,0.0,0.0,0.0,0.0,0.0
3,all_0_045,"L1.H0, L1.H2, L1.H3, L2.H1",2067,0.0,0.0,0.0,0.0,0.0,0.0
3,all_0_046,"L1.H1, L1.H2, L1.H3, L2.H1",2067,0.0,0.0,0.0,0.0,0.0,0.0
3,all_0_047,"L1.H0, L1.H1, L1.H2, L1.H3, L2.H1",2067,0.0,0.0,0.0,0.0,0.0,0.0
3,all_0_048,"L2.H0, L2.H1",2067,0.0,0.0,0.0,0.0,0.0,0.0
3,all_0_049,"L1.H0, L2.H0, L2.H1",2067,0.0,0.0,0.0,0.0,0.0,0.0
3,all_0_050,"L1.H1, L2.H0, L2.H1",2067,0.0,0.0,0.0,0.0,0.0,0.0
3,all_0_051,"L1.H0, L1.H1, L2.H0, L2.H1",2067,0.0,0.0,0.0,0.0,0.0,0.0
3,all_0_052,"L1.H2, L2.H0, L2.H1",2067,0.0,0.0,0.0,0.0,0.0,0.0
3,all_0_053,"L1.H0, L1.H2, L2.H0, L2.H1",2067,0.0,0.0,0.0,0.0,0.0,0.0
3,all_0_054,"L1.H1, L1.H2, L2.H0, L2.H1",2067,0.0,0.0,0.0,0.0,0.0,0.0
3,all_0_055,"L1.H0, L1.H1, L1.H2, L2.H0, L2.H1",2067,0.0,0.0,0.0,0.0,0.0,0.0
3,all_0_056,"L1.H3, L2.H0, L2.H1",2067,0.0,0.0,0.0,0.0,0.0,0.0
3,all_0_057,"L1.H0, L1.H3, L2.H0, L2.H1",2067,0.0,0.0,0.0,0.0,0.0,0.0
3,all_0_058,"L1.H1, L1.H3, L2.H0, L2.H1",2067,0.0,0.0,0.0,0.0,0.0,0.0
3,all_0_059,"L1.H0, L1.H1, L1.H3, L2.H0, L2.H1",2067,0.0,0.0,0.0,0.0,0.0,0.0
3,all_0_060,"L1.H2, L1.H3, L2.H0, L2.H1",2067,0.0,0.0,0.0,0.0,0.0,0.0
3,all_0_061,"L1.H0, L1.H2, L1.H3, L2.H0, L2.H1",2067,0.0,0.0,0.0,0.0,0.0,0.0
3,all_0_062,"L1.H1, L1.H2, L1.H3, L2.H0, L2.H1",2067,0.0,0.0,0.0,0.0,0.0,0.0
3,all_0_063,"L1.H0, L1.H1, L1.H2, L1.H3, L2.H0, L2.H1",2067,0.0,0.0,0.0,0.0,0.0,0.0
3,all_0_064,L2.H2,2067,0.0,0.0,0.0,0.0,0.0,0.0
3,all_0_065,"L1.H0, L2.H2",2067,0.0,0.0,0.0,0.0,0.0,0.0
3,all_0_066,"L1.H1, L2.H2",2067,0.0,0.0,0.0,0.0,0.0,0.0
3,all_0_067,"L1.H0, L1.H1, L2.H2",2067,0.0,0.0,0.0,0.0,0.0,0.0
3,all_0_068,"L1.H2, L2.H2",2067,0.0,0.0,0.0,0.0,0.0,0.0
3,all_0_069,"L1.H0, L1.H2, L2.H2",2067,0.0,0.0,0.0,0.0,0.0,0.0
3,all_0_070,"L1.H1, L1.H2, L2.H2",2067,0.0,0.0,0.0,0.0,0.0,0.0
3,all_0_071,"L1.H0, L1.H1, L1.H2, L2.H2",2067,0.0,0.0,0.0,0.0,0.0,0.0
3,all_0_072,"L1.H3, L2.H2",2067,0.0,0.0,0.0,0.0,0.0,0.0
3,all_0_073,"L1.H0, L1.H3, L2.H2",2067,0.0,0.0,0.0,0.0,0.0,0.0
3,all_0_074,"L1.H1, L1.H3, L2.H2",2067,0.0,0.0,0.0,0.0,0.0,0.0
3,all_0_075,"L1.H0, L1.H1, L1.H3, L2.H2",2067,0.0,0.0,0.0,0.0,0.0,0.0
3,all_0_076,"L1.H2, L1.H3, L2.H2",2067,0.0,0.0,0.0,0.0,0.0,0.0
3,all_0_077,"L1.H0, L1.H2, L1.H3, L2.H2",2067,0.0,0.0,0.0,0.0,0.0,0.0
3,all_0_078,"L1.H1, L1.H2, L1.H3, L2.H2",2067,0.0,0.0,0.0,0.0,0.0,0.0
3,all_0_079,"L1.H0, L1.H1, L1.H2, L1.H3, L2.H2",2067,0.0,0.0,0.0,0.0,0.0,0.0
3,all_0_080,"L2.H0, L2.H2",2067,0.0,0.0,0.0,0.0,0.0,0.0
3,all_0_081,"L1.H0, L2.H0, L2.H2",2067,0.0,0.0,0.0,0.0,0.0,0.0
3,all_0_082,"L1.H1, L2.H0, L2.H2",2067,0.0,0.0,0.0,0.0,0.0,0.0
3,all_0_083,"L1.H0, L1.H1, L2.H0, L2.H2",2067,0.0,0.0,0.0,0.0,0.0,0.0
3,all_0_084,"L1.H2, L2.H0, L2.H2",2067,0.0,0.0,0.0,0.0,0.0,0.0
3,all_0_085,"L1.H0, L1.H2, L2.H0, L2.H2",2067,0.0,0.0,0.0,0.0,0.0,0.0
3,all_0_086,"L1.H1, L1.H2, L2.H0, L2.H2",2067,0.0,0.0,0.0,0.0,0.0,0.0
3,all_0_087,"L1.H0, L1.H1, L1.H2, L2.H0, L2.H2",2067,0.0,0.0,0.0,0.0,0.0,0.0
3,all_0_088,"L1.H3, L2.H0, L2.H2",2067,0.0,0.0,0.0,0.0,0.0,0.0
3,all_0_089,"L1.H0, L1.H3, L2.H0, L2.H2",2067,0.0,0.0,0.0,0.0,0.0,0.0
3,all_0_090,"L1.H1, L1.H3, L2.H0, L2.H2",2067,0.0,0.0,0.0,0.0,0.0,0.0
3,all_0_091,"L1.H0, L1.H1, L1.H3, L2.H0, L2.H2",2067,0.0,0.0,0.0,0.0,0.0,0.0
3,all_0_092,"L1.H2, L1.H3, L2.H0, L2.H2",2067,0.0,0.0,0.0,0.0,0.0,0.0
3,all_0_093,"L1.H0, L1.H2, L1.H3, L2.H0, L2.H2",2067,0.0,0.0,0.0,0.0,0.0,0.0
3,all_0_094,"L1.H1, L1.H2, L1.H3, L2.H0, L2.H2",2067,0.0,0.0,0.0,0.0,0.0,0.0
3,all_0_095,"L1.H0, L1.H1, L1.H2, L1.H3, L2.H0, L2.H2",2067,0.0,0.0,0.0,0.0,0.0,0.0
3,all_0_096,"L2.H1, L2.H2",2067,0.0,0.0,0.0,0.0,0.0,0.0
3,all_0_097,"L1.H0, L2.H1, L2.H2",2067,0.0,0.0,0.0,0.0,0.0,0.0
3,all_0_098,"L1.H1, L2.H1, L2.H2",2067,0.0,0.0,0.0,0.0,0.0,0.0
3,all_0_099,"L1.H0, L1.H1, L2.H1, L2.H2",2067,0.0,0.0,0.0,0.0,0.0,0.0
3,all_0_100,"L1.H2, L2.H1, L2.H2",2067,0.0,0.0,0.0,0.0,0.0,0.0
3,all_0_101,"L1.H0, L1.H2, L2.H1, L2.H2",2067,0.0,0.0,0.0,0.0,0.0,0.0
3,all_0_102,"L1.H1, L1.H2, L2.H1, L2.H2",2067,0.0,0.0,0.0,0.0,0.0,0.0
3,all_0_103,"L1.H0, L1.H1, L1.H2, L2.H1, L2.H2",2067,0.0,0.0,0.0,0.0,0.0,0.0
3,all_0_104,"L1.H3, L2.H1, L2.H2",2067,0.0,0.0,0.0,0.0,0.0,0.0
3,all_0_105,"L1.H0, L1.H3, L2.H1, L2.H2",2067,0.0,0.0,0.0,0.0,0.0,0.0
3,all_0_106,"L1.H1, L1.H3, L2.H1, L2.H2",2067,0.0,0.0,0.0,0.0,0.0,0.0
3,all_0_107,"L1.H0, L1.H1, L1.H3, L2.H1, L2.H2",2067,0.0,0.0,0.0,0.0,0.0,0.0
3,all_0_108,"L1.H2, L1.H3, L2.H1, L2.H2",2067,0.0,0.0,0.0,0.0,0.0,0.0
3,all_0_109,"L1.H0, L1.H2, L1.H3, L2.H1, L2.H2",2067,0.0,0.0,0.0,0.0,0.0,0.0
3,all_0_110,"L1.H1, L1.H2, L1.H3, L2.H1, L2.H2",2067,0.0,0.0,0.0,0.0,0.0,0.0
3,all_0_111,"L1.H0, L1.H1, L1.H2, L1.H3, L2.H1, L2.H2",2067,0.0,0.0,0.0,0.0,0.0,0.0
3,all_0_112,"L2.H0, L2.H1, L2.H2",2067,0.0,0.0,0.0,0.0,0.0,0.0
3,all_0_113,"L1.H0, L2.H0, L2.H1, L2.H2",2067,0.0,0.0,0.0,0.0,0.0,0.0
3,all_0_114,"L1.H1, L2.H0, L2.H1, L2.H2",2067,0.0,0.0,0.0,0.0,0.0,0.0
3,all_0_115,"L1.H0, L1.H1, L2.H0, L2.H1, L2.H2",2067,0.0,0.0,0.0,0.0,0.0,0.0
3,all_0_116,"L1.H2, L2.H0, L2.H1, L2.H2",2067,0.0,0.0,0.0,0.0,0.0,0.0
3,all_0_117,"L1.H0, L1.H2, L2.H0, L2.H1, L2.H2",2067,0.0,0.0,0.0,0.0,0.0,0.0
3,all_0_118,"L1.H1, L1.H2, L2.H0, L2.H1, L2.H2",2067,0.0,0.0,0.0,0.0,0.0,0.0
3,all_0_119,"L1.H0, L1.H1, L1.H2, L2.H0, L2.H1, L2.H2",2067,0.0,0.0,0.0,0.0,0.0,0.0
3,all_0_120,"L1.H3, L2.H0, L2.H1, L2.H2",2067,0.0,0.0,0.0,0.0,0.0,0.0
3,all_0_121,"L1.H0, L1.H3, L2.H0, L2.H1, L2.H2",2067,0.0,0.0,0.0,0.0,0.0,0.0
3,all_0_122,"L1.H1, L1.H3, L2.H0, L2.H1, L2.H2",2067,0.0,0.0,0.0,0.0,0.0,0.0
3,all_0_123,"L1.H0, L1.H1, L1.H3, L2.H0, L2.H1, L2.H2",2067,0.0,0.0,0.0,0.0,0.0,0.0
3,all_0_124,"L1.H2, L1.H3, L2.H0, L2.H1, L2.H2",2067,0.0,0.0,0.0,0.0,0.0,0.0
3,all_0_125,"L1.H0, L1.H2, L1.H3, L2.H0, L2.H1, L2.H2",2067,0.0,0.0,0.0,0.0,0.0,0.0
3,all_0_126,"L1.H1, L1.H2, L1.H3, L2.H0, L2.H1, L2.H2",2067,0.0,0.0,0.0,0.0,0.0,0.0
3,all_0_127,"L1.H0, L1.H1, L1.H2, L1.H3, L2.H0, L2.H1, L2.H2",2067,0.0,0.0,0.0,0.0,0.0,0.0
3,all_0_128,L2.H3,2067,0.0,0.0,0.0,0.0,0.0,0.0
3,all_0_129,"L1.H0, L2.H3",2067,0.0,0.0,0.0,0.0,0.0,0.0
3,all_0_130,"L1.H1, L2.H3",2067,0.0,0.0,0.0,0.0,0.0,0.0
3,all_0_131,"L1.H0, L1.H1, L2.H3",2067,0.0,0.0,0.0,0.0,0.0,0.0
3,all_0_132,"L1.H2, L2.H3",2067,0.0,0.0,0.0,0.0,0.0,0.0
3,all_0_133,"L1.H0, L1.H2, L2.H3",2067,0.0,0.0,0.0,0.0,0.0,0.0
3,all_0_134,"L1.H1, L1.H2, L2.H3",2067,0.0,0.0,0.0,0.0,0.0,0.0
3,all_0_135,"L1.H0, L1.H1, L1.H2, L2.H3",2067,0.0,0.0,0.0,0.0,0.0,0.0
3,all_0_136,"L1.H3, L2.H3",2067,0.0,0.0,0.0,0.0,0.0,0.0
3,all_0_137,"L1.H0, L1.H3, L2.H3",2067,0.0,0.0,0.0,0.0,0.0,0.0
3,all_0_138,"L1.H1, L1.H3, L2.H3",2067,0.0,0.0,0.0,0.0,0.0,0.0
3,all_0_139,"L1.H0, L1.H1, L1.H3, L2.H3",2067,0.0,0.0,0.0,0.0,0.0,0.0
3,all_0_140,"L1.H2, L1.H3, L2.H3",2067,0.0,0.0,0.0,0.0,0.0,0.0
3,all_0_141,"L1.H0, L1.H2, L1.H3, L2.H3",2067,0.0,0.0,0.0,0.0,0.0,0.0
3,all_0_142,"L1.H1, L1.H2, L1.H3, L2.H3",2067,0.0,0.0,0.0,0.0,0.0,0.0
3,all_0_143,"L1.H0, L1.H1, L1.H2, L1.H3, L2.H3",2067,0.0,0.0,0.0,0.0,0.0,0.0
3,all_0_144,"L2.H0, L2.H3",2067,0.0,0.0,0.0,0.0,0.0,0.0
3,all_0_145,"L1.H0, L2.H0, L2.H3",2067,0.0,0.0,0.0,0.0,0.0,0.0
3,all_0_146,"L1.H1, L2.H0, L2.H3",2067,0.0,0.0,0.0,0.0,0.0,0.0
3,all_0_147,"L1.H0, L1.H1, L2.H0, L2.H3",2067,0.0,0.0,0.0,0.0,0.0,0.0
3,all_0_148,"L1.H2, L2.H0, L2.H3",2067,0.0,0.0,0.0,0.0,0.0,0.0
3,all_0_149,"L1.H0, L1.H2, L2.H0, L2.H3",2067,0.0,0.0,0.0,0.0,0.0,0.0
3,all_0_150,"L1.H1, L1.H2, L2.H0, L2.H3",2067,0.0,0.0,0.0,0.0,0.0,0.0
3,all_0_151,"L1.H0, L1.H1, L1.H2, L2.H0, L2.H3",2067,0.0,0.0,0.0,0.0,0.0,0.0
3,all_0_152,"L1.H3, L2.H0, L2.H3",2067,0.0,0.0,0.0,0.0,0.0,0.0
3,all_0_153,"L1.H0, L1.H3, L2.H0, L2.H3",2067,0.0,0.0,0.0,0.0,0.0,0.0
3,all_0_154,"L1.H1, L1.H3, L2.H0, L2.H3",2067,0.0,0.0,0.0,0.0,0.0,0.0
3,all_0_155,"L1.H0, L1.H1, L1.H3, L2.H0, L2.H3",2067,0.0,0.0,0.0,0.0,0.0,0.0
3,all_0_156,"L1.H2, L1.H3, L2.H0, L2.H3",2067,0.0,0.0,0.0,0.0,0.0,0.0
3,all_0_157,"L1.H0, L1.H2, L1.H3, L2.H0, L2.H3",2067,0.0,0.0,0.0,0.0,0.0,0.0
3,all_0_158,"L1.H1, L1.H2, L1.H3, L2.H0, L2.H3",2067,0.0,0.0,0.0,0.0,0.0,0.0
3,all_0_159,"L1.H0, L1.H1, L1.H2, L1.H3, L2.H0, L2.H3",2067,0.0,0.0,0.0,0.0,0.0,0.0
3,all_0_160,"L2.H1, L2.H3",2067,0.0,0.0,0.0,0.0,0.0,0.0
3,all_0_161,"L1.H0, L2.H1, L2.H3",2067,0.0,0.0,0.0,0.0,0.0,0.0
3,all_0_162,"L1.H1, L2.H1, L2.H3",2067,0.0,0.0,0.0,0.0,0.0,0.0
3,all_0_163,"L1.H0, L1.H1, L2.H1, L2.H3",2067,0.0,0.0,0.0,0.0,0.0,0.0
3,all_0_164,"L1.H2, L2.H1, L2.H3",2067,0.0,0.0,0.0,0.0,0.0,0.0
3,all_0_165,"L1.H0, L1.H2, L2.H1, L2.H3",2067,0.0,0.0,0.0,0.0,0.0,0.0
3,all_0_166,"L1.H1, L1.H2, L2.H1, L2.H3",2067,0.0,0.0,0.0,0.0,0.0,0.0
3,all_0_167,"L1.H0, L1.H1, L1.H2, L2.H1, L2.H3",2067,0.0,0.0,0.0,0.0,0.0,0.0
3,all_0_168,"L1.H3, L2.H1, L2.H3",2067,0.0,0.0,0.0,0.0,0.0,0.0
3,all_0_169,"L1.H0, L1.H3, L2.H1, L2.H3",2067,0.0,0.0,0.0,0.0,0.0,0.0
3,all_0_170,"L1.H1, L1.H3, L2.H1, L2.H3",2067,0.0,0.0,0.0,0.0,0.0,0.0
3,all_0_171,"L1.H0, L1.H1, L1.H3, L2.H1, L2.H3",2067,0.0,0.0,0.0,0.0,0.0,0.0
3,all_0_172,"L1.H2, L1.H3, L2.H1, L2.H3",2067,0.0,0.0,0.0,0.0,0.0,0.0
3,all_0_173,"L1.H0, L1.H2, L1.H3, L2.H1, L2.H3",2067,0.0,0.0,0.0,0.0,0.0,0.0
3,all_0_174,"L1.H1, L1.H2, L1.H3, L2.H1, L2.H3",2067,0.0,0.0,0.0,0.0,0.0,0.0
3,all_0_175,"L1.H0, L1.H1, L1.H2, L1.H3, L2.H1, L2.H3",2067,0.0,0.0,0.0,0.0,0.0,0.0
3,all_0_176,"L2.H0, L2.H1, L2.H3",2067,0.0,0.0,0.0,0.0,0.0,0.0
3,all_0_177,"L1.H0, L2.H0, L2.H1, L2.H3",2067,0.0,0.0,0.0,0.0,0.0,0.0
3,all_0_178,"L1.H1, L2.H0, L2.H1, L2.H3",2067,0.0,0.0,0.0,0.0,0.0,0.0
3,all_0_179,"L1.H0, L1.H1, L2.H0, L2.H1, L2.H3",2067,0.0,0.0,0.0,0.0,0.0,0.0
3,all_0_180,"L1.H2, L2.H0, L2.H1, L2.H3",2067,0.0,0.0,0.0,0.0,0.0,0.0
3,all_0_181,"L1.H0, L1.H2, L2.H0, L2.H1, L2.H3",2067,0.0,0.0,0.0,0.0,0.0,0.0
3,all_0_182,"L1.H1, L1.H2, L2.H0, L2.H1, L2.H3",2067,0.0,0.0,0.0,0.0,0.0,0.0
3,all_0_183,"L1.H0, L1.H1, L1.H2, L2.H0, L2.H1, L2.H3",2067,0.0,0.0,0.0,0.0,0.0,0.0
3,all_0_184,"L1.H3, L2.H0, L2.H1, L2.H3",2067,0.0,0.0,0.0,0.0,0.0,0.0
3,all_0_185,"L1.H0, L1.H3, L2.H0, L2.H1, L2.H3",2067,0.0,0.0,0.0,0.0,0.0,0.0
3,all_0_186,"L1.H1, L1.H3, L2.H0, L2.H1, L2.H3",2067,0.0,0.0,0.0,0.0,0.0,0.0
3,all_0_187,"L1.H0, L1.H1, L1.H3, L2.H0, L2.H1, L2.H3",2067,0.0,0.0,0.0,0.0,0.0,0.0
3,all_0_188,"L1.H2, L1.H3, L2.H0, L2.H1, L2.H3",2067,0.0,0.0,0.0,0.0,0.0,0.0
3,all_0_189,"L1.H0, L1.H2, L1.H3, L2.H0, L2.H1, L2.H3",2067,0.0,0.0,0.0,0.0,0.0,0.0
3,all_0_190,"L1.H1, L1.H2, L1.H3, L2.H0, L2.H1, L2.H3",2067,0.0,0.0,0.0,0.0,0.0,0.0
3,all_0_191,"L1.H0, L1.H1, L1.H2, L1.H3, L2.H0, L2.H1, L2.H3",2067,0.0,0.0,0.0,0.0,0.0,0.0
3,all_0_192,"L2.H2, L2.H3",2067,0.0,0.0,0.0,0.0,0.0,0.0
3,all_0_193,"L1.H0, L2.H2, L2.H3",2067,0.0,0.0,0.0,0.0,0.0,0.0
3,all_0_194,"L1.H1, L2.H2, L2.H3",2067,0.0,0.0,0.0,0.0,0.0,0.0
3,all_0_195,"L1.H0, L1.H1, L2.H2, L2.H3",2067,0.0,0.0,0.0,0.0,0.0,0.0
3,all_0_196,"L1.H2, L2.H2, L2.H3",2067,0.0,0.0,0.0,0.0,0.0,0.0
3,all_0_197,"L1.H0, L1.H2, L2.H2, L2.H3",2067,0.0,0.0,0.0,0.0,0.0,0.0
3,all_0_198,"L1.H1, L1.H2, L2.H2, L2.H3",2067,0.0,0.0,0.0,0.0,0.0,0.0
3,all_0_199,"L1.H0, L1.H1, L1.H2, L2.H2, L2.H3",2067,0.0,0.0,0.0,0.0,0.0,0.0
3,all_0_200,"L1.H3, L2.H2, L2.H3",2067,0.0,0.0,0.0,0.0,0.0,0.0
3,all_0_201,"L1.H0, L1.H3, L2.H2, L2.H3",2067,0.0,0.0,0.0,0.0,0.0,0.0
3,all_0_202,"L1.H1, L1.H3, L2.H2, L2.H3",2067,0.0,0.0,0.0,0.0,0.0,0.0
3,all_0_203,"L1.H0, L1.H1, L1.H3, L2.H2, L2.H3",2067,0.0,0.0,0.0,0.0,0.0,0.0
3,all_0_204,"L1.H2, L1.H3, L2.H2, L2.H3",2067,0.0,0.0,0.0,0.0,0.0,0.0
3,all_0_205,"L1.H0, L1.H2, L1.H3, L2.H2, L2.H3",2067,0.0,0.0,0.0,0.0,0.0,0.0
3,all_0_206,"L1.H1, L1.H2, L1.H3, L2.H2, L2.H3",2067,0.0,0.0,0.0,0.0,0.0,0.0
3,all_0_207,"L1.H0, L1.H1, L1.H2, L1.H3, L2.H2, L2.H3",2067,0.0,0.0,0.0,0.0,0.0,0.0
3,all_0_208,"L2.H0, L2.H2, L2.H3",2067,0.0,0.0,0.0,0.0,0.0,0.0
3,all_0_209,"L1.H0, L2.H0, L2.H2, L2.H3",2067,0.0,0.0,0.0,0.0,0.0,0.0
3,all_0_210,"L1.H1, L2.H0, L2.H2, L2.H3",2067,0.0,0.0,0.0,0.0,0.0,0.0
3,all_0_211,"L1.H0, L1.H1, L2.H0, L2.H2, L2.H3",2067,0.0,0.0,0.0,0.0,0.0,0.0
3,all_0_212,"L1.H2, L2.H0, L2.H2, L2.H3",2067,0.0,0.0,0.0,0.0,0.0,0.0
3,all_0_213,"L1.H0, L1.H2, L2.H0, L2.H2, L2.H3",2067,0.0,0.0,0.0,0.0,0.0,0.0
3,all_0_214,"L1.H1, L1.H2, L2.H0, L2.H2, L2.H3",2067,0.0,0.0,0.0,0.0,0.0,0.0
3,all_0_215,"L1.H0, L1.H1, L1.H2, L2.H0, L2.H2, L2.H3",2067,0.0,0.0,0.0,0.0,0.0,0.0
3,all_0_216,"L1.H3, L2.H0, L2.H2, L2.H3",2067,0.0,0.0,0.0,0.0,0.0,0.0
3,all_0_217,"L1.H0, L1.H3, L2.H0, L2.H2, L2.H3",2067,0.0,0.0,0.0,0.0,0.0,0.0
3,all_0_218,"L1.H1, L1.H3, L2.H0, L2.H2, L2.H3",2067,0.0,0.0,0.0,0.0,0.0,0.0
3,all_0_219,"L1.H0, L1.H1, L1.H3, L2.H0, L2.H2, L2.H3",2067,0.0,0.0,0.0,0.0,0.0,0.0
3,all_0_220,"L1.H2, L1.H3, L2.H0, L2.H2, L2.H3",2067,0.0,0.0,0.0,0.0,0.0,0.0
3,all_0_221,"L1.H0, L1.H2, L1.H3, L2.H0, L2.H2, L2.H3",2067,0.0,0.0,0.0,0.0,0.0,0.0
3,all_0_222,"L1.H1, L1.H2, L1.H3, L2.H0, L2.H2, L2.H3",2067,0.0,0.0,0.0,0.0,0.0,0.0
3,all_0_223,"L1.H0, L1.H1, L1.H2, L1.H3, L2.H0, L2.H2, L2.H3",2067,0.0,0.0,0.0,0.0,0.0,0.0
3,all_0_224,"L2.H1, L2.H2, L2.H3",2067,0.0,0.0,0.0,0.0,0.0,0.0
3,all_0_225,"L1.H0, L2.H1, L2.H2, L2.H3",2067,0.0,0.0,0.0,0.0,0.0,0.0
3,all_0_226,"L1.H1, L2.H1, L2.H2, L2.H3",2067,0.0,0.0,0.0,0.0,0.0,0.0
3,all_0_227,"L1.H0, L1.H1, L2.H1, L2.H2, L2.H3",2067,0.0,0.0,0.0,0.0,0.0,0.0
3,all_0_228,"L1.H2, L2.H1, L2.H2, L2.H3",2067,0.0,0.0,0.0,0.0,0.0,0.0
3,all_0_229,"L1.H0, L1.H2, L2.H1, L2.H2, L2.H3",2067,0.0,0.0,0.0,0.0,0.0,0.0
3,all_0_230,"L1.H1, L1.H2, L2.H1, L2.H2, L2.H3",2067,0.0,0.0,0.0,0.0,0.0,0.0
3,all_0_231,"L1.H0, L1.H1, L1.H2, L2.H1, L2.H2, L2.H3",2067,0.0,0.0,0.0,0.0,0.0,0.0
3,all_0_232,"L1.H3, L2.H1, L2.H2, L2.H3",2067,0.0,0.0,0.0,0.0,0.0,0.0
3,all_0_233,"L1.H0, L1.H3, L2.H1, L2.H2, L2.H3",2067,0.0,0.0,0.0,0.0,0.0,0.0
3,all_0_234,"L1.H1, L1.H3, L2.H1, L2.H2, L2.H3",2067,0.0,0.0,0.0,0.0,0.0,0.0
3,all_0_235,"L1.H0, L1.H1, L1.H3, L2.H1, L2.H2, L2.H3",2067,0.0,0.0,0.0,0.0,0.0,0.0
3,all_0_236,"L1.H2, L1.H3, L2.H1, L2.H2, L2.H3",2067,0.0,0.0,0.0,0.0,0.0,0.0
3,all_0_237,"L1.H0, L1.H2, L1.H3, L2.H1, L2.H2, L2.H3",2067,0.0,0.0,0.0,0.0,0.0,0.0
3,all_0_238,"L1.H1, L1.H2, L1.H3, L2.H1, L2.H2, L2.H3",2067,0.0,0.0,0.0,0.0,0.0,0.0
3,all_0_239,"L1.H0, L1.H1, L1.H2, L1.H3, L2.H1, L2.H2, L2.H3",2067,0.0,0.0,0.0,0.0,0.0,0.0
3,all_0_240,"L2.H0, L2.H1, L2.H2, L2.H3",2067,0.0,0.0,0.0,0.0,0.0,0.0
3,all_0_241,"L1.H0, L2.H0, L2.H1, L2.H2, L2.H3",2067,0.0,0.0,0.0,0.0,0.0,0.0
3,all_0_242,"L1.H1, L2.H0, L2.H1, L2.H2, L2.H3",2067,0.0,0.0,0.0,0.0,0.0,0.0
3,all_0_243,"L1.H0, L1.H1, L2.H0, L2.H1, L2.H2, L2.H3",2067,0.0,0.0,0.0,0.0,0.0,0.0
3,all_0_244,"L1.H2, L2.H0, L2.H1, L2.H2, L2.H3",2067,0.0,0.0,0.0,0.0,0.0,0.0
3,all_0_245,"L1.H0, L1.H2, L2.H0, L2.H1, L2.H2, L2.H3",2067,0.0,0.0,0.0,0.0,0.0,0.0
3,all_0_246,"L1.H1, L1.H2, L2.H0, L2.H1, L2.H2, L2.H3",2067,0.0,0.0,0.0,0.0,0.0,0.0
3,all_0_247,"L1.H0, L1.H1, L1.H2, L2.H0, L2.H1, L2.H2, L2.H3",2067,0.0,0.0,0.0,0.0,0.0,0.0
3,all_0_248,"L1.H3, L2.H0, L2.H1, L2.H2, L2.H3",2067,0.0,0.0,0.0,0.0,0.0,0.0
3,all_0_249,"L1.H0, L1.H3, L2.H0, L2.H1, L2.H2, L2.H3",2067,0.0,0.0,0.0,0.0,0.0,0.0
3,all_0_250,"L1.H1, L1.H3, L2.H0, L2.H1, L2.H2, L2.H3",2067,0.0,0.0,0.0,0.0,0.0,0.0
3,all_0_251,"L1.H0, L1.H1, L1.H3, L2.H0, L2.H1, L2.H2, L2.H3",2067,0.0,0.0,0.0,0.0,0.0,0.0
3,all_0_252,"L1.H2, L1.H3, L2.H0, L2.H1, L2.H2, L2.H3",2067,0.0,0.0,0.0,0.0,0.0,0.0
3,all_0_253,"L1.H0, L1.H2, L1.H3, L2.H0, L2.H1, L2.H2, L2.H3",2067,0.0,0.0,0.0,0.0,0.0,0.0
3,all_0_254,"L1.H1, L1.H2, L1.H3, L2.H0, L2.H1, L2.H2, L2.H3",2067,0.0,0.0,0.0,0.0,0.0,0.0
3,all_0_255,"L1.H0, L1.H1, L1.H2, L1.H3, L2.H0, L2.H1, L2.H2, L2.H3",2067,0.0,0.0,0.0,0.0,0.0,0.0
3,all_1_000,none,2067,0.08176100628930817,0.08176100628930817,0.08176100628930817,0.07208940257608736,0.09193181831915853,0.08176100628930817
3,all_1_001,L1.H0,2067,0.08272859216255443,0.08272859216255443,0.08272859216255443,0.07324048345988213,0.09309241143941743,0.08272859216255443
3,all_1_002,L1.H1,2067,0.08176100628930817,0.08127721335268505,0.08151910982099661,0.07176868881963039,0.09180809118251217,0.08103531688437349
3,all_1_003,"L1.H0, L1.H1",2067,0.08272859216255443,0.08176100628930817,0.0822447992259313,0.07252410345553646,0.09270801245655062,0.0822447992259313
3,all_1_004,L1.H2,2067,0.07982583454281568,0.07934204160619256,0.07958393807450412,0.06998046603122504,0.08961870236068449,0.08079342041606193
3,all_1_008,L1.H3,2067,0.08079342041606193,0.08079342041606193,0.08079342041606193,0.07077308242388229,0.09099921137950169,0.0822447992259313
3,all_1_015,"L1.H0, L1.H1, L1.H2, L1.H3",2067,0.07789066279632317,0.07789066279632317,0.07789066279632317,0.06812625621495821,0.08815135970777749,0.0764392839864538
3,all_1_016,L2.H0,2067,0.0706337687469763,0.07014997581035316,0.07039187227866474,0.060243103529301185,0.08034067951590357,0.102322206095791
3,all_1_032,L2.H1,2067,0.6511852926947267,0.6492501209482342,0.6502177068214804,0.6358638314288837,0.664874339566985,0.06676342525399129
3,all_1_033,"L1.H0, L2.H1",2067,0.648766328011611,0.6477987421383647,0.6482825350749879,0.6339106223315173,0.6628111870714093,0.06627963231736816
3,all_1_035,"L1.H0, L1.H1, L2.H1",2067,0.6482825350749879,0.648766328011611,0.6485244315432994,0.6340922349203671,0.663017852777184,0.06555394291243348
3,all_1_043,"L1.H0, L1.H1, L1.H3, L2.H1",2067,0.6458635703918723,0.648766328011611,0.6473149492017417,0.6331372591341605,0.6619788317602271,0.06434446057087566
3,all_1_047,"L1.H0, L1.H1, L1.H2, L1.H3, L2.H1",2067,0.6468311562651186,0.6458635703918723,0.6463473633284954,0.6323019888961219,0.6607406668674658,0.06265118529269473
3,all_1_064,L2.H2,2067,0.09095307208514755,0.08901790033865506,0.0899854862119013,0.08023074386050802,0.10034442457868921,0.0803096274794388
3,all_1_065,"L1.H0, L2.H2",2067,0.08901790033865506,0.08853410740203194,0.0887760038703435,0.07829754065628751,0.09985679107368928,0.07910014513788098
3,all_1_067,"L1.H0, L1.H1, L2.H2",2067,0.08853410740203194,0.0880503144654088,0.08829221093372036,0.07792687620014918,0.09922183708184422,0.07740686985970005
3,all_1_075,"L1.H0, L1.H1, L1.H3, L2.H2",2067,0.08563134978229318,0.08708272859216255,0.08635703918722787,0.07575739529646153,0.09723637496646007,0.0764392839864538
3,all_1_079,"L1.H0, L1.H1, L1.H2, L1.H3, L2.H2",2067,0.08369617803580068,0.08272859216255443,0.08321238509917755,0.07301300970331467,0.09373496854958066,0.07426221577164974
3,all_1_096,"L2.H1, L2.H2",2067,0.6463473633284954,0.6468311562651186,0.6465892597968069,0.632602079557145,0.6603962397004994,0.06966618287373004
3,all_1_097,"L1.H0, L2.H1, L2.H2",2067,0.6448959845186261,0.6463473633284954,0.6456216739235607,0.6315141432809116,0.6592924600411054,0.06918238993710692
3,all_1_098,"L1.H1, L2.H1, L2.H2",2067,0.6468311562651186,0.6477987421383647,0.6473149492017417,0.6333637119939015,0.661119150988905,0.06942428640541848
3,all_1_099,"L1.H0, L1.H1, L2.H1, L2.H2",2067,0.6458635703918723,0.6463473633284954,0.6461054668601839,0.632113483256684,0.6596703171502976,0.06845670053217223
3,all_1_103,"L1.H0, L1.H1, L1.H2, L2.H1, L2.H2",2067,0.6444121915820029,0.6424770198355104,0.6434446057087566,0.62925468843805,0.6571958535100122,0.06676342525399129
3,all_1_105,"L1.H0, L1.H3, L2.H1, L2.H2",2067,0.6434446057087566,0.6453797774552491,0.6444121915820029,0.6305801909549359,0.6582191698034603,0.06894049346879536
3,all_1_106,"L1.H1, L1.H3, L2.H1, L2.H2",2067,0.6439283986453798,0.6477987421383647,0.6458635703918723,0.6317792407760852,0.6595403016881755,0.06773101112723755
3,all_1_107,"L1.H0, L1.H1, L1.H3, L2.H1, L2.H2",2067,0.6424770198355104,0.6444121915820029,0.6434446057087566,0.6297795142937088,0.6575339272124343,0.06773101112723755
3,all_1_109,"L1.H0, L1.H2, L1.H3, L2.H1, L2.H2",2067,0.6429608127721336,0.6444121915820029,0.6436865021770682,0.6297820331344126,0.6578201646101884,0.06700532172230285
3,all_1_110,"L1.H1, L1.H2, L1.H3, L2.H1, L2.H2",2067,0.6448959845186261,0.6463473633284954,0.6456216739235607,0.6316292403248925,0.6593790066559265,0.06652152878567973
3,all_1_111,"L1.H0, L1.H1, L1.H2, L1.H3, L2.H1, L2.H2",2067,0.6419932268988873,0.6439283986453798,0.6429608127721336,0.6289688661141974,0.6571542376775524,0.06531204644412192
3,all_1_127,"L1.H0, L1.H1, L1.H2, L1.H3, L2.H0, L2.H1, L2.H2",2067,0.5800677310111272,0.5655539429124334,0.5728108369617804,0.5564361191162344,0.5895449210603082,0.0648282535074988
3,all_1_128,L2.H3,2067,0.07982583454281568,0.0803096274794388,0.08006773101112724,0.07033928810982426,0.0899275214311889,0.07305273343009192
3,all_1_175,"L1.H0, L1.H1, L1.H2, L1.H3, L2.H1, L2.H3",2067,0.6066763425253991,0.6090953072085148,0.607885824866957,0.592905940766802,0.6233161892422905,0.06289308176100629
3,all_1_191,"L1.H0, L1.H1, L1.H2, L1.H3, L2.H0, L2.H1, L2.H3",2067,0.532656023222061,0.5258829221093372,0.5292694726656991,0.5124636634276599,0.5461807457459171,0.06386066763425254
3,all_1_207,"L1.H0, L1.H1, L1.H2, L1.H3, L2.H2, L2.H3",2067,0.0745041122399613,0.08127721335268505,0.07789066279632317,0.06845216652943599,0.08790989911866194,0.06966618287373004
3,all_1_223,"L1.H0, L1.H1, L1.H2, L1.H3, L2.H0, L2.H2, L2.H3",2067,0.06676342525399129,0.0648282535074988,0.06579583938074504,0.05657093470583322,0.07517280460689388,0.10208030962747944
3,all_1_231,"L1.H0, L1.H1, L1.H2, L2.H1, L2.H2, L2.H3",2067,0.6003870343492985,0.6037735849056604,0.6020803096274795,0.5866043747652845,0.6174073565526867,0.06289308176100629
3,all_1_235,"L1.H0, L1.H1, L1.H3, L2.H1, L2.H2, L2.H3",2067,0.6003870343492985,0.6052249637155298,0.6028059990324142,0.5875663828808099,0.6182257439620348,0.06361877116594097
3,all_1_237,"L1.H0, L1.H2, L1.H3, L2.H1, L2.H2, L2.H3",2067,0.598451862602806,0.6032897919690372,0.6008708272859217,0.585402144330802,0.6164384387260406,0.06313497822931785
3,all_1_238,"L1.H1, L1.H2, L1.H3, L2.H1, L2.H2, L2.H3",2067,0.5974842767295597,0.6052249637155298,0.6013546202225447,0.5862808623511364,0.6167877457690499,0.06313497822931785
3,all_1_239,"L1.H0, L1.H1, L1.H2, L1.H3, L2.H1, L2.H2, L2.H3",2067,0.5994194484760522,0.6037735849056604,0.6015965166908563,0.5865528824970314,0.6167491741381732,0.061925495887760036
3,all_1_240,"L2.H0, L2.H1, L2.H2, L2.H3",2067,0.5423318819545234,0.5428156748911466,0.542573778422835,0.5265138435624803,0.5589796005546681,0.06507014997581036
3,all_1_247,"L1.H0, L1.H1, L1.H2, L2.H0, L2.H1, L2.H2, L2.H3",2067,0.5394291243347847,0.5394291243347847,0.5394291243347847,0.523022641468156,0.5556626622657134,0.0648282535074988
3,all_1_251,"L1.H0, L1.H1, L1.H3, L2.H0, L2.H1, L2.H2, L2.H3",2067,0.5408805031446541,0.5389453313981616,0.5399129172714079,0.5232366500661284,0.5566039979893362,0.0641025641025641
3,all_1_253,"L1.H0, L1.H2, L1.H3, L2.H0, L2.H1, L2.H2, L2.H3",2067,0.5403967102080309,0.5374939525882922,0.5389453313981616,0.5224493178109597,0.5556099746255427,0.06434446057087566
3,all_1_254,"L1.H1, L1.H2, L1.H3, L2.H0, L2.H1, L2.H2, L2.H3",2067,0.5403967102080309,0.5403967102080309,0.5403967102080309,0.5240988010450036,0.5566986262516648,0.06386066763425254
3,all_1_255,"L1.H0, L1.H1, L1.H2, L1.H3, L2.H0, L2.H1, L2.H2, L2.H3",2067,0.5403967102080309,0.5370101596516691,0.5387034349298501,0.5222003807583483,0.5554181846899903,0.06458635703918723
5,answer_0_000,none,2067,0.0,0.0,0.0,0.0,0.0,0.0
5,answer_0_001,L1.H0,2067,0.0,0.0,0.0,0.0,0.0,0.0
5,answer_0_002,L1.H1,2067,0.0,0.0,0.0,0.0,0.0,0.0
5,answer_0_003,"L1.H0, L1.H1",2067,0.0,0.0,0.0,0.0,0.0,0.0
5,answer_0_004,L1.H2,2067,0.0,0.0,0.0,0.0,0.0,0.0
5,answer_0_005,"L1.H0, L1.H2",2067,0.0,0.0,0.0,0.0,0.0,0.0
5,answer_0_006,"L1.H1, L1.H2",2067,0.0,0.0,0.0,0.0,0.0,0.0
5,answer_0_007,"L1.H0, L1.H1, L1.H2",2067,0.0,0.0,0.0,0.0,0.0,0.0
5,answer_0_008,L1.H3,2067,0.0,0.0,0.0,0.0,0.0,0.0
5,answer_0_009,"L1.H0, L1.H3",2067,0.0,0.0,0.0,0.0,0.0,0.0
5,answer_0_010,"L1.H1, L1.H3",2067,0.0,0.0,0.0,0.0,0.0,0.0
5,answer_0_011,"L1.H0, L1.H1, L1.H3",2067,0.0,0.0,0.0,0.0,0.0,0.0
5,answer_0_012,"L1.H2, L1.H3",2067,0.0,0.0,0.0,0.0,0.0,0.0
5,answer_0_013,"L1.H0, L1.H2, L1.H3",2067,0.0,0.0,0.0,0.0,0.0,0.0
5,answer_0_014,"L1.H1, L1.H2, L1.H3",2067,0.0,0.0,0.0,0.0,0.0,0.0
5,answer_0_015,"L1.H0, L1.H1, L1.H2, L1.H3",2067,0.0,0.0,0.0,0.0,0.0,0.0
5,answer_0_016,L2.H0,2067,0.0,0.0,0.0,0.0,0.0,0.0
5,answer_0_017,"L1.H0, L2.H0",2067,0.0,0.0,0.0,0.0,0.0,0.0
5,answer_0_018,"L1.H1, L2.H0",2067,0.0,0.0,0.0,0.0,0.0,0.0
5,answer_0_019,"L1.H0, L1.H1, L2.H0",2067,0.0,0.0,0.0,0.0,0.0,0.0
5,answer_0_020,"L1.H2, L2.H0",2067,0.0,0.0,0.0,0.0,0.0,0.0
5,answer_0_021,"L1.H0, L1.H2, L2.H0",2067,0.0,0.0,0.0,0.0,0.0,0.0
5,answer_0_022,"L1.H1, L1.H2, L2.H0",2067,0.0,0.0,0.0,0.0,0.0,0.0
5,answer_0_023,"L1.H0, L1.H1, L1.H2, L2.H0",2067,0.0,0.0,0.0,0.0,0.0,0.0
5,answer_0_024,"L1.H3, L2.H0",2067,0.0,0.0,0.0,0.0,0.0,0.0
5,answer_0_025,"L1.H0, L1.H3, L2.H0",2067,0.0,0.0,0.0,0.0,0.0,0.0
5,answer_0_026,"L1.H1, L1.H3, L2.H0",2067,0.0,0.0,0.0,0.0,0.0,0.0
5,answer_0_027,"L1.H0, L1.H1, L1.H3, L2.H0",2067,0.0,0.0,0.0,0.0,0.0,0.0
5,answer_0_028,"L1.H2, L1.H3, L2.H0",2067,0.0,0.0,0.0,0.0,0.0,0.0
5,answer_0_029,"L1.H0, L1.H2, L1.H3, L2.H0",2067,0.0,0.0,0.0,0.0,0.0,0.0
5,answer_0_030,"L1.H1, L1.H2, L1.H3, L2.H0",2067,0.0,0.0,0.0,0.0,0.0,0.0
5,answer_0_031,"L1.H0, L1.H1, L1.H2, L1.H3, L2.H0",2067,0.0,0.0,0.0,0.0,0.0,0.0
5,answer_0_032,L2.H1,2067,0.0,0.0,0.0,0.0,0.0,0.0
5,answer_0_033,"L1.H0, L2.H1",2067,0.0,0.0,0.0,0.0,0.0,0.0
5,answer_0_034,"L1.H1, L2.H1",2067,0.0,0.0,0.0,0.0,0.0,0.0
5,answer_0_035,"L1.H0, L1.H1, L2.H1",2067,0.0,0.0,0.0,0.0,0.0,0.0
5,answer_0_036,"L1.H2, L2.H1",2067,0.0,0.0,0.0,0.0,0.0,0.0
5,answer_0_037,"L1.H0, L1.H2, L2.H1",2067,0.0,0.0,0.0,0.0,0.0,0.0
5,answer_0_038,"L1.H1, L1.H2, L2.H1",2067,0.0,0.0,0.0,0.0,0.0,0.0
5,answer_0_039,"L1.H0, L1.H1, L1.H2, L2.H1",2067,0.0,0.0,0.0,0.0,0.0,0.0
5,answer_0_040,"L1.H3, L2.H1",2067,0.0,0.0,0.0,0.0,0.0,0.0
5,answer_0_041,"L1.H0, L1.H3, L2.H1",2067,0.0,0.0,0.0,0.0,0.0,0.0
5,answer_0_042,"L1.H1, L1.H3, L2.H1",2067,0.0,0.0,0.0,0.0,0.0,0.0
5,answer_0_043,"L1.H0, L1.H1, L1.H3, L2.H1",2067,0.0,0.0,0.0,0.0,0.0,0.0
5,answer_0_044,"L1.H2, L1.H3, L2.H1",2067,0.0,0.0,0.0,0.0,0.0,0.0
5,answer_0_045,"L1.H0, L1.H2, L1.H3, L2.H1",2067,0.0,0.0,0.0,0.0,0.0,0.0
5,answer_0_046,"L1.H1, L1.H2, L1.H3, L2.H1",2067,0.0,0.0,0.0,0.0,0.0,0.0
5,answer_0_047,"L1.H0, L1.H1, L1.H2, L1.H3, L2.H1",2067,0.0,0.0,0.0,0.0,0.0,0.0
5,answer_0_048,"L2.H0, L2.H1",2067,0.0,0.0,0.0,0.0,0.0,0.0
5,answer_0_049,"L1.H0, L2.H0, L2.H1",2067,0.0,0.0,0.0,0.0,0.0,0.0
5,answer_0_050,"L1.H1, L2.H0, L2.H1",2067,0.0,0.0,0.0,0.0,0.0,0.0
5,answer_0_051,"L1.H0, L1.H1, L2.H0, L2.H1",2067,0.0,0.0,0.0,0.0,0.0,0.0
5,answer_0_052,"L1.H2, L2.H0, L2.H1",2067,0.0,0.0,0.0,0.0,0.0,0.0
5,answer_0_053,"L1.H0, L1.H2, L2.H0, L2.H1",2067,0.0,0.0,0.0,0.0,0.0,0.0
5,answer_0_054,"L1.H1, L1.H2, L2.H0, L2.H1",2067,0.0,0.0,0.0,0.0,0.0,0.0
5,answer_0_055,"L1.H0, L1.H1, L1.H2, L2.H0, L2.H1",2067,0.0,0.0,0.0,0.0,0.0,0.0
5,answer_0_056,"L1.H3, L2.H0, L2.H1",2067,0.0,0.0,0.0,0.0,0.0,0.0
5,answer_0_057,"L1.H0, L1.H3, L2.H0, L2.H1",2067,0.0,0.0,0.0,0.0,0.0,0.0
5,answer_0_058,"L1.H1, L1.H3, L2.H0, L2.H1",2067,0.0,0.0,0.0,0.0,0.0,0.0
5,answer_0_059,"L1.H0, L1.H1, L1.H3, L2.H0, L2.H1",2067,0.0,0.0,0.0,0.0,0.0,0.0
5,answer_0_060,"L1.H2, L1.H3, L2.H0, L2.H1",2067,0.0,0.0,0.0,0.0,0.0,0.0
5,answer_0_061,"L1.H0, L1.H2, L1.H3, L2.H0, L2.H1",2067,0.0,0.0,0.0,0.0,0.0,0.0
5,answer_0_062,"L1.H1, L1.H2, L1.H3, L2.H0, L2.H1",2067,0.0,0.0,0.0,0.0,0.0,0.0
5,answer_0_063,"L1.H0, L1.H1, L1.H2, L1.H3, L2.H0, L2.H1",2067,0.0,0.0,0.0,0.0,0.0,0.0
5,answer_0_064,L2.H2,2067,0.0,0.0,0.0,0.0,0.0,0.0
5,answer_0_065,"L1.H0, L2.H2",2067,0.0,0.0,0.0,0.0,0.0,0.0
5,answer_0_066,"L1.H1, L2.H2",2067,0.0,0.0,0.0,0.0,0.0,0.0
5,answer_0_067,"L1.H0, L1.H1, L2.H2",2067,0.0,0.0,0.0,0.0,0.0,0.0
5,answer_0_068,"L1.H2, L2.H2",2067,0.0,0.0,0.0,0.0,0.0,0.0
5,answer_0_069,"L1.H0, L1.H2, L2.H2",2067,0.0,0.0,0.0,0.0,0.0,0.0
5,answer_0_070,"L1.H1, L1.H2, L2.H2",2067,0.0,0.0,0.0,0.0,0.0,0.0
5,answer_0_071,"L1.H0, L1.H1, L1.H2, L2.H2",2067,0.0,0.0,0.0,0.0,0.0,0.0
5,answer_0_072,"L1.H3, L2.H2",2067,0.0,0.0,0.0,0.0,0.0,0.0
5,answer_0_073,"L1.H0, L1.H3, L2.H2",2067,0.0,0.0,0.0,0.0,0.0,0.0
5,answer_0_074,"L1.H1, L1.H3, L2.H2",2067,0.0,0.0,0.0,0.0,0.0,0.0
5,answer_0_075,"L1.H0, L1.H1, L1.H3, L2.H2",2067,0.0,0.0,0.0,0.0,0.0,0.0
5,answer_0_076,"L1.H2, L1.H3, L2.H2",2067,0.0,0.0,0.0,0.0,0.0,0.0
5,answer_0_077,"L1.H0, L1.H2, L1.H3, L2.H2",2067,0.0,0.0,0.0,0.0,0.0,0.0
5,answer_0_078,"L1.H1, L1.H2, L1.H3, L2.H2",2067,0.0,0.0,0.0,0.0,0.0,0.0
5,answer_0_079,"L1.H0, L1.H1, L1.H2, L1.H3, L2.H2",2067,0.0,0.0,0.0,0.0,0.0,0.0
5,answer_0_080,"L2.H0, L2.H2",2067,0.0,0.0,0.0,0.0,0.0,0.0
5,answer_0_081,"L1.H0, L2.H0, L2.H2",2067,0.0,0.0,0.0,0.0,0.0,0.0
5,answer_0_082,"L1.H1, L2.H0, L2.H2",2067,0.0,0.0,0.0,0.0,0.0,0.0
5,answer_0_083,"L1.H0, L1.H1, L2.H0, L2.H2",2067,0.0,0.0,0.0,0.0,0.0,0.0
5,answer_0_084,"L1.H2, L2.H0, L2.H2",2067,0.0,0.0,0.0,0.0,0.0,0.0
5,answer_0_085,"L1.H0, L1.H2, L2.H0, L2.H2",2067,0.0,0.0,0.0,0.0,0.0,0.0
5,answer_0_086,"L1.H1, L1.H2, L2.H0, L2.H2",2067,0.0,0.0,0.0,0.0,0.0,0.0
5,answer_0_087,"L1.H0, L1.H1, L1.H2, L2.H0, L2.H2",2067,0.0,0.0,0.0,0.0,0.0,0.0
5,answer_0_088,"L1.H3, L2.H0, L2.H2",2067,0.0,0.0,0.0,0.0,0.0,0.0
5,answer_0_089,"L1.H0, L1.H3, L2.H0, L2.H2",2067,0.0,0.0,0.0,0.0,0.0,0.0
5,answer_0_090,"L1.H1, L1.H3, L2.H0, L2.H2",2067,0.0,0.0,0.0,0.0,0.0,0.0
5,answer_0_091,"L1.H0, L1.H1, L1.H3, L2.H0, L2.H2",2067,0.0,0.0,0.0,0.0,0.0,0.0
5,answer_0_092,"L1.H2, L1.H3, L2.H0, L2.H2",2067,0.0,0.0,0.0,0.0,0.0,0.0
5,answer_0_093,"L1.H0, L1.H2, L1.H3, L2.H0, L2.H2",2067,0.0,0.0,0.0,0.0,0.0,0.0
5,answer_0_094,"L1.H1, L1.H2, L1.H3, L2.H0, L2.H2",2067,0.0,0.0,0.0,0.0,0.0,0.0
5,answer_0_095,"L1.H0, L1.H1, L1.H2, L1.H3, L2.H0, L2.H2",2067,0.0,0.0,0.0,0.0,0.0,0.0
5,answer_0_096,"L2.H1, L2.H2",2067,0.0,0.0,0.0,0.0,0.0,0.0
5,answer_0_097,"L1.H0, L2.H1, L2.H2",2067,0.0,0.0,0.0,0.0,0.0,0.0
5,answer_0_098,"L1.H1, L2.H1, L2.H2",2067,0.0,0.0,0.0,0.0,0.0,0.0
5,answer_0_099,"L1.H0, L1.H1, L2.H1, L2.H2",2067,0.0,0.0,0.0,0.0,0.0,0.0
5,answer_0_100,"L1.H2, L2.H1, L2.H2",2067,0.0,0.0,0.0,0.0,0.0,0.0
5,answer_0_101,"L1.H0, L1.H2, L2.H1, L2.H2",2067,0.0,0.0,0.0,0.0,0.0,0.0
5,answer_0_102,"L1.H1, L1.H2, L2.H1, L2.H2",2067,0.0,0.0,0.0,0.0,0.0,0.0
5,answer_0_103,"L1.H0, L1.H1, L1.H2, L2.H1, L2.H2",2067,0.0,0.0,0.0,0.0,0.0,0.0
5,answer_0_104,"L1.H3, L2.H1, L2.H2",2067,0.0,0.0,0.0,0.0,0.0,0.0
5,answer_0_105,"L1.H0, L1.H3, L2.H1, L2.H2",2067,0.0,0.0,0.0,0.0,0.0,0.0
5,answer_0_106,"L1.H1, L1.H3, L2.H1, L2.H2",2067,0.0,0.0,0.0,0.0,0.0,0.0
5,answer_0_107,"L1.H0, L1.H1, L1.H3, L2.H1, L2.H2",2067,0.0,0.0,0.0,0.0,0.0,0.0
5,answer_0_108,"L1.H2, L1.H3, L2.H1, L2.H2",2067,0.0,0.0,0.0,0.0,0.0,0.0
5,answer_0_109,"L1.H0, L1.H2, L1.H3, L2.H1, L2.H2",2067,0.0,0.0,0.0,0.0,0.0,0.0
5,answer_0_110,"L1.H1, L1.H2, L1.H3, L2.H1, L2.H2",2067,0.0,0.0,0.0,0.0,0.0,0.0
5,answer_0_111,"L1.H0, L1.H1, L1.H2, L1.H3, L2.H1, L2.H2",2067,0.0,0.0,0.0,0.0,0.0,0.0
5,answer_0_112,"L2.H0, L2.H1, L2.H2",2067,0.0,0.0,0.0,0.0,0.0,0.0
5,answer_0_113,"L1.H0, L2.H0, L2.H1, L2.H2",2067,0.0,0.0,0.0,0.0,0.0,0.0
5,answer_0_114,"L1.H1, L2.H0, L2.H1, L2.H2",2067,0.0,0.0,0.0,0.0,0.0,0.0
5,answer_0_115,"L1.H0, L1.H1, L2.H0, L2.H1, L2.H2",2067,0.0,0.0,0.0,0.0,0.0,0.0
5,answer_0_116,"L1.H2, L2.H0, L2.H1, L2.H2",2067,0.0,0.0,0.0,0.0,0.0,0.0
5,answer_0_117,"L1.H0, L1.H2, L2.H0, L2.H1, L2.H2",2067,0.0,0.0,0.0,0.0,0.0,0.0
5,answer_0_118,"L1.H1, L1.H2, L2.H0, L2.H1, L2.H2",2067,0.0,0.0,0.0,0.0,0.0,0.0
5,answer_0_119,"L1.H0, L1.H1, L1.H2, L2.H0, L2.H1, L2.H2",2067,0.0,0.0,0.0,0.0,0.0,0.0
5,answer_0_120,"L1.H3, L2.H0, L2.H1, L2.H2",2067,0.0,0.0,0.0,0.0,0.0,0.0
5,answer_0_121,"L1.H0, L1.H3, L2.H0, L2.H1, L2.H2",2067,0.0,0.0,0.0,0.0,0.0,0.0
5,answer_0_122,"L1.H1, L1.H3, L2.H0, L2.H1, L2.H2",2067,0.0,0.0,0.0,0.0,0.0,0.0
5,answer_0_123,"L1.H0, L1.H1, L1.H3, L2.H0, L2.H1, L2.H2",2067,0.0,0.0,0.0,0.0,0.0,0.0
5,answer_0_124,"L1.H2, L1.H3, L2.H0, L2.H1, L2.H2",2067,0.0,0.0,0.0,0.0,0.0,0.0
5,answer_0_125,"L1.H0, L1.H2, L1.H3, L2.H0, L2.H1, L2.H2",2067,0.0,0.0,0.0,0.0,0.0,0.0
5,answer_0_126,"L1.H1, L1.H2, L1.H3, L2.H0, L2.H1, L2.H2",2067,0.0,0.0,0.0,0.0,0.0,0.0
5,answer_0_127,"L1.H0, L1.H1, L1.H2, L1.H3, L2.H0, L2.H1, L2.H2",2067,0.0,0.0,0.0,0.0,0.0,0.0
5,answer_0_128,L2.H3,2067,0.0,0.0,0.0,0.0,0.0,0.0
5,answer_0_129,"L1.H0, L2.H3",2067,0.0,0.0,0.0,0.0,0.0,0.0
5,answer_0_130,"L1.H1, L2.H3",2067,0.0,0.0,0.0,0.0,0.0,0.0
5,answer_0_131,"L1.H0, L1.H1, L2.H3",2067,0.0,0.0,0.0,0.0,0.0,0.0
5,answer_0_132,"L1.H2, L2.H3",2067,0.0,0.0,0.0,0.0,0.0,0.0
5,answer_0_133,"L1.H0, L1.H2, L2.H3",2067,0.0,0.0,0.0,0.0,0.0,0.0
5,answer_0_134,"L1.H1, L1.H2, L2.H3",2067,0.0,0.0,0.0,0.0,0.0,0.0
5,answer_0_135,"L1.H0, L1.H1, L1.H2, L2.H3",2067,0.0,0.0,0.0,0.0,0.0,0.0
5,answer_0_136,"L1.H3, L2.H3",2067,0.0,0.0,0.0,0.0,0.0,0.0
5,answer_0_137,"L1.H0, L1.H3, L2.H3",2067,0.0,0.0,0.0,0.0,0.0,0.0
5,answer_0_138,"L1.H1, L1.H3, L2.H3",2067,0.0,0.0,0.0,0.0,0.0,0.0
5,answer_0_139,"L1.H0, L1.H1, L1.H3, L2.H3",2067,0.0,0.0,0.0,0.0,0.0,0.0
5,answer_0_140,"L1.H2, L1.H3, L2.H3",2067,0.0,0.0,0.0,0.0,0.0,0.0
5,answer_0_141,"L1.H0, L1.H2, L1.H3, L2.H3",2067,0.0,0.0,0.0,0.0,0.0,0.0
5,answer_0_142,"L1.H1, L1.H2, L1.H3, L2.H3",2067,0.0,0.0,0.0,0.0,0.0,0.0
5,answer_0_143,"L1.H0, L1.H1, L1.H2, L1.H3, L2.H3",2067,0.0,0.0,0.0,0.0,0.0,0.0
5,answer_0_144,"L2.H0, L2.H3",2067,0.0,0.0,0.0,0.0,0.0,0.0
5,answer_0_145,"L1.H0, L2.H0, L2.H3",2067,0.0,0.0,0.0,0.0,0.0,0.0
5,answer_0_146,"L1.H1, L2.H0, L2.H3",2067,0.0,0.0,0.0,0.0,0.0,0.0
5,answer_0_147,"L1.H0, L1.H1, L2.H0, L2.H3",2067,0.0,0.0,0.0,0.0,0.0,0.0
5,answer_0_148,"L1.H2, L2.H0, L2.H3",2067,0.0,0.0,0.0,0.0,0.0,0.0
5,answer_0_149,"L1.H0, L1.H2, L2.H0, L2.H3",2067,0.0,0.0,0.0,0.0,0.0,0.0
5,answer_0_150,"L1.H1, L1.H2, L2.H0, L2.H3",2067,0.0,0.0,0.0,0.0,0.0,0.0
5,answer_0_151,"L1.H0, L1.H1, L1.H2, L2.H0, L2.H3",2067,0.0,0.0,0.0,0.0,0.0,0.0
5,answer_0_152,"L1.H3, L2.H0, L2.H3",2067,0.0,0.0,0.0,0.0,0.0,0.0
5,answer_0_153,"L1.H0, L1.H3, L2.H0, L2.H3",2067,0.0,0.0,0.0,0.0,0.0,0.0
5,answer_0_154,"L1.H1, L1.H3, L2.H0, L2.H3",2067,0.0,0.0,0.0,0.0,0.0,0.0
5,answer_0_155,"L1.H0, L1.H1, L1.H3, L2.H0, L2.H3",2067,0.0,0.0,0.0,0.0,0.0,0.0
5,answer_0_156,"L1.H2, L1.H3, L2.H0, L2.H3",2067,0.0,0.0,0.0,0.0,0.0,0.0
5,answer_0_157,"L1.H0, L1.H2, L1.H3, L2.H0, L2.H3",2067,0.0,0.0,0.0,0.0,0.0,0.0
5,answer_0_158,"L1.H1, L1.H2, L1.H3, L2.H0, L2.H3",2067,0.0,0.0,0.0,0.0,0.0,0.0
5,answer_0_159,"L1.H0, L1.H1, L1.H2, L1.H3, L2.H0, L2.H3",2067,0.0,0.0,0.0,0.0,0.0,0.0
5,answer_0_160,"L2.H1, L2.H3",2067,0.0,0.0,0.0,0.0,0.0,0.0
5,answer_0_161,"L1.H0, L2.H1, L2.H3",2067,0.0,0.0,0.0,0.0,0.0,0.0
5,answer_0_162,"L1.H1, L2.H1, L2.H3",2067,0.0,0.0,0.0,0.0,0.0,0.0
5,answer_0_163,"L1.H0, L1.H1, L2.H1, L2.H3",2067,0.0,0.0,0.0,0.0,0.0,0.0
5,answer_0_164,"L1.H2, L2.H1, L2.H3",2067,0.0,0.0,0.0,0.0,0.0,0.0
5,answer_0_165,"L1.H0, L1.H2, L2.H1, L2.H3",2067,0.0,0.0,0.0,0.0,0.0,0.0
5,answer_0_166,"L1.H1, L1.H2, L2.H1, L2.H3",2067,0.0,0.0,0.0,0.0,0.0,0.0
5,answer_0_167,"L1.H0, L1.H1, L1.H2, L2.H1, L2.H3",2067,0.0,0.0,0.0,0.0,0.0,0.0
5,answer_0_168,"L1.H3, L2.H1, L2.H3",2067,0.0,0.0,0.0,0.0,0.0,0.0
5,answer_0_169,"L1.H0, L1.H3, L2.H1, L2.H3",2067,0.0,0.0,0.0,0.0,0.0,0.0
5,answer_0_170,"L1.H1, L1.H3, L2.H1, L2.H3",2067,0.0,0.0,0.0,0.0,0.0,0.0
5,answer_0_171,"L1.H0, L1.H1, L1.H3, L2.H1, L2.H3",2067,0.0,0.0,0.0,0.0,0.0,0.0
5,answer_0_172,"L1.H2, L1.H3, L2.H1, L2.H3",2067,0.0,0.0,0.0,0.0,0.0,0.0
5,answer_0_173,"L1.H0, L1.H2, L1.H3, L2.H1, L2.H3",2067,0.0,0.0,0.0,0.0,0.0,0.0
5,answer_0_174,"L1.H1, L1.H2, L1.H3, L2.H1, L2.H3",2067,0.0,0.0,0.0,0.0,0.0,0.0
5,answer_0_175,"L1.H0, L1.H1, L1.H2, L1.H3, L2.H1, L2.H3",2067,0.0,0.0,0.0,0.0,0.0,0.0
5,answer_0_176,"L2.H0, L2.H1, L2.H3",2067,0.0,0.0,0.0,0.0,0.0,0.0
5,answer_0_177,"L1.H0, L2.H0, L2.H1, L2.H3",2067,0.0,0.0,0.0,0.0,0.0,0.0
5,answer_0_178,"L1.H1, L2.H0, L2.H1, L2.H3",2067,0.0,0.0,0.0,0.0,0.0,0.0
5,answer_0_179,"L1.H0, L1.H1, L2.H0, L2.H1, L2.H3",2067,0.0,0.0,0.0,0.0,0.0,0.0
5,answer_0_180,"L1.H2, L2.H0, L2.H1, L2.H3",2067,0.0,0.0,0.0,0.0,0.0,0.0
5,answer_0_181,"L1.H0, L1.H2, L2.H0, L2.H1, L2.H3",2067,0.0,0.0,0.0,0.0,0.0,0.0
5,answer_0_182,"L1.H1, L1.H2, L2.H0, L2.H1, L2.H3",2067,0.0,0.0,0.0,0.0,0.0,0.0
5,answer_0_183,"L1.H0, L1.H1, L1.H2, L2.H0, L2.H1, L2.H3",2067,0.0,0.0,0.0,0.0,0.0,0.0
5,answer_0_184,"L1.H3, L2.H0, L2.H1, L2.H3",2067,0.0,0.0,0.0,0.0,0.0,0.0
5,answer_0_185,"L1.H0, L1.H3, L2.H0, L2.H1, L2.H3",2067,0.0,0.0,0.0,0.0,0.0,0.0
5,answer_0_186,"L1.H1, L1.H3, L2.H0, L2.H1, L2.H3",2067,0.0,0.0,0.0,0.0,0.0,0.0
5,answer_0_187,"L1.H0, L1.H1, L1.H3, L2.H0, L2.H1, L2.H3",2067,0.0,0.0,0.0,0.0,0.0,0.0
5,answer_0_188,"L1.H2, L1.H3, L2.H0, L2.H1, L2.H3",2067,0.0,0.0,0.0,0.0,0.0,0.0
5,answer_0_189,"L1.H0, L1.H2, L1.H3, L2.H0, L2.H1, L2.H3",2067,0.0,0.0,0.0,0.0,0.0,0.0
5,answer_0_190,"L1.H1, L1.H2, L1.H3, L2.H0, L2.H1, L2.H3",2067,0.0,0.0,0.0,0.0,0.0,0.0
5,answer_0_191,"L1.H0, L1.H1, L1.H2, L1.H3, L2.H0, L2.H1, L2.H3",2067,0.0,0.0,0.0,0.0,0.0,0.0
5,answer_0_192,"L2.H2, L2.H3",2067,0.0,0.0,0.0,0.0,0.0,0.0
5,answer_0_193,"L1.H0, L2.H2, L2.H3",2067,0.0,0.0,0.0,0.0,0.0,0.0
5,answer_0_194,"L1.H1, L2.H2, L2.H3",2067,0.0,0.0,0.0,0.0,0.0,0.0
5,answer_0_195,"L1.H0, L1.H1, L2.H2, L2.H3",2067,0.0,0.0,0.0,0.0,0.0,0.0
5,answer_0_196,"L1.H2, L2.H2, L2.H3",2067,0.0,0.0,0.0,0.0,0.0,0.0
5,answer_0_197,"L1.H0, L1.H2, L2.H2, L2.H3",2067,0.0,0.0,0.0,0.0,0.0,0.0
5,answer_0_198,"L1.H1, L1.H2, L2.H2, L2.H3",2067,0.0,0.0,0.0,0.0,0.0,0.0
5,answer_0_199,"L1.H0, L1.H1, L1.H2, L2.H2, L2.H3",2067,0.0,0.0,0.0,0.0,0.0,0.0
5,answer_0_200,"L1.H3, L2.H2, L2.H3",2067,0.0,0.0,0.0,0.0,0.0,0.0
5,answer_0_201,"L1.H0, L1.H3, L2.H2, L2.H3",2067,0.0,0.0,0.0,0.0,0.0,0.0
5,answer_0_202,"L1.H1, L1.H3, L2.H2, L2.H3",2067,0.0,0.0,0.0,0.0,0.0,0.0
5,answer_0_203,"L1.H0, L1.H1, L1.H3, L2.H2, L2.H3",2067,0.0,0.0,0.0,0.0,0.0,0.0
5,answer_0_204,"L1.H2, L1.H3, L2.H2, L2.H3",2067,0.0,0.0,0.0,0.0,0.0,0.0
5,answer_0_205,"L1.H0, L1.H2, L1.H3, L2.H2, L2.H3",2067,0.0,0.0,0.0,0.0,0.0,0.0
5,answer_0_206,"L1.H1, L1.H2, L1.H3, L2.H2, L2.H3",2067,0.0,0.0,0.0,0.0,0.0,0.0
5,answer_0_207,"L1.H0, L1.H1, L1.H2, L1.H3, L2.H2, L2.H3",2067,0.0,0.0,0.0,0.0,0.0,0.0
5,answer_0_208,"L2.H0, L2.H2, L2.H3",2067,0.0,0.0,0.0,0.0,0.0,0.0
5,answer_0_209,"L1.H0, L2.H0, L2.H2, L2.H3",2067,0.0,0.0,0.0,0.0,0.0,0.0
5,answer_0_210,"L1.H1, L2.H0, L2.H2, L2.H3",2067,0.0,0.0,0.0,0.0,0.0,0.0
5,answer_0_211,"L1.H0, L1.H1, L2.H0, L2.H2, L2.H3",2067,0.0,0.0,0.0,0.0,0.0,0.0
5,answer_0_212,"L1.H2, L2.H0, L2.H2, L2.H3",2067,0.0,0.0,0.0,0.0,0.0,0.0
5,answer_0_213,"L1.H0, L1.H2, L2.H0, L2.H2, L2.H3",2067,0.0,0.0,0.0,0.0,0.0,0.0
5,answer_0_214,"L1.H1, L1.H2, L2.H0, L2.H2, L2.H3",2067,0.0,0.0,0.0,0.0,0.0,0.0
5,answer_0_215,"L1.H0, L1.H1, L1.H2, L2.H0, L2.H2, L2.H3",2067,0.0,0.0,0.0,0.0,0.0,0.0
5,answer_0_216,"L1.H3, L2.H0, L2.H2, L2.H3",2067,0.0,0.0,0.0,0.0,0.0,0.0
5,answer_0_217,"L1.H0, L1.H3, L2.H0, L2.H2, L2.H3",2067,0.0,0.0,0.0,0.0,0.0,0.0
5,answer_0_218,"L1.H1, L1.H3, L2.H0, L2.H2, L2.H3",2067,0.0,0.0,0.0,0.0,0.0,0.0
5,answer_0_219,"L1.H0, L1.H1, L1.H3, L2.H0, L2.H2, L2.H3",2067,0.0,0.0,0.0,0.0,0.0,0.0
5,answer_0_220,"L1.H2, L1.H3, L2.H0, L2.H2, L2.H3",2067,0.0,0.0,0.0,0.0,0.0,0.0
5,answer_0_221,"L1.H0, L1.H2, L1.H3, L2.H0, L2.H2, L2.H3",2067,0.0,0.0,0.0,0.0,0.0,0.0
5,answer_0_222,"L1.H1, L1.H2, L1.H3, L2.H0, L2.H2, L2.H3",2067,0.0,0.0,0.0,0.0,0.0,0.0
5,answer_0_223,"L1.H0, L1.H1, L1.H2, L1.H3, L2.H0, L2.H2, L2.H3",2067,0.0,0.0,0.0,0.0,0.0,0.0
5,answer_0_224,"L2.H1, L2.H2, L2.H3",2067,0.0,0.0,0.0,0.0,0.0,0.0
5,answer_0_225,"L1.H0, L2.H1, L2.H2, L2.H3",2067,0.0,0.0,0.0,0.0,0.0,0.0
5,answer_0_226,"L1.H1, L2.H1, L2.H2, L2.H3",2067,0.0,0.0,0.0,0.0,0.0,0.0
5,answer_0_227,"L1.H0, L1.H1, L2.H1, L2.H2, L2.H3",2067,0.0,0.0,0.0,0.0,0.0,0.0
5,answer_0_228,"L1.H2, L2.H1, L2.H2, L2.H3",2067,0.0,0.0,0.0,0.0,0.0,0.0
5,answer_0_229,"L1.H0, L1.H2, L2.H1, L2.H2, L2.H3",2067,0.0,0.0,0.0,0.0,0.0,0.0
5,answer_0_230,"L1.H1, L1.H2, L2.H1, L2.H2, L2.H3",2067,0.0,0.0,0.0,0.0,0.0,0.0
5,answer_0_231,"L1.H0, L1.H1, L1.H2, L2.H1, L2.H2, L2.H3",2067,0.0,0.0,0.0,0.0,0.0,0.0
5,answer_0_232,"L1.H3, L2.H1, L2.H2, L2.H3",2067,0.0,0.0,0.0,0.0,0.0,0.0
5,answer_0_233,"L1.H0, L1.H3, L2.H1, L2.H2, L2.H3",2067,0.0,0.0,0.0,0.0,0.0,0.0
5,answer_0_234,"L1.H1, L1.H3, L2.H1, L2.H2, L2.H3",2067,0.0,0.0,0.0,0.0,0.0,0.0
5,answer_0_235,"L1.H0, L1.H1, L1.H3, L2.H1, L2.H2, L2.H3",2067,0.0,0.0,0.0,0.0,0.0,0.0
5,answer_0_236,"L1.H2, L1.H3, L2.H1, L2.H2, L2.H3",2067,0.0,0.0,0.0,0.0,0.0,0.0
5,answer_0_237,"L1.H0, L1.H2, L1.H3, L2.H1, L2.H2, L2.H3",2067,0.0,0.0,0.0,0.0,0.0,0.0
5,answer_0_238,"L1.H1, L1.H2, L1.H3, L2.H1, L2.H2, L2.H3",2067,0.0,0.0,0.0,0.0,0.0,0.0
5,answer_0_239,"L1.H0, L1.H1, L1.H2, L1.H3, L2.H1, L2.H2, L2.H3",2067,0.0,0.0,0.0,0.0,0.0,0.0
5,answer_0_240,"L2.H0, L2.H1, L2.H2, L2.H3",2067,0.0,0.0,0.0,0.0,0.0,0.0
5,answer_0_241,"L1.H0, L2.H0, L2.H1, L2.H2, L2.H3",2067,0.0,0.0,0.0,0.0,0.0,0.0
5,answer_0_242,"L1.H1, L2.H0, L2.H1, L2.H2, L2.H3",2067,0.0,0.0,0.0,0.0,0.0,0.0
5,answer_0_243,"L1.H0, L1.H1, L2.H0, L2.H1, L2.H2, L2.H3",2067,0.0,0.0,0.0,0.0,0.0,0.0
5,answer_0_244,"L1.H2, L2.H0, L2.H1, L2.H2, L2.H3",2067,0.0,0.0,0.0,0.0,0.0,0.0
5,answer_0_245,"L1.H0, L1.H2, L2.H0, L2.H1, L2.H2, L2.H3",2067,0.0,0.0,0.0,0.0,0.0,0.0
5,answer_0_246,"L1.H1, L1.H2, L2.H0, L2.H1, L2.H2, L2.H3",2067,0.0,0.0,0.0,0.0,0.0,0.0
5,answer_0_247,"L1.H0, L1.H1, L1.H2, L2.H0, L2.H1, L2.H2, L2.H3",2067,0.0,0.0,0.0,0.0,0.0,0.0
5,answer_0_248,"L1.H3, L2.H0, L2.H1, L2.H2, L2.H3",2067,0.0,0.0,0.0,0.0,0.0,0.0
5,answer_0_249,"L1.H0, L1.H3, L2.H0, L2.H1, L2.H2, L2.H3",2067,0.0,0.0,0.0,0.0,0.0,0.0
5,answer_0_250,"L1.H1, L1.H3, L2.H0, L2.H1, L2.H2, L2.H3",2067,0.0,0.0,0.0,0.0,0.0,0.0
5,answer_0_251,"L1.H0, L1.H1, L1.H3, L2.H0, L2.H1, L2.H2, L2.H3",2067,0.0,0.0,0.0,0.0,0.0,0.0
5,answer_0_252,"L1.H2, L1.H3, L2.H0, L2.H1, L2.H2, L2.H3",2067,0.0,0.0,0.0,0.0,0.0,0.0
5,answer_0_253,"L1.H0, L1.H2, L1.H3, L2.H0, L2.H1, L2.H2, L2.H3",2067,0.0,0.0,0.0,0.0,0.0,0.0
5,answer_0_254,"L1.H1, L1.H2, L1.H3, L2.H0, L2.H1, L2.H2, L2.H3",2067,0.0,0.0,0.0,0.0,0.0,0.0
5,answer_0_255,"L1.H0, L1.H1, L1.H2, L1.H3, L2.H0, L2.H1, L2.H2, L2.H3",2067,0.0,0.0,0.0,0.0,0.0,0.0
5,answer_1_000,none,2067,0.11562651185292695,0.11562651185292695,0.11562651185292695,0.10577342480798986,0.12547533052274112,0.11562651185292695
5,answer_1_001,L1.H0,2067,0.10788582486695694,0.10885341074020319,0.10836961780358007,0.09909893776297787,0.11761872145173104,0.11175616835994194
5,answer_1_002,L1.H1,2067,0.11562651185292695,0.11562651185292695,0.11562651185292695,0.10579710144927536,0.1254229506574373,0.11804547653604257
5,answer_1_003,"L1.H0, L1.H1",2067,0.11611030478955008,0.11514271891630382,0.11562651185292695,0.10608908899435969,0.12578639440704106,0.11804547653604257
5,answer_1_004,L1.H2,2067,0.09192065795839381,0.0938558297048863,0.09288824383164006,0.08412463835512615,0.10214368324004669,0.098451862602806
5,answer_1_006,"L1.H1, L1.H2",2067,0.09675858732462506,0.09433962264150944,0.09554910498306725,0.08728968801814865,0.10472360858480438,0.0938558297048863
5,answer_1_007,"L1.H0, L1.H1, L1.H2",2067,0.09337203676826318,0.09240445089501693,0.09288824383164006,0.08381353780705365,0.10249226974830926,0.08853410740203194
5,answer_1_008,L1.H3,2067,0.10885341074020319,0.11030478955007257,0.10957910014513789,0.10033520909349901,0.11960239628380402,0.10498306724721819
5,answer_1_015,"L1.H0, L1.H1, L1.H2, L1.H3",2067,0.042573778422835024,0.04354136429608128,0.043057571359458154,0.03595362384908852,0.05029923451551112,0.04160619254958878
5,answer_1_016,L2.H0,2067,0.358974358974359,0.366715045960329,0.36284470246734396,0.34420569769454346,0.3824245524256943,0.05104015481373972
5,answer_1_018,"L1.H1, L2.H0",2067,0.358974358974359,0.36816642477019834,0.3635703918722787,0.3447333948928268,0.3831437712983356,0.04886308659893566
5,answer_1_019,"L1.H0, L1.H1, L2.H0",2067,0.35800677310111273,0.36477987421383645,0.3613933236574746,0.34347789383166594,0.3796015912915664,0.04886308659893566
5,answer_1_020,"L1.H2, L2.H0",2067,0.370585389453314,0.3826802128688921,0.37663280116110304,0.3595849978797956,0.3941150232398935,0.042573778422835024
5,answer_1_021,"L1.H0, L1.H2, L2.H0",2067,0.36768263183357525,0.3768746976294146,0.3722786647314949,0.35556684270963634,0.38935134235573904,0.04039671020803096
5,answer_1_022,"L1.H1, L1.H2, L2.H0",2067,0.36574746008708275,0.3788098693759071,0.3722786647314949,0.3547980137286921,0.3900436336533721,0.041364296081277216
5,answer_1_023,"L1.H0, L1.H1, L1.H2, L2.H0",2067,0.36816642477019834,0.3734881470730527,0.37082728592162556,0.3539175991885074,0.387627009532998,0.038461538461538464
5,answer_1_031,"L1.H0, L1.H1, L1.H2, L1.H3, L2.H0",2067,0.31881954523463957,0.3265602322206096,0.32268988872762455,0.3061745639467188,0.3396850691199198,0.02467343976777939
5,answer_1_032,L2.H1,2067,0.10982099661344945,0.10885341074020319,0.10933720367682633,0.10028882801263937,0.11807670977214213,0.11175616835994194
5,answer_1_063,"L1.H0, L1.H1, L1.H2, L1.H3, L2.H0, L2.H1",2067,0.29172714078374457,0.2946298984034833,0.2931785195936139,0.2761392342295141,0.3106130901563805,0.03580067731011127
5,answer_1_064,L2.H2,2067,0.11030478955007257,0.10546686018384131,0.10788582486695694,0.09736382825407885,0.11923477557051028,0.11030478955007257
5,answer_1_071,"L1.H0, L1.H1, L1.H2, L2.H2",2067,0.09675858732462506,0.09724238026124818,0.09700048379293662,0.08847567794876193,0.1057057309473425,0.09869375907111756
5,answer_1_079,"L1.H0, L1.H1, L1.H2, L1.H3, L2.H2",2067,0.06289308176100629,0.061925495887760036,0.062409288824383166,0.05475504322766571,0.0700962746762392,0.054426705370101594
5,answer_1_083,"L1.H0, L1.H1, L2.H0, L2.H2",2067,0.35607160135462024,0.3613933236574746,0.3587324625060474,0.34221773302637304,0.3746392951094724,0.04716981132075472
5,answer_1_085,"L1.H0, L1.H2, L2.H0, L2.H2",2067,0.36623125302370585,0.3734881470730527,0.3698597000483793,0.35279782265766385,0.386616473530813,0.045960328979196906
5,answer_1_086,"L1.H1, L1.H2, L2.H0, L2.H2",2067,0.3604257377842284,0.3691340106434446,0.36477987421383645,0.3482352526890588,0.38096569388104196,0.04620222544750847
5,answer_1_087,"L1.H0, L1.H1, L1.H2, L2.H0, L2.H2",2067,0.36574746008708275,0.37445573294629897,0.37010159651669083,0.353703153075676,0.3868846655432112,0.04450895016932753
5,answer_1_091,"L1.H0, L1.H1, L1.H3, L2.H0, L2.H2",2067,0.3594581519109821,0.366715045960329,0.36308659893565554,0.3466841303257727,0.3785553326549962,0.045234639574262214
5,answer_1_093,"L1.H0, L1.H2, L1.H3, L2.H0, L2.H2",2067,0.33962264150943394,0.34736332849540397,0.343492985002419,0.3270323342268093,0.3596323509706636,0.03483309143686502
5,answer_1_094,"L1.H1, L1.H2, L1.H3, L2.H0, L2.H2",2067,0.3367198838896952,0.3454281567489115,0.34107402031930334,0.32503539009573046,0.3573818709855214,0.036284470246734396
5,answer_1_095,"L1.H0, L1.H1, L1.H2, L1.H3, L2.H0, L2.H2",2067,0.3299467827769715,0.33913884857281085,0.33454281567489114,0.31873168024899434,0.35050622198367165,0.03313981615868408
5,answer_1_111,"L1.H0, L1.H1, L1.H2, L1.H3, L2.H1, L2.H2",2067,0.061925495887760036,0.05999032414126754,0.06095791001451379,0.0524109943838368,0.07022631238004519,0.05152394775036284
5,answer_1_119,"L1.H0, L1.H1, L1.H2, L2.H0, L2.H1, L2.H2",2067,0.3134978229317852,0.31833575229801647,0.31591678761490083,0.2990211169298883,0.332777950310559,0.05466860183841316
5,answer_1_123,"L1.H0, L1.H1, L1.H3, L2.H0, L2.H1, L2.H2",2067,0.3096274794388002,0.3212385099177552,0.3154329946782777,0.2981591880981672,0.3320497147125972,0.05805515239477504
5,answer_1_125,"L1.H0, L1.H2, L1.H3, L2.H0, L2.H1, L2.H2",2067,0.29366231253023706,0.3033381712626996,0.2985002418964683,0.2815807244199679,0.31534431135973484,0.04644412191582003
5,answer_1_126,"L1.H1, L1.H2, L1.H3, L2.H0, L2.H1, L2.H2",2067,0.2931785195936139,0.2985002418964683,0.2958393807450411,0.27857055749128923,0.3126851047387094,0.04644412191582003
5,answer_1_127,"L1.H0, L1.H1, L1.H2, L1.H3, L2.H0, L2.H1, L2.H2",2067,0.2907595549104983,0.2999516207063377,0.295355587808418,0.27884580291970806,0.3115921835714219,0.045234639574262214
5,answer_1_128,L2.H3,2067,0.04886308659893566,0.057087566521528785,0.05297532656023222,0.045657433380084156,0.06029073714694272,0.0887760038703435
5,answer_1_191,"L1.H0, L1.H1, L1.H2, L1.H3, L2.H0, L2.H1, L2.H3",2067,0.09966134494436381,0.1509433962264151,0.12530237058538946,0.112003734791243,0.13954087039172602,0.048137397194000967
5,answer_1_223,"L1.H0, L1.H1, L1.H2, L1.H3, L2.H0, L2.H2, L2.H3",2067,0.10111272375423319,0.14755684567005323,0.12433478471214321,0.1102438503972522,0.13887841891888755,0.048137397194000967
5,answer_1_239,"L1.H0, L1.H1, L1.H2, L1.H3, L2.H1, L2.H2, L2.H3",2067,0.022738268021286888,0.02370585389453314,0.023222060957910014,0.017943500411212246,0.02884627139364303,0.06361877116594097
5,answer_1_240,"L2.H0, L2.H1, L2.H2, L2.H3",2067,0.11901306240928883,0.16110304789550073,0.14005805515239478,0.12645189016714062,0.1545643861659819,0.07305273343009192
5,answer_1_247,"L1.H0, L1.H1, L1.H2, L2.H0, L2.H1, L2.H2, L2.H3",2067,0.11417513304305757,0.15529753265602322,0.1347363328495404,0.12089472100580823,0.14929839935694073,0.06845670053217223
5,answer_1_251,"L1.H0, L1.H1, L1.H3, L2.H0, L2.H1, L2.H2, L2.H3",2067,0.11127237542331882,0.16110304789550073,0.13618771165940977,0.12234787216835367,0.15090338130255795,0.0660377358490566
5,answer_1_253,"L1.H0, L1.H2, L1.H3, L2.H0, L2.H1, L2.H2, L2.H3",2067,0.10788582486695694,0.15432994678277698,0.13110788582486696,0.1171145950089727,0.14587404354981343,0.05418480890179003
5,answer_1_254,"L1.H1, L1.H2, L1.H3, L2.H0, L2.H1, L2.H2, L2.H3",2067,0.1107885824866957,0.15626511852926947,0.13352685050798258,0.1194239938638379,0.1483300367805747,0.05104015481373972
5,answer_1_255,"L1.H0, L1.H1, L1.H2, L1.H3, L2.H0, L2.H1, L2.H2, L2.H3",2067,0.10740203193033382,0.1528785679729076,0.1301402999516207,0.11606226268420476,0.14514683726532274,0.05104015481373972
5,all_0_000,none,2067,0.0,0.0,0.0,0.0,0.0,0.0
5,all_0_001,L1.H0,2067,0.0,0.0,0.0,0.0,0.0,0.0
5,all_0_002,L1.H1,2067,0.0,0.0,0.0,0.0,0.0,0.0
5,all_0_003,"L1.H0, L1.H1",2067,0.0,0.0,0.0,0.0,0.0,0.0
5,all_0_004,L1.H2,2067,0.0,0.0,0.0,0.0,0.0,0.0
5,all_0_005,"L1.H0, L1.H2",2067,0.0,0.0,0.0,0.0,0.0,0.0
5,all_0_006,"L1.H1, L1.H2",2067,0.0,0.0,0.0,0.0,0.0,0.0
5,all_0_007,"L1.H0, L1.H1, L1.H2",2067,0.0,0.0,0.0,0.0,0.0,0.0
5,all_0_008,L1.H3,2067,0.0,0.0,0.0,0.0,0.0,0.0
5,all_0_009,"L1.H0, L1.H3",2067,0.0,0.0,0.0,0.0,0.0,0.0
5,all_0_010,"L1.H1, L1.H3",2067,0.0,0.0,0.0,0.0,0.0,0.0
5,all_0_011,"L1.H0, L1.H1, L1.H3",2067,0.0,0.0,0.0,0.0,0.0,0.0
5,all_0_012,"L1.H2, L1.H3",2067,0.0,0.0,0.0,0.0,0.0,0.0
5,all_0_013,"L1.H0, L1.H2, L1.H3",2067,0.0,0.0,0.0,0.0,0.0,0.0
5,all_0_014,"L1.H1, L1.H2, L1.H3",2067,0.0,0.0,0.0,0.0,0.0,0.0
5,all_0_015,"L1.H0, L1.H1, L1.H2, L1.H3",2067,0.0,0.0,0.0,0.0,0.0,0.0
5,all_0_016,L2.H0,2067,0.0,0.0,0.0,0.0,0.0,0.0
5,all_0_017,"L1.H0, L2.H0",2067,0.0,0.0,0.0,0.0,0.0,0.0
5,all_0_018,"L1.H1, L2.H0",2067,0.0,0.0,0.0,0.0,0.0,0.0
5,all_0_019,"L1.H0, L1.H1, L2.H0",2067,0.0,0.0,0.0,0.0,0.0,0.0
5,all_0_020,"L1.H2, L2.H0",2067,0.0,0.0,0.0,0.0,0.0,0.0
5,all_0_021,"L1.H0, L1.H2, L2.H0",2067,0.0,0.0,0.0,0.0,0.0,0.0
5,all_0_022,"L1.H1, L1.H2, L2.H0",2067,0.0,0.0,0.0,0.0,0.0,0.0
5,all_0_023,"L1.H0, L1.H1, L1.H2, L2.H0",2067,0.0,0.0,0.0,0.0,0.0,0.0
5,all_0_024,"L1.H3, L2.H0",2067,0.0,0.0,0.0,0.0,0.0,0.0
5,all_0_025,"L1.H0, L1.H3, L2.H0",2067,0.0,0.0,0.0,0.0,0.0,0.0
5,all_0_026,"L1.H1, L1.H3, L2.H0",2067,0.0,0.0,0.0,0.0,0.0,0.0
5,all_0_027,"L1.H0, L1.H1, L1.H3, L2.H0",2067,0.0,0.0,0.0,0.0,0.0,0.0
5,all_0_028,"L1.H2, L1.H3, L2.H0",2067,0.0,0.0,0.0,0.0,0.0,0.0
5,all_0_029,"L1.H0, L1.H2, L1.H3, L2.H0",2067,0.0,0.0,0.0,0.0,0.0,0.0
5,all_0_030,"L1.H1, L1.H2, L1.H3, L2.H0",2067,0.0,0.0,0.0,0.0,0.0,0.0
5,all_0_031,"L1.H0, L1.H1, L1.H2, L1.H3, L2.H0",2067,0.0,0.0,0.0,0.0,0.0,0.0
5,all_0_032,L2.H1,2067,0.0,0.0,0.0,0.0,0.0,0.0
5,all_0_033,"L1.H0, L2.H1",2067,0.0,0.0,0.0,0.0,0.0,0.0
5,all_0_034,"L1.H1, L2.H1",2067,0.0,0.0,0.0,0.0,0.0,0.0
5,all_0_035,"L1.H0, L1.H1, L2.H1",2067,0.0,0.0,0.0,0.0,0.0,0.0
5,all_0_036,"L1.H2, L2.H1",2067,0.0,0.0,0.0,0.0,0.0,0.0
5,all_0_037,"L1.H0, L1.H2, L2.H1",2067,0.0,0.0,0.0,0.0,0.0,0.0
5,all_0_038,"L1.H1, L1.H2, L2.H1",2067,0.0,0.0,0.0,0.0,0.0,0.0
5,all_0_039,"L1.H0, L1.H1, L1.H2, L2.H1",2067,0.0,0.0,0.0,0.0,0.0,0.0
5,all_0_040,"L1.H3, L2.H1",2067,0.0,0.0,0.0,0.0,0.0,0.0
5,all_0_041,"L1.H0, L1.H3, L2.H1",2067,0.0,0.0,0.0,0.0,0.0,0.0
5,all_0_042,"L1.H1, L1.H3, L2.H1",2067,0.0,0.0,0.0,0.0,0.0,0.0
5,all_0_043,"L1.H0, L1.H1, L1.H3, L2.H1",2067,0.0,0.0,0.0,0.0,0.0,0.0
5,all_0_044,"L1.H2, L1.H3, L2.H1",2067,0.0,0.0,0.0,0.0,0.0,0.0
5,all_0_045,"L1.H0, L1.H2, L1.H3, L2.H1",2067,0.0,0.0,0.0,0.0,0.0,0.0
5,all_0_046,"L1.H1, L1.H2, L1.H3, L2.H1",2067,0.0,0.0,0.0,0.0,0.0,0.0
5,all_0_047,"L1.H0, L1.H1, L1.H2, L1.H3, L2.H1",2067,0.0,0.0,0.0,0.0,0.0,0.0
5,all_0_048,"L2.H0, L2.H1",2067,0.0,0.0,0.0,0.0,0.0,0.0
5,all_0_049,"L1.H0, L2.H0, L2.H1",2067,0.0,0.0,0.0,0.0,0.0,0.0
5,all_0_050,"L1.H1, L2.H0, L2.H1",2067,0.0,0.0,0.0,0.0,0.0,0.0
5,all_0_051,"L1.H0, L1.H1, L2.H0, L2.H1",2067,0.0,0.0,0.0,0.0,0.0,0.0
5,all_0_052,"L1.H2, L2.H0, L2.H1",2067,0.0,0.0,0.0,0.0,0.0,0.0
5,all_0_053,"L1.H0, L1.H2, L2.H0, L2.H1",2067,0.0,0.0,0.0,0.0,0.0,0.0
5,all_0_054,"L1.H1, L1.H2, L2.H0, L2.H1",2067,0.0,0.0,0.0,0.0,0.0,0.0
5,all_0_055,"L1.H0, L1.H1, L1.H2, L2.H0, L2.H1",2067,0.0,0.0,0.0,0.0,0.0,0.0
5,all_0_056,"L1.H3, L2.H0, L2.H1",2067,0.0,0.0,0.0,0.0,0.0,0.0
5,all_0_057,"L1.H0, L1.H3, L2.H0, L2.H1",2067,0.0,0.0,0.0,0.0,0.0,0.0
5,all_0_058,"L1.H1, L1.H3, L2.H0, L2.H1",2067,0.0,0.0,0.0,0.0,0.0,0.0
5,all_0_059,"L1.H0, L1.H1, L1.H3, L2.H0, L2.H1",2067,0.0,0.0,0.0,0.0,0.0,0.0
5,all_0_060,"L1.H2, L1.H3, L2.H0, L2.H1",2067,0.0,0.0,0.0,0.0,0.0,0.0
5,all_0_061,"L1.H0, L1.H2, L1.H3, L2.H0, L2.H1",2067,0.0,0.0,0.0,0.0,0.0,0.0
5,all_0_062,"L1.H1, L1.H2, L1.H3, L2.H0, L2.H1",2067,0.0,0.0,0.0,0.0,0.0,0.0
5,all_0_063,"L1.H0, L1.H1, L1.H2, L1.H3, L2.H0, L2.H1",2067,0.0,0.0,0.0,0.0,0.0,0.0
5,all_0_064,L2.H2,2067,0.0,0.0,0.0,0.0,0.0,0.0
5,all_0_065,"L1.H0, L2.H2",2067,0.0,0.0,0.0,0.0,0.0,0.0
5,all_0_066,"L1.H1, L2.H2",2067,0.0,0.0,0.0,0.0,0.0,0.0
5,all_0_067,"L1.H0, L1.H1, L2.H2",2067,0.0,0.0,0.0,0.0,0.0,0.0
5,all_0_068,"L1.H2, L2.H2",2067,0.0,0.0,0.0,0.0,0.0,0.0
5,all_0_069,"L1.H0, L1.H2, L2.H2",2067,0.0,0.0,0.0,0.0,0.0,0.0
5,all_0_070,"L1.H1, L1.H2, L2.H2",2067,0.0,0.0,0.0,0.0,0.0,0.0
5,all_0_071,"L1.H0, L1.H1, L1.H2, L2.H2",2067,0.0,0.0,0.0,0.0,0.0,0.0
5,all_0_072,"L1.H3, L2.H2",2067,0.0,0.0,0.0,0.0,0.0,0.0
5,all_0_073,"L1.H0, L1.H3, L2.H2",2067,0.0,0.0,0.0,0.0,0.0,0.0
5,all_0_074,"L1.H1, L1.H3, L2.H2",2067,0.0,0.0,0.0,0.0,0.0,0.0
5,all_0_075,"L1.H0, L1.H1, L1.H3, L2.H2",2067,0.0,0.0,0.0,0.0,0.0,0.0
5,all_0_076,"L1.H2, L1.H3, L2.H2",2067,0.0,0.0,0.0,0.0,0.0,0.0
5,all_0_077,"L1.H0, L1.H2, L1.H3, L2.H2",2067,0.0,0.0,0.0,0.0,0.0,0.0
5,all_0_078,"L1.H1, L1.H2, L1.H3, L2.H2",2067,0.0,0.0,0.0,0.0,0.0,0.0
5,all_0_079,"L1.H0, L1.H1, L1.H2, L1.H3, L2.H2",2067,0.0,0.0,0.0,0.0,0.0,0.0
5,all_0_080,"L2.H0, L2.H2",2067,0.0,0.0,0.0,0.0,0.0,0.0
5,all_0_081,"L1.H0, L2.H0, L2.H2",2067,0.0,0.0,0.0,0.0,0.0,0.0
5,all_0_082,"L1.H1, L2.H0, L2.H2",2067,0.0,0.0,0.0,0.0,0.0,0.0
5,all_0_083,"L1.H0, L1.H1, L2.H0, L2.H2",2067,0.0,0.0,0.0,0.0,0.0,0.0
5,all_0_084,"L1.H2, L2.H0, L2.H2",2067,0.0,0.0,0.0,0.0,0.0,0.0
5,all_0_085,"L1.H0, L1.H2, L2.H0, L2.H2",2067,0.0,0.0,0.0,0.0,0.0,0.0
5,all_0_086,"L1.H1, L1.H2, L2.H0, L2.H2",2067,0.0,0.0,0.0,0.0,0.0,0.0
5,all_0_087,"L1.H0, L1.H1, L1.H2, L2.H0, L2.H2",2067,0.0,0.0,0.0,0.0,0.0,0.0
5,all_0_088,"L1.H3, L2.H0, L2.H2",2067,0.0,0.0,0.0,0.0,0.0,0.0
5,all_0_089,"L1.H0, L1.H3, L2.H0, L2.H2",2067,0.0,0.0,0.0,0.0,0.0,0.0
5,all_0_090,"L1.H1, L1.H3, L2.H0, L2.H2",2067,0.0,0.0,0.0,0.0,0.0,0.0
5,all_0_091,"L1.H0, L1.H1, L1.H3, L2.H0, L2.H2",2067,0.0,0.0,0.0,0.0,0.0,0.0
5,all_0_092,"L1.H2, L1.H3, L2.H0, L2.H2",2067,0.0,0.0,0.0,0.0,0.0,0.0
5,all_0_093,"L1.H0, L1.H2, L1.H3, L2.H0, L2.H2",2067,0.0,0.0,0.0,0.0,0.0,0.0
5,all_0_094,"L1.H1, L1.H2, L1.H3, L2.H0, L2.H2",2067,0.0,0.0,0.0,0.0,0.0,0.0
5,all_0_095,"L1.H0, L1.H1, L1.H2, L1.H3, L2.H0, L2.H2",2067,0.0,0.0,0.0,0.0,0.0,0.0
5,all_0_096,"L2.H1, L2.H2",2067,0.0,0.0,0.0,0.0,0.0,0.0
5,all_0_097,"L1.H0, L2.H1, L2.H2",2067,0.0,0.0,0.0,0.0,0.0,0.0
5,all_0_098,"L1.H1, L2.H1, L2.H2",2067,0.0,0.0,0.0,0.0,0.0,0.0
5,all_0_099,"L1.H0, L1.H1, L2.H1, L2.H2",2067,0.0,0.0,0.0,0.0,0.0,0.0
5,all_0_100,"L1.H2, L2.H1, L2.H2",2067,0.0,0.0,0.0,0.0,0.0,0.0
5,all_0_101,"L1.H0, L1.H2, L2.H1, L2.H2",2067,0.0,0.0,0.0,0.0,0.0,0.0
5,all_0_102,"L1.H1, L1.H2, L2.H1, L2.H2",2067,0.0,0.0,0.0,0.0,0.0,0.0
5,all_0_103,"L1.H0, L1.H1, L1.H2, L2.H1, L2.H2",2067,0.0,0.0,0.0,0.0,0.0,0.0
5,all_0_104,"L1.H3, L2.H1, L2.H2",2067,0.0,0.0,0.0,0.0,0.0,0.0
5,all_0_105,"L1.H0, L1.H3, L2.H1, L2.H2",2067,0.0,0.0,0.0,0.0,0.0,0.0
5,all_0_106,"L1.H1, L1.H3, L2.H1, L2.H2",2067,0.0,0.0,0.0,0.0,0.0,0.0
5,all_0_107,"L1.H0, L1.H1, L1.H3, L2.H1, L2.H2",2067,0.0,0.0,0.0,0.0,0.0,0.0
5,all_0_108,"L1.H2, L1.H3, L2.H1, L2.H2",2067,0.0,0.0,0.0,0.0,0.0,0.0
5,all_0_109,"L1.H0, L1.H2, L1.H3, L2.H1, L2.H2",2067,0.0,0.0,0.0,0.0,0.0,0.0
5,all_0_110,"L1.H1, L1.H2, L1.H3, L2.H1, L2.H2",2067,0.0,0.0,0.0,0.0,0.0,0.0
5,all_0_111,"L1.H0, L1.H1, L1.H2, L1.H3, L2.H1, L2.H2",2067,0.0,0.0,0.0,0.0,0.0,0.0
5,all_0_112,"L2.H0, L2.H1, L2.H2",2067,0.0,0.0,0.0,0.0,0.0,0.0
5,all_0_113,"L1.H0, L2.H0, L2.H1, L2.H2",2067,0.0,0.0,0.0,0.0,0.0,0.0
5,all_0_114,"L1.H1, L2.H0, L2.H1, L2.H2",2067,0.0,0.0,0.0,0.0,0.0,0.0
5,all_0_115,"L1.H0, L1.H1, L2.H0, L2.H1, L2.H2",2067,0.0,0.0,0.0,0.0,0.0,0.0
5,all_0_116,"L1.H2, L2.H0, L2.H1, L2.H2",2067,0.0,0.0,0.0,0.0,0.0,0.0
5,all_0_117,"L1.H0, L1.H2, L2.H0, L2.H1, L2.H2",2067,0.0,0.0,0.0,0.0,0.0,0.0
5,all_0_118,"L1.H1, L1.H2, L2.H0, L2.H1, L2.H2",2067,0.0,0.0,0.0,0.0,0.0,0.0
5,all_0_119,"L1.H0, L1.H1, L1.H2, L2.H0, L2.H1, L2.H2",2067,0.0,0.0,0.0,0.0,0.0,0.0
5,all_0_120,"L1.H3, L2.H0, L2.H1, L2.H2",2067,0.0,0.0,0.0,0.0,0.0,0.0
5,all_0_121,"L1.H0, L1.H3, L2.H0, L2.H1, L2.H2",2067,0.0,0.0,0.0,0.0,0.0,0.0
5,all_0_122,"L1.H1, L1.H3, L2.H0, L2.H1, L2.H2",2067,0.0,0.0,0.0,0.0,0.0,0.0
5,all_0_123,"L1.H0, L1.H1, L1.H3, L2.H0, L2.H1, L2.H2",2067,0.0,0.0,0.0,0.0,0.0,0.0
5,all_0_124,"L1.H2, L1.H3, L2.H0, L2.H1, L2.H2",2067,0.0,0.0,0.0,0.0,0.0,0.0
5,all_0_125,"L1.H0, L1.H2, L1.H3, L2.H0, L2.H1, L2.H2",2067,0.0,0.0,0.0,0.0,0.0,0.0
5,all_0_126,"L1.H1, L1.H2, L1.H3, L2.H0, L2.H1, L2.H2",2067,0.0,0.0,0.0,0.0,0.0,0.0
5,all_0_127,"L1.H0, L1.H1, L1.H2, L1.H3, L2.H0, L2.H1, L2.H2",2067,0.0,0.0,0.0,0.0,0.0,0.0
5,all_0_128,L2.H3,2067,0.0,0.0,0.0,0.0,0.0,0.0
5,all_0_129,"L1.H0, L2.H3",2067,0.0,0.0,0.0,0.0,0.0,0.0
5,all_0_130,"L1.H1, L2.H3",2067,0.0,0.0,0.0,0.0,0.0,0.0
5,all_0_131,"L1.H0, L1.H1, L2.H3",2067,0.0,0.0,0.0,0.0,0.0,0.0
5,all_0_132,"L1.H2, L2.H3",2067,0.0,0.0,0.0,0.0,0.0,0.0
5,all_0_133,"L1.H0, L1.H2, L2.H3",2067,0.0,0.0,0.0,0.0,0.0,0.0
5,all_0_134,"L1.H1, L1.H2, L2.H3",2067,0.0,0.0,0.0,0.0,0.0,0.0
5,all_0_135,"L1.H0, L1.H1, L1.H2, L2.H3",2067,0.0,0.0,0.0,0.0,0.0,0.0
5,all_0_136,"L1.H3, L2.H3",2067,0.0,0.0,0.0,0.0,0.0,0.0
5,all_0_137,"L1.H0, L1.H3, L2.H3",2067,0.0,0.0,0.0,0.0,0.0,0.0
5,all_0_138,"L1.H1, L1.H3, L2.H3",2067,0.0,0.0,0.0,0.0,0.0,0.0
5,all_0_139,"L1.H0, L1.H1, L1.H3, L2.H3",2067,0.0,0.0,0.0,0.0,0.0,0.0
5,all_0_140,"L1.H2, L1.H3, L2.H3",2067,0.0,0.0,0.0,0.0,0.0,0.0
5,all_0_141,"L1.H0, L1.H2, L1.H3, L2.H3",2067,0.0,0.0,0.0,0.0,0.0,0.0
5,all_0_142,"L1.H1, L1.H2, L1.H3, L2.H3",2067,0.0,0.0,0.0,0.0,0.0,0.0
5,all_0_143,"L1.H0, L1.H1, L1.H2, L1.H3, L2.H3",2067,0.0,0.0,0.0,0.0,0.0,0.0
5,all_0_144,"L2.H0, L2.H3",2067,0.0,0.0,0.0,0.0,0.0,0.0
5,all_0_145,"L1.H0, L2.H0, L2.H3",2067,0.0,0.0,0.0,0.0,0.0,0.0
5,all_0_146,"L1.H1, L2.H0, L2.H3",2067,0.0,0.0,0.0,0.0,0.0,0.0
5,all_0_147,"L1.H0, L1.H1, L2.H0, L2.H3",2067,0.0,0.0,0.0,0.0,0.0,0.0
5,all_0_148,"L1.H2, L2.H0, L2.H3",2067,0.0,0.0,0.0,0.0,0.0,0.0
5,all_0_149,"L1.H0, L1.H2, L2.H0, L2.H3",2067,0.0,0.0,0.0,0.0,0.0,0.0
5,all_0_150,"L1.H1, L1.H2, L2.H0, L2.H3",2067,0.0,0.0,0.0,0.0,0.0,0.0
5,all_0_151,"L1.H0, L1.H1, L1.H2, L2.H0, L2.H3",2067,0.0,0.0,0.0,0.0,0.0,0.0
5,all_0_152,"L1.H3, L2.H0, L2.H3",2067,0.0,0.0,0.0,0.0,0.0,0.0
5,all_0_153,"L1.H0, L1.H3, L2.H0, L2.H3",2067,0.0,0.0,0.0,0.0,0.0,0.0
5,all_0_154,"L1.H1, L1.H3, L2.H0, L2.H3",2067,0.0,0.0,0.0,0.0,0.0,0.0
5,all_0_155,"L1.H0, L1.H1, L1.H3, L2.H0, L2.H3",2067,0.0,0.0,0.0,0.0,0.0,0.0
5,all_0_156,"L1.H2, L1.H3, L2.H0, L2.H3",2067,0.0,0.0,0.0,0.0,0.0,0.0
5,all_0_157,"L1.H0, L1.H2, L1.H3, L2.H0, L2.H3",2067,0.0,0.0,0.0,0.0,0.0,0.0
5,all_0_158,"L1.H1, L1.H2, L1.H3, L2.H0, L2.H3",2067,0.0,0.0,0.0,0.0,0.0,0.0
5,all_0_159,"L1.H0, L1.H1, L1.H2, L1.H3, L2.H0, L2.H3",2067,0.0,0.0,0.0,0.0,0.0,0.0
5,all_0_160,"L2.H1, L2.H3",2067,0.0,0.0,0.0,0.0,0.0,0.0
5,all_0_161,"L1.H0, L2.H1, L2.H3",2067,0.0,0.0,0.0,0.0,0.0,0.0
5,all_0_162,"L1.H1, L2.H1, L2.H3",2067,0.0,0.0,0.0,0.0,0.0,0.0
5,all_0_163,"L1.H0, L1.H1, L2.H1, L2.H3",2067,0.0,0.0,0.0,0.0,0.0,0.0
5,all_0_164,"L1.H2, L2.H1, L2.H3",2067,0.0,0.0,0.0,0.0,0.0,0.0
5,all_0_165,"L1.H0, L1.H2, L2.H1, L2.H3",2067,0.0,0.0,0.0,0.0,0.0,0.0
5,all_0_166,"L1.H1, L1.H2, L2.H1, L2.H3",2067,0.0,0.0,0.0,0.0,0.0,0.0
5,all_0_167,"L1.H0, L1.H1, L1.H2, L2.H1, L2.H3",2067,0.0,0.0,0.0,0.0,0.0,0.0
5,all_0_168,"L1.H3, L2.H1, L2.H3",2067,0.0,0.0,0.0,0.0,0.0,0.0
5,all_0_169,"L1.H0, L1.H3, L2.H1, L2.H3",2067,0.0,0.0,0.0,0.0,0.0,0.0
5,all_0_170,"L1.H1, L1.H3, L2.H1, L2.H3",2067,0.0,0.0,0.0,0.0,0.0,0.0
5,all_0_171,"L1.H0, L1.H1, L1.H3, L2.H1, L2.H3",2067,0.0,0.0,0.0,0.0,0.0,0.0
5,all_0_172,"L1.H2, L1.H3, L2.H1, L2.H3",2067,0.0,0.0,0.0,0.0,0.0,0.0
5,all_0_173,"L1.H0, L1.H2, L1.H3, L2.H1, L2.H3",2067,0.0,0.0,0.0,0.0,0.0,0.0
5,all_0_174,"L1.H1, L1.H2, L1.H3, L2.H1, L2.H3",2067,0.0,0.0,0.0,0.0,0.0,0.0
5,all_0_175,"L1.H0, L1.H1, L1.H2, L1.H3, L2.H1, L2.H3",2067,0.0,0.0,0.0,0.0,0.0,0.0
5,all_0_176,"L2.H0, L2.H1, L2.H3",2067,0.0,0.0,0.0,0.0,0.0,0.0
5,all_0_177,"L1.H0, L2.H0, L2.H1, L2.H3",2067,0.0,0.0,0.0,0.0,0.0,0.0
5,all_0_178,"L1.H1, L2.H0, L2.H1, L2.H3",2067,0.0,0.0,0.0,0.0,0.0,0.0
5,all_0_179,"L1.H0, L1.H1, L2.H0, L2.H1, L2.H3",2067,0.0,0.0,0.0,0.0,0.0,0.0
5,all_0_180,"L1.H2, L2.H0, L2.H1, L2.H3",2067,0.0,0.0,0.0,0.0,0.0,0.0
5,all_0_181,"L1.H0, L1.H2, L2.H0, L2.H1, L2.H3",2067,0.0,0.0,0.0,0.0,0.0,0.0
5,all_0_182,"L1.H1, L1.H2, L2.H0, L2.H1, L2.H3",2067,0.0,0.0,0.0,0.0,0.0,0.0
5,all_0_183,"L1.H0, L1.H1, L1.H2, L2.H0, L2.H1, L2.H3",2067,0.0,0.0,0.0,0.0,0.0,0.0
5,all_0_184,"L1.H3, L2.H0, L2.H1, L2.H3",2067,0.0,0.0,0.0,0.0,0.0,0.0
5,all_0_185,"L1.H0, L1.H3, L2.H0, L2.H1, L2.H3",2067,0.0,0.0,0.0,0.0,0.0,0.0
5,all_0_186,"L1.H1, L1.H3, L2.H0, L2.H1, L2.H3",2067,0.0,0.0,0.0,0.0,0.0,0.0
5,all_0_187,"L1.H0, L1.H1, L1.H3, L2.H0, L2.H1, L2.H3",2067,0.0,0.0,0.0,0.0,0.0,0.0
5,all_0_188,"L1.H2, L1.H3, L2.H0, L2.H1, L2.H3",2067,0.0,0.0,0.0,0.0,0.0,0.0
5,all_0_189,"L1.H0, L1.H2, L1.H3, L2.H0, L2.H1, L2.H3",2067,0.0,0.0,0.0,0.0,0.0,0.0
5,all_0_190,"L1.H1, L1.H2, L1.H3, L2.H0, L2.H1, L2.H3",2067,0.0,0.0,0.0,0.0,0.0,0.0
5,all_0_191,"L1.H0, L1.H1, L1.H2, L1.H3, L2.H0, L2.H1, L2.H3",2067,0.0,0.0,0.0,0.0,0.0,0.0
5,all_0_192,"L2.H2, L2.H3",2067,0.0,0.0,0.0,0.0,0.0,0.0
5,all_0_193,"L1.H0, L2.H2, L2.H3",2067,0.0,0.0,0.0,0.0,0.0,0.0
5,all_0_194,"L1.H1, L2.H2, L2.H3",2067,0.0,0.0,0.0,0.0,0.0,0.0
5,all_0_195,"L1.H0, L1.H1, L2.H2, L2.H3",2067,0.0,0.0,0.0,0.0,0.0,0.0
5,all_0_196,"L1.H2, L2.H2, L2.H3",2067,0.0,0.0,0.0,0.0,0.0,0.0
5,all_0_197,"L1.H0, L1.H2, L2.H2, L2.H3",2067,0.0,0.0,0.0,0.0,0.0,0.0
5,all_0_198,"L1.H1, L1.H2, L2.H2, L2.H3",2067,0.0,0.0,0.0,0.0,0.0,0.0
5,all_0_199,"L1.H0, L1.H1, L1.H2, L2.H2, L2.H3",2067,0.0,0.0,0.0,0.0,0.0,0.0
5,all_0_200,"L1.H3, L2.H2, L2.H3",2067,0.0,0.0,0.0,0.0,0.0,0.0
5,all_0_201,"L1.H0, L1.H3, L2.H2, L2.H3",2067,0.0,0.0,0.0,0.0,0.0,0.0
5,all_0_202,"L1.H1, L1.H3, L2.H2, L2.H3",2067,0.0,0.0,0.0,0.0,0.0,0.0
5,all_0_203,"L1.H0, L1.H1, L1.H3, L2.H2, L2.H3",2067,0.0,0.0,0.0,0.0,0.0,0.0
5,all_0_204,"L1.H2, L1.H3, L2.H2, L2.H3",2067,0.0,0.0,0.0,0.0,0.0,0.0
5,all_0_205,"L1.H0, L1.H2, L1.H3, L2.H2, L2.H3",2067,0.0,0.0,0.0,0.0,0.0,0.0
5,all_0_206,"L1.H1, L1.H2, L1.H3, L2.H2, L2.H3",2067,0.0,0.0,0.0,0.0,0.0,0.0
5,all_0_207,"L1.H0, L1.H1, L1.H2, L1.H3, L2.H2, L2.H3",2067,0.0,0.0,0.0,0.0,0.0,0.0
5,all_0_208,"L2.H0, L2.H2, L2.H3",2067,0.0,0.0,0.0,0.0,0.0,0.0
5,all_0_209,"L1.H0, L2.H0, L2.H2, L2.H3",2067,0.0,0.0,0.0,0.0,0.0,0.0
5,all_0_210,"L1.H1, L2.H0, L2.H2, L2.H3",2067,0.0,0.0,0.0,0.0,0.0,0.0
5,all_0_211,"L1.H0, L1.H1, L2.H0, L2.H2, L2.H3",2067,0.0,0.0,0.0,0.0,0.0,0.0
5,all_0_212,"L1.H2, L2.H0, L2.H2, L2.H3",2067,0.0,0.0,0.0,0.0,0.0,0.0
5,all_0_213,"L1.H0, L1.H2, L2.H0, L2.H2, L2.H3",2067,0.0,0.0,0.0,0.0,0.0,0.0
5,all_0_214,"L1.H1, L1.H2, L2.H0, L2.H2, L2.H3",2067,0.0,0.0,0.0,0.0,0.0,0.0
5,all_0_215,"L1.H0, L1.H1, L1.H2, L2.H0, L2.H2, L2.H3",2067,0.0,0.0,0.0,0.0,0.0,0.0
5,all_0_216,"L1.H3, L2.H0, L2.H2, L2.H3",2067,0.0,0.0,0.0,0.0,0.0,0.0
5,all_0_217,"L1.H0, L1.H3, L2.H0, L2.H2, L2.H3",2067,0.0,0.0,0.0,0.0,0.0,0.0
5,all_0_218,"L1.H1, L1.H3, L2.H0, L2.H2, L2.H3",2067,0.0,0.0,0.0,0.0,0.0,0.0
5,all_0_219,"L1.H0, L1.H1, L1.H3, L2.H0, L2.H2, L2.H3",2067,0.0,0.0,0.0,0.0,0.0,0.0
5,all_0_220,"L1.H2, L1.H3, L2.H0, L2.H2, L2.H3",2067,0.0,0.0,0.0,0.0,0.0,0.0
5,all_0_221,"L1.H0, L1.H2, L1.H3, L2.H0, L2.H2, L2.H3",2067,0.0,0.0,0.0,0.0,0.0,0.0
5,all_0_222,"L1.H1, L1.H2, L1.H3, L2.H0, L2.H2, L2.H3",2067,0.0,0.0,0.0,0.0,0.0,0.0
5,all_0_223,"L1.H0, L1.H1, L1.H2, L1.H3, L2.H0, L2.H2, L2.H3",2067,0.0,0.0,0.0,0.0,0.0,0.0
5,all_0_224,"L2.H1, L2.H2, L2.H3",2067,0.0,0.0,0.0,0.0,0.0,0.0
5,all_0_225,"L1.H0, L2.H1, L2.H2, L2.H3",2067,0.0,0.0,0.0,0.0,0.0,0.0
5,all_0_226,"L1.H1, L2.H1, L2.H2, L2.H3",2067,0.0,0.0,0.0,0.0,0.0,0.0
5,all_0_227,"L1.H0, L1.H1, L2.H1, L2.H2, L2.H3",2067,0.0,0.0,0.0,0.0,0.0,0.0
5,all_0_228,"L1.H2, L2.H1, L2.H2, L2.H3",2067,0.0,0.0,0.0,0.0,0.0,0.0
5,all_0_229,"L1.H0, L1.H2, L2.H1, L2.H2, L2.H3",2067,0.0,0.0,0.0,0.0,0.0,0.0
5,all_0_230,"L1.H1, L1.H2, L2.H1, L2.H2, L2.H3",2067,0.0,0.0,0.0,0.0,0.0,0.0
5,all_0_231,"L1.H0, L1.H1, L1.H2, L2.H1, L2.H2, L2.H3",2067,0.0,0.0,0.0,0.0,0.0,0.0
5,all_0_232,"L1.H3, L2.H1, L2.H2, L2.H3",2067,0.0,0.0,0.0,0.0,0.0,0.0
5,all_0_233,"L1.H0, L1.H3, L2.H1, L2.H2, L2.H3",2067,0.0,0.0,0.0,0.0,0.0,0.0
5,all_0_234,"L1.H1, L1.H3, L2.H1, L2.H2, L2.H3",2067,0.0,0.0,0.0,0.0,0.0,0.0
5,all_0_235,"L1.H0, L1.H1, L1.H3, L2.H1, L2.H2, L2.H3",2067,0.0,0.0,0.0,0.0,0.0,0.0
5,all_0_236,"L1.H2, L1.H3, L2.H1, L2.H2, L2.H3",2067,0.0,0.0,0.0,0.0,0.0,0.0
5,all_0_237,"L1.H0, L1.H2, L1.H3, L2.H1, L2.H2, L2.H3",2067,0.0,0.0,0.0,0.0,0.0,0.0
5,all_0_238,"L1.H1, L1.H2, L1.H3, L2.H1, L2.H2, L2.H3",2067,0.0,0.0,0.0,0.0,0.0,0.0
5,all_0_239,"L1.H0, L1.H1, L1.H2, L1.H3, L2.H1, L2.H2, L2.H3",2067,0.0,0.0,0.0,0.0,0.0,0.0
5,all_0_240,"L2.H0, L2.H1, L2.H2, L2.H3",2067,0.0,0.0,0.0,0.0,0.0,0.0
5,all_0_241,"L1.H0, L2.H0, L2.H1, L2.H2, L2.H3",2067,0.0,0.0,0.0,0.0,0.0,0.0
5,all_0_242,"L1.H1, L2.H0, L2.H1, L2.H2, L2.H3",2067,0.0,0.0,0.0,0.0,0.0,0.0
5,all_0_243,"L1.H0, L1.H1, L2.H0, L2.H1, L2.H2, L2.H3",2067,0.0,0.0,0.0,0.0,0.0,0.0
5,all_0_244,"L1.H2, L2.H0, L2.H1, L2.H2, L2.H3",2067,0.0,0.0,0.0,0.0,0.0,0.0
5,all_0_245,"L1.H0, L1.H2, L2.H0, L2.H1, L2.H2, L2.H3",2067,0.0,0.0,0.0,0.0,0.0,0.0
5,all_0_246,"L1.H1, L1.H2, L2.H0, L2.H1, L2.H2, L2.H3",2067,0.0,0.0,0.0,0.0,0.0,0.0
5,all_0_247,"L1.H0, L1.H1, L1.H2, L2.H0, L2.H1, L2.H2, L2.H3",2067,0.0,0.0,0.0,0.0,0.0,0.0
5,all_0_248,"L1.H3, L2.H0, L2.H1, L2.H2, L2.H3",2067,0.0,0.0,0.0,0.0,0.0,0.0
5,all_0_249,"L1.H0, L1.H3, L2.H0, L2.H1, L2.H2, L2.H3",2067,0.0,0.0,0.0,0.0,0.0,0.0
5,all_0_250,"L1.H1, L1.H3, L2.H0, L2.H1, L2.H2, L2.H3",2067,0.0,0.0,0.0,0.0,0.0,0.0
5,all_0_251,"L1.H0, L1.H1, L1.H3, L2.H0, L2.H1, L2.H2, L2.H3",2067,0.0,0.0,0.0,0.0,0.0,0.0
5,all_0_252,"L1.H2, L1.H3, L2.H0, L2.H1, L2.H2, L2.H3",2067,0.0,0.0,0.0,0.0,0.0,0.0
5,all_0_253,"L1.H0, L1.H2, L1.H3, L2.H0, L2.H1, L2.H2, L2.H3",2067,0.0,0.0,0.0,0.0,0.0,0.0
5,all_0_254,"L1.H1, L1.H2, L1.H3, L2.H0, L2.H1, L2.H2, L2.H3",2067,0.0,0.0,0.0,0.0,0.0,0.0
5,all_0_255,"L1.H0, L1.H1, L1.H2, L1.H3, L2.H0, L2.H1, L2.H2, L2.H3",2067,0.0,0.0,0.0,0.0,0.0,0.0
5,all_1_000,none,2067,0.11562651185292695,0.11562651185292695,0.11562651185292695,0.10577342480798986,0.12547533052274112,0.11562651185292695
5,all_1_001,L1.H0,2067,0.10740203193033382,0.10836961780358007,0.10788582486695694,0.09864921888777232,0.11721932484118643,0.11175616835994194
5,all_1_002,L1.H1,2067,0.11611030478955008,0.11562651185292695,0.11586840832123851,0.10626074280116808,0.1254932991163898,0.11804547653604257
5,all_1_003,"L1.H0, L1.H1",2067,0.11756168359941944,0.11756168359941944,0.11756168359941944,0.1078750760447377,0.1274708466759844,0.11683599419448476
5,all_1_004,L1.H2,2067,0.09143686502177069,0.09337203676826318,0.09240445089501693,0.08377011683789529,0.10164975447159093,0.09869375907111756
5,all_1_005,"L1.H0, L1.H2",2067,0.09337203676826318,0.09337203676826318,0.09337203676826318,0.08451585252168717,0.10263253704649974,0.09530720851475569
5,all_1_007,"L1.H0, L1.H1, L1.H2",2067,0.09288824383164006,0.09192065795839381,0.09240445089501693,0.08373666005412134,0.10177289590068246,0.08901790033865506
5,all_1_008,L1.H3,2067,0.10885341074020319,0.10982099661344945,0.10933720367682633,0.10009361497839654,0.11937064830798104,0.10546686018384131
5,all_1_015,"L1.H0, L1.H1, L1.H2, L1.H3",2067,0.043057571359458154,0.04450895016932753,0.04378326076439284,0.036614493244561584,0.05096817440383393,0.04112239961296565
5,all_1_016,L2.H0,2067,0.358974358974359,0.366715045960329,0.36284470246734396,0.34420569769454346,0.3824245524256943,0.05104015481373972
5,all_1_017,"L1.H0, L2.H0",2067,0.3575229801644896,0.36816642477019834,0.36284470246734396,0.3451114663015156,0.3815799332246701,0.04765360425737784
5,all_1_019,"L1.H0, L1.H1, L2.H0",2067,0.3584905660377358,0.366715045960329,0.36260280599903244,0.3452072495508296,0.38048845512691676,0.04741170778906628
5,all_1_020,"L1.H2, L2.H0",2067,0.37010159651669083,0.38122883405902275,0.3756652152878568,0.35858777909344736,0.39334834240615885,0.04281567489114659
5,all_1_021,"L1.H0, L1.H2, L2.H0",2067,0.36623125302370585,0.37639090469279146,0.37131107885824866,0.354829826134805,0.38832679967518585,0.040638606676342524
5,all_1_022,"L1.H1, L1.H2, L2.H0",2067,0.36574746008708275,0.37784228350266086,0.3717948717948718,0.3545598217102144,0.38959766729444917,0.040880503144654086
5,all_1_023,"L1.H0, L1.H1, L1.H2, L2.H0",2067,0.36623125302370585,0.3749395258829221,0.370585389453314,0.3539944658308603,0.38758081380385206,0.03773584905660377
5,all_1_031,"L1.H0, L1.H1, L1.H2, L1.H3, L2.H0",2067,0.3168843734881471,0.32559264634736335,0.3212385099177552,0.3048695778052356,0.33838216899396384,0.02467343976777939
5,all_1_032,L2.H1,2067,0.10982099661344945,0.10885341074020319,0.10933720367682633,0.10028882801263937,0.11807670977214213,0.11175616835994194
5,all_1_063,"L1.H0, L1.H1, L1.H2, L1.H3, L2.H0, L2.H1",2067,0.2893081761006289,0.29172714078374457,0.29051765844218674,0.27338116219622727,0.30780243753303416,0.03531688437348815
5,all_1_064,L2.H2,2067,0.11030478955007257,0.10546686018384131,0.10788582486695694,0.09736382825407885,0.11923477557051028,0.11030478955007257
5,all_1_071,"L1.H0, L1.H1, L1.H2, L2.H2",2067,0.09772617319787132,0.09724238026124818,0.09748427672955975,0.08923292882580998,0.10625916657689981,0.09869375907111756
5,all_1_079,"L1.H0, L1.H1, L1.H2, L1.H3, L2.H2",2067,0.062409288824383166,0.061925495887760036,0.062167392356071605,0.0543835029280645,0.06985729533372576,0.05370101596516691
5,all_1_083,"L1.H0, L1.H1, L2.H0, L2.H2",2067,0.35607160135462024,0.3613933236574746,0.3587324625060474,0.3424039079784273,0.37451614668952177,0.04765360425737784
5,all_1_085,"L1.H0, L1.H2, L2.H0, L2.H2",2067,0.36574746008708275,0.3710691823899371,0.3684083212385099,0.3515363666245705,0.3853672480507559,0.045234639574262214
5,all_1_086,"L1.H1, L1.H2, L2.H0, L2.H2",2067,0.35800677310111273,0.36623125302370585,0.3621190130624093,0.3451258039376479,0.3786484424323094,0.04668601838413159
5,all_1_087,"L1.H0, L1.H1, L1.H2, L2.H0, L2.H2",2067,0.3618771165940977,0.370585389453314,0.36623125302370585,0.3494584680475844,0.38305094858622224,0.04450895016932753
5,all_1_091,"L1.H0, L1.H1, L1.H3, L2.H0, L2.H2",2067,0.3570391872278665,0.366715045960329,0.3618771165940977,0.34511921882874236,0.3774371818334806,0.04499274310595065
5,all_1_093,"L1.H0, L1.H2, L1.H3, L2.H0, L2.H2",2067,0.33768746976294145,0.34736332849540397,0.34252539912917274,0.32594376138541864,0.35854480193738103,0.03507498790517658
5,all_1_094,"L1.H1, L1.H2, L1.H3, L2.H0, L2.H2",2067,0.3352685050798258,0.3420416061925496,0.3386550556361877,0.3227403011586129,0.35485408036943683,0.036042573778422834
5,all_1_095,"L1.H0, L1.H1, L1.H2, L1.H3, L2.H0, L2.H2",2067,0.32946298984034833,0.3352685050798258,0.33236574746008707,0.3160119388609452,0.34806001108771406,0.03265602322206096
5,all_1_111,"L1.H0, L1.H1, L1.H2, L1.H3, L2.H1, L2.H2",2067,0.06289308176100629,0.06095791001451379,0.061925495887760036,0.053390991829558386,0.07095092170114076,0.05176584421867441
5,all_1_119,"L1.H0, L1.H1, L1.H2, L2.H0, L2.H1, L2.H2",2067,0.31398161586840834,0.31833575229801647,0.3161586840832124,0.2990864446301723,0.33285876463122266,0.055152394775036286
5,all_1_123,"L1.H0, L1.H1, L1.H3, L2.H0, L2.H1, L2.H2",2067,0.3096274794388002,0.3197871311078858,0.314707305273343,0.2977438517384361,0.33140197361832413,0.0582970488630866
5,all_1_125,"L1.H0, L1.H2, L1.H3, L2.H0, L2.H1, L2.H2",2067,0.29366231253023706,0.30382196419932267,0.29874213836477986,0.2820928873040113,0.315291808371174,0.04668601838413159
5,all_1_126,"L1.H1, L1.H2, L1.H3, L2.H0, L2.H1, L2.H2",2067,0.29221093372036766,0.29753265602322204,0.2948717948717949,0.27783021511892136,0.3117181178576575,0.04692791485244315
5,all_1_127,"L1.H0, L1.H1, L1.H2, L1.H3, L2.H0, L2.H1, L2.H2",2067,0.2897919690372521,0.29704886308659895,0.2934204160619255,0.27697356210035085,0.3095929026009961,0.045718432510885344
5,all_1_128,L2.H3,2067,0.04886308659893566,0.057087566521528785,0.05297532656023222,0.045657433380084156,0.06029073714694272,0.0887760038703435
5,all_1_191,"L1.H0, L1.H1, L1.H2, L1.H3, L2.H0, L2.H1, L2.H3",2067,0.09966134494436381,0.14949201741654572,0.12457668118045477,0.11143329144340718,0.13844721875088753,0.04862119013062409
5,all_1_223,"L1.H0, L1.H1, L1.H2, L1.H3, L2.H0, L2.H2, L2.H3",2067,0.10014513788098693,0.14658925979680695,0.12336719883889695,0.10938210404734372,0.138081969368898,0.04886308659893566
5,all_1_239,"L1.H0, L1.H1, L1.H2, L1.H3, L2.H1, L2.H2, L2.H3",2067,0.023222060957910014,0.023222060957910014,0.023222060957910014,0.018048688795158627,0.028983229461485106,0.06337687469762941
5,all_1_240,"L2.H0, L2.H1, L2.H2, L2.H3",2067,0.11901306240928883,0.16110304789550073,0.14005805515239478,0.12645189016714062,0.1545643861659819,0.07305273343009192
5,all_1_247,"L1.H0, L1.H1, L1.H2, L2.H0, L2.H1, L2.H2, L2.H3",2067,0.11369134010643445,0.15432994678277698,0.1340106434446057,0.12018262875630589,0.14838439299821193,0.06845670053217223
5,all_1_251,"L1.H0, L1.H1, L1.H3, L2.H0, L2.H1, L2.H2, L2.H3",2067,0.11127237542331882,0.16158684083212385,0.13642960812772134,0.12236854592226673,0.15083781742243663,0.06627963231736816
5,all_1_253,"L1.H0, L1.H2, L1.H3, L2.H0, L2.H1, L2.H2, L2.H3",2067,0.10788582486695694,0.1528785679729076,0.13038219641993226,0.11659615654697814,0.14493983806220553,0.05466860183841316
5,all_1_254,"L1.H1, L1.H2, L1.H3, L2.H0, L2.H1, L2.H2, L2.H3",2067,0.10982099661344945,0.15529753265602322,0.13255926463473633,0.11819441544185263,0.14744994888017296,0.05200774068698597
5,all_1_255,"L1.H0, L1.H1, L1.H2, L1.H3, L2.H0, L2.H1, L2.H2, L2.H3",2067,0.1069182389937107,0.15239477503628446,0.1296565070149976,0.11575495940262252,0.14476995203937817,0.05079825834542816
7,answer_0_000,none,2067,0.0,0.0,0.0,0.0,0.0,0.0
7,answer_0_001,L1.H0,2067,0.0,0.0,0.0,0.0,0.0,0.0
7,answer_0_002,L1.H1,2067,0.0,0.0,0.0,0.0,0.0,0.0
7,answer_0_003,"L1.H0, L1.H1",2067,0.0,0.0,0.0,0.0,0.0,0.0
7,answer_0_004,L1.H2,2067,0.0,0.0,0.0,0.0,0.0,0.0
7,answer_0_005,"L1.H0, L1.H2",2067,0.0,0.0,0.0,0.0,0.0,0.0
7,answer_0_006,"L1.H1, L1.H2",2067,0.0,0.0,0.0,0.0,0.0,0.0
7,answer_0_007,"L1.H0, L1.H1, L1.H2",2067,0.0,0.0,0.0,0.0,0.0,0.0
7,answer_0_008,L1.H3,2067,0.0,0.0,0.0,0.0,0.0,0.0
7,answer_0_009,"L1.H0, L1.H3",2067,0.0,0.0,0.0,0.0,0.0,0.0
7,answer_0_010,"L1.H1, L1.H3",2067,0.0,0.0,0.0,0.0,0.0,0.0
7,answer_0_011,"L1.H0, L1.H1, L1.H3",2067,0.0,0.0,0.0,0.0,0.0,0.0
7,answer_0_012,"L1.H2, L1.H3",2067,0.0,0.0,0.0,0.0,0.0,0.0
7,answer_0_013,"L1.H0, L1.H2, L1.H3",2067,0.0,0.0,0.0,0.0,0.0,0.0
7,answer_0_014,"L1.H1, L1.H2, L1.H3",2067,0.0,0.0,0.0,0.0,0.0,0.0
7,answer_0_015,"L1.H0, L1.H1, L1.H2, L1.H3",2067,0.0,0.0,0.0,0.0,0.0,0.0
7,answer_0_016,L2.H0,2067,0.0,0.0,0.0,0.0,0.0,0.0
7,answer_0_017,"L1.H0, L2.H0",2067,0.0,0.0,0.0,0.0,0.0,0.0
7,answer_0_018,"L1.H1, L2.H0",2067,0.0,0.0,0.0,0.0,0.0,0.0
7,answer_0_019,"L1.H0, L1.H1, L2.H0",2067,0.0,0.0,0.0,0.0,0.0,0.0
7,answer_0_020,"L1.H2, L2.H0",2067,0.0,0.0,0.0,0.0,0.0,0.0
7,answer_0_021,"L1.H0, L1.H2, L2.H0",2067,0.0,0.0,0.0,0.0,0.0,0.0
7,answer_0_022,"L1.H1, L1.H2, L2.H0",2067,0.0,0.0,0.0,0.0,0.0,0.0
7,answer_0_023,"L1.H0, L1.H1, L1.H2, L2.H0",2067,0.0,0.0,0.0,0.0,0.0,0.0
7,answer_0_024,"L1.H3, L2.H0",2067,0.0,0.0,0.0,0.0,0.0,0.0
7,answer_0_025,"L1.H0, L1.H3, L2.H0",2067,0.0,0.0,0.0,0.0,0.0,0.0
7,answer_0_026,"L1.H1, L1.H3, L2.H0",2067,0.0,0.0,0.0,0.0,0.0,0.0
7,answer_0_027,"L1.H0, L1.H1, L1.H3, L2.H0",2067,0.0,0.0,0.0,0.0,0.0,0.0
7,answer_0_028,"L1.H2, L1.H3, L2.H0",2067,0.0,0.0,0.0,0.0,0.0,0.0
7,answer_0_029,"L1.H0, L1.H2, L1.H3, L2.H0",2067,0.0,0.0,0.0,0.0,0.0,0.0
7,answer_0_030,"L1.H1, L1.H2, L1.H3, L2.H0",2067,0.0,0.0,0.0,0.0,0.0,0.0
7,answer_0_031,"L1.H0, L1.H1, L1.H2, L1.H3, L2.H0",2067,0.0,0.0,0.0,0.0,0.0,0.0
7,answer_0_032,L2.H1,2067,0.0,0.0,0.0,0.0,0.0,0.0
7,answer_0_033,"L1.H0, L2.H1",2067,0.0,0.0,0.0,0.0,0.0,0.0
7,answer_0_034,"L1.H1, L2.H1",2067,0.0,0.0,0.0,0.0,0.0,0.0
7,answer_0_035,"L1.H0, L1.H1, L2.H1",2067,0.0,0.0,0.0,0.0,0.0,0.0
7,answer_0_036,"L1.H2, L2.H1",2067,0.0,0.0,0.0,0.0,0.0,0.0
7,answer_0_037,"L1.H0, L1.H2, L2.H1",2067,0.0,0.0,0.0,0.0,0.0,0.0
7,answer_0_038,"L1.H1, L1.H2, L2.H1",2067,0.0,0.0,0.0,0.0,0.0,0.0
7,answer_0_039,"L1.H0, L1.H1, L1.H2, L2.H1",2067,0.0,0.0,0.0,0.0,0.0,0.0
7,answer_0_040,"L1.H3, L2.H1",2067,0.0,0.0,0.0,0.0,0.0,0.0
7,answer_0_041,"L1.H0, L1.H3, L2.H1",2067,0.0,0.0,0.0,0.0,0.0,0.0
7,answer_0_042,"L1.H1, L1.H3, L2.H1",2067,0.0,0.0,0.0,0.0,0.0,0.0
7,answer_0_043,"L1.H0, L1.H1, L1.H3, L2.H1",2067,0.0,0.0,0.0,0.0,0.0,0.0
7,answer_0_044,"L1.H2, L1.H3, L2.H1",2067,0.0,0.0,0.0,0.0,0.0,0.0
7,answer_0_045,"L1.H0, L1.H2, L1.H3, L2.H1",2067,0.0,0.0,0.0,0.0,0.0,0.0
7,answer_0_046,"L1.H1, L1.H2, L1.H3, L2.H1",2067,0.0,0.0,0.0,0.0,0.0,0.0
7,answer_0_047,"L1.H0, L1.H1, L1.H2, L1.H3, L2.H1",2067,0.0,0.0,0.0,0.0,0.0,0.0
7,answer_0_048,"L2.H0, L2.H1",2067,0.0,0.0,0.0,0.0,0.0,0.0
7,answer_0_049,"L1.H0, L2.H0, L2.H1",2067,0.0,0.0,0.0,0.0,0.0,0.0
7,answer_0_050,"L1.H1, L2.H0, L2.H1",2067,0.0,0.0,0.0,0.0,0.0,0.0
7,answer_0_051,"L1.H0, L1.H1, L2.H0, L2.H1",2067,0.0,0.0,0.0,0.0,0.0,0.0
7,answer_0_052,"L1.H2, L2.H0, L2.H1",2067,0.0,0.0,0.0,0.0,0.0,0.0
7,answer_0_053,"L1.H0, L1.H2, L2.H0, L2.H1",2067,0.0,0.0,0.0,0.0,0.0,0.0
7,answer_0_054,"L1.H1, L1.H2, L2.H0, L2.H1",2067,0.0,0.0,0.0,0.0,0.0,0.0
7,answer_0_055,"L1.H0, L1.H1, L1.H2, L2.H0, L2.H1",2067,0.0,0.0,0.0,0.0,0.0,0.0
7,answer_0_056,"L1.H3, L2.H0, L2.H1",2067,0.0,0.0,0.0,0.0,0.0,0.0
7,answer_0_057,"L1.H0, L1.H3, L2.H0, L2.H1",2067,0.0,0.0,0.0,0.0,0.0,0.0
7,answer_0_058,"L1.H1, L1.H3, L2.H0, L2.H1",2067,0.0,0.0,0.0,0.0,0.0,0.0
7,answer_0_059,"L1.H0, L1.H1, L1.H3, L2.H0, L2.H1",2067,0.0,0.0,0.0,0.0,0.0,0.0
7,answer_0_060,"L1.H2, L1.H3, L2.H0, L2.H1",2067,0.0,0.0,0.0,0.0,0.0,0.0
7,answer_0_061,"L1.H0, L1.H2, L1.H3, L2.H0, L2.H1",2067,0.0,0.0,0.0,0.0,0.0,0.0
7,answer_0_062,"L1.H1, L1.H2, L1.H3, L2.H0, L2.H1",2067,0.0,0.0,0.0,0.0,0.0,0.0
7,answer_0_063,"L1.H0, L1.H1, L1.H2, L1.H3, L2.H0, L2.H1",2067,0.0,0.0,0.0,0.0,0.0,0.0
7,answer_0_064,L2.H2,2067,0.0,0.0,0.0,0.0,0.0,0.0
7,answer_0_065,"L1.H0, L2.H2",2067,0.0,0.0,0.0,0.0,0.0,0.0
7,answer_0_066,"L1.H1, L2.H2",2067,0.0,0.0,0.0,0.0,0.0,0.0
7,answer_0_067,"L1.H0, L1.H1, L2.H2",2067,0.0,0.0,0.0,0.0,0.0,0.0
7,answer_0_068,"L1.H2, L2.H2",2067,0.0,0.0,0.0,0.0,0.0,0.0
7,answer_0_069,"L1.H0, L1.H2, L2.H2",2067,0.0,0.0,0.0,0.0,0.0,0.0
7,answer_0_070,"L1.H1, L1.H2, L2.H2",2067,0.0,0.0,0.0,0.0,0.0,0.0
7,answer_0_071,"L1.H0, L1.H1, L1.H2, L2.H2",2067,0.0,0.0,0.0,0.0,0.0,0.0
7,answer_0_072,"L1.H3, L2.H2",2067,0.0,0.0,0.0,0.0,0.0,0.0
7,answer_0_073,"L1.H0, L1.H3, L2.H2",2067,0.0,0.0,0.0,0.0,0.0,0.0
7,answer_0_074,"L1.H1, L1.H3, L2.H2",2067,0.0,0.0,0.0,0.0,0.0,0.0
7,answer_0_075,"L1.H0, L1.H1, L1.H3, L2.H2",2067,0.0,0.0,0.0,0.0,0.0,0.0
7,answer_0_076,"L1.H2, L1.H3, L2.H2",2067,0.0,0.0,0.0,0.0,0.0,0.0
7,answer_0_077,"L1.H0, L1.H2, L1.H3, L2.H2",2067,0.0,0.0,0.0,0.0,0.0,0.0
7,answer_0_078,"L1.H1, L1.H2, L1.H3, L2.H2",2067,0.0,0.0,0.0,0.0,0.0,0.0
7,answer_0_079,"L1.H0, L1.H1, L1.H2, L1.H3, L2.H2",2067,0.0,0.0,0.0,0.0,0.0,0.0
7,answer_0_080,"L2.H0, L2.H2",2067,0.0,0.0,0.0,0.0,0.0,0.0
7,answer_0_081,"L1.H0, L2.H0, L2.H2",2067,0.0,0.0,0.0,0.0,0.0,0.0
7,answer_0_082,"L1.H1, L2.H0, L2.H2",2067,0.0,0.0,0.0,0.0,0.0,0.0
7,answer_0_083,"L1.H0, L1.H1, L2.H0, L2.H2",2067,0.0,0.0,0.0,0.0,0.0,0.0
7,answer_0_084,"L1.H2, L2.H0, L2.H2",2067,0.0,0.0,0.0,0.0,0.0,0.0
7,answer_0_085,"L1.H0, L1.H2, L2.H0, L2.H2",2067,0.0,0.0,0.0,0.0,0.0,0.0
7,answer_0_086,"L1.H1, L1.H2, L2.H0, L2.H2",2067,0.0,0.0,0.0,0.0,0.0,0.0
7,answer_0_087,"L1.H0, L1.H1, L1.H2, L2.H0, L2.H2",2067,0.0,0.0,0.0,0.0,0.0,0.0
7,answer_0_088,"L1.H3, L2.H0, L2.H2",2067,0.0,0.0,0.0,0.0,0.0,0.0
7,answer_0_089,"L1.H0, L1.H3, L2.H0, L2.H2",2067,0.0,0.0,0.0,0.0,0.0,0.0
7,answer_0_090,"L1.H1, L1.H3, L2.H0, L2.H2",2067,0.0,0.0,0.0,0.0,0.0,0.0
7,answer_0_091,"L1.H0, L1.H1, L1.H3, L2.H0, L2.H2",2067,0.0,0.0,0.0,0.0,0.0,0.0
7,answer_0_092,"L1.H2, L1.H3, L2.H0, L2.H2",2067,0.0,0.0,0.0,0.0,0.0,0.0
7,answer_0_093,"L1.H0, L1.H2, L1.H3, L2.H0, L2.H2",2067,0.0,0.0,0.0,0.0,0.0,0.0
7,answer_0_094,"L1.H1, L1.H2, L1.H3, L2.H0, L2.H2",2067,0.0,0.0,0.0,0.0,0.0,0.0
7,answer_0_095,"L1.H0, L1.H1, L1.H2, L1.H3, L2.H0, L2.H2",2067,0.0,0.0,0.0,0.0,0.0,0.0
7,answer_0_096,"L2.H1, L2.H2",2067,0.0,0.0,0.0,0.0,0.0,0.0
7,answer_0_097,"L1.H0, L2.H1, L2.H2",2067,0.0,0.0,0.0,0.0,0.0,0.0
7,answer_0_098,"L1.H1, L2.H1, L2.H2",2067,0.0,0.0,0.0,0.0,0.0,0.0
7,answer_0_099,"L1.H0, L1.H1, L2.H1, L2.H2",2067,0.0,0.0,0.0,0.0,0.0,0.0
7,answer_0_100,"L1.H2, L2.H1, L2.H2",2067,0.0,0.0,0.0,0.0,0.0,0.0
7,answer_0_101,"L1.H0, L1.H2, L2.H1, L2.H2",2067,0.0,0.0,0.0,0.0,0.0,0.0
7,answer_0_102,"L1.H1, L1.H2, L2.H1, L2.H2",2067,0.0,0.0,0.0,0.0,0.0,0.0
7,answer_0_103,"L1.H0, L1.H1, L1.H2, L2.H1, L2.H2",2067,0.0,0.0,0.0,0.0,0.0,0.0
7,answer_0_104,"L1.H3, L2.H1, L2.H2",2067,0.0,0.0,0.0,0.0,0.0,0.0
7,answer_0_105,"L1.H0, L1.H3, L2.H1, L2.H2",2067,0.0,0.0,0.0,0.0,0.0,0.0
7,answer_0_106,"L1.H1, L1.H3, L2.H1, L2.H2",2067,0.0,0.0,0.0,0.0,0.0,0.0
7,answer_0_107,"L1.H0, L1.H1, L1.H3, L2.H1, L2.H2",2067,0.0,0.0,0.0,0.0,0.0,0.0
7,answer_0_108,"L1.H2, L1.H3, L2.H1, L2.H2",2067,0.0,0.0,0.0,0.0,0.0,0.0
7,answer_0_109,"L1.H0, L1.H2, L1.H3, L2.H1, L2.H2",2067,0.0,0.0,0.0,0.0,0.0,0.0
7,answer_0_110,"L1.H1, L1.H2, L1.H3, L2.H1, L2.H2",2067,0.0,0.0,0.0,0.0,0.0,0.0
7,answer_0_111,"L1.H0, L1.H1, L1.H2, L1.H3, L2.H1, L2.H2",2067,0.0,0.0,0.0,0.0,0.0,0.0
7,answer_0_112,"L2.H0, L2.H1, L2.H2",2067,0.0,0.0,0.0,0.0,0.0,0.0
7,answer_0_113,"L1.H0, L2.H0, L2.H1, L2.H2",2067,0.0,0.0,0.0,0.0,0.0,0.0
7,answer_0_114,"L1.H1, L2.H0, L2.H1, L2.H2",2067,0.0,0.0,0.0,0.0,0.0,0.0
7,answer_0_115,"L1.H0, L1.H1, L2.H0, L2.H1, L2.H2",2067,0.0,0.0,0.0,0.0,0.0,0.0
7,answer_0_116,"L1.H2, L2.H0, L2.H1, L2.H2",2067,0.0,0.0,0.0,0.0,0.0,0.0
7,answer_0_117,"L1.H0, L1.H2, L2.H0, L2.H1, L2.H2",2067,0.0,0.0,0.0,0.0,0.0,0.0
7,answer_0_118,"L1.H1, L1.H2, L2.H0, L2.H1, L2.H2",2067,0.0,0.0,0.0,0.0,0.0,0.0
7,answer_0_119,"L1.H0, L1.H1, L1.H2, L2.H0, L2.H1, L2.H2",2067,0.0,0.0,0.0,0.0,0.0,0.0
7,answer_0_120,"L1.H3, L2.H0, L2.H1, L2.H2",2067,0.0,0.0,0.0,0.0,0.0,0.0
7,answer_0_121,"L1.H0, L1.H3, L2.H0, L2.H1, L2.H2",2067,0.0,0.0,0.0,0.0,0.0,0.0
7,answer_0_122,"L1.H1, L1.H3, L2.H0, L2.H1, L2.H2",2067,0.0,0.0,0.0,0.0,0.0,0.0
7,answer_0_123,"L1.H0, L1.H1, L1.H3, L2.H0, L2.H1, L2.H2",2067,0.0,0.0,0.0,0.0,0.0,0.0
7,answer_0_124,"L1.H2, L1.H3, L2.H0, L2.H1, L2.H2",2067,0.0,0.0,0.0,0.0,0.0,0.0
7,answer_0_125,"L1.H0, L1.H2, L1.H3, L2.H0, L2.H1, L2.H2",2067,0.0,0.0,0.0,0.0,0.0,0.0
7,answer_0_126,"L1.H1, L1.H2, L1.H3, L2.H0, L2.H1, L2.H2",2067,0.0,0.0,0.0,0.0,0.0,0.0
7,answer_0_127,"L1.H0, L1.H1, L1.H2, L1.H3, L2.H0, L2.H1, L2.H2",2067,0.0,0.0,0.0,0.0,0.0,0.0
7,answer_0_128,L2.H3,2067,0.0,0.0,0.0,0.0,0.0,0.0
7,answer_0_129,"L1.H0, L2.H3",2067,0.0,0.0,0.0,0.0,0.0,0.0
7,answer_0_130,"L1.H1, L2.H3",2067,0.0,0.0,0.0,0.0,0.0,0.0
7,answer_0_131,"L1.H0, L1.H1, L2.H3",2067,0.0,0.0,0.0,0.0,0.0,0.0
7,answer_0_132,"L1.H2, L2.H3",2067,0.0,0.0,0.0,0.0,0.0,0.0
7,answer_0_133,"L1.H0, L1.H2, L2.H3",2067,0.0,0.0,0.0,0.0,0.0,0.0
7,answer_0_134,"L1.H1, L1.H2, L2.H3",2067,0.0,0.0,0.0,0.0,0.0,0.0
7,answer_0_135,"L1.H0, L1.H1, L1.H2, L2.H3",2067,0.0,0.0,0.0,0.0,0.0,0.0
7,answer_0_136,"L1.H3, L2.H3",2067,0.0,0.0,0.0,0.0,0.0,0.0
7,answer_0_137,"L1.H0, L1.H3, L2.H3",2067,0.0,0.0,0.0,0.0,0.0,0.0
7,answer_0_138,"L1.H1, L1.H3, L2.H3",2067,0.0,0.0,0.0,0.0,0.0,0.0
7,answer_0_139,"L1.H0, L1.H1, L1.H3, L2.H3",2067,0.0,0.0,0.0,0.0,0.0,0.0
7,answer_0_140,"L1.H2, L1.H3, L2.H3",2067,0.0,0.0,0.0,0.0,0.0,0.0
7,answer_0_141,"L1.H0, L1.H2, L1.H3, L2.H3",2067,0.0,0.0,0.0,0.0,0.0,0.0
7,answer_0_142,"L1.H1, L1.H2, L1.H3, L2.H3",2067,0.0,0.0,0.0,0.0,0.0,0.0
7,answer_0_143,"L1.H0, L1.H1, L1.H2, L1.H3, L2.H3",2067,0.0,0.0,0.0,0.0,0.0,0.0
7,answer_0_144,"L2.H0, L2.H3",2067,0.0,0.0,0.0,0.0,0.0,0.0
7,answer_0_145,"L1.H0, L2.H0, L2.H3",2067,0.0,0.0,0.0,0.0,0.0,0.0
7,answer_0_146,"L1.H1, L2.H0, L2.H3",2067,0.0,0.0,0.0,0.0,0.0,0.0
7,answer_0_147,"L1.H0, L1.H1, L2.H0, L2.H3",2067,0.0,0.0,0.0,0.0,0.0,0.0
7,answer_0_148,"L1.H2, L2.H0, L2.H3",2067,0.0,0.0,0.0,0.0,0.0,0.0
7,answer_0_149,"L1.H0, L1.H2, L2.H0, L2.H3",2067,0.0,0.0,0.0,0.0,0.0,0.0
7,answer_0_150,"L1.H1, L1.H2, L2.H0, L2.H3",2067,0.0,0.0,0.0,0.0,0.0,0.0
7,answer_0_151,"L1.H0, L1.H1, L1.H2, L2.H0, L2.H3",2067,0.0,0.0,0.0,0.0,0.0,0.0
7,answer_0_152,"L1.H3, L2.H0, L2.H3",2067,0.0,0.0,0.0,0.0,0.0,0.0
7,answer_0_153,"L1.H0, L1.H3, L2.H0, L2.H3",2067,0.0,0.0,0.0,0.0,0.0,0.0
7,answer_0_154,"L1.H1, L1.H3, L2.H0, L2.H3",2067,0.0,0.0,0.0,0.0,0.0,0.0
7,answer_0_155,"L1.H0, L1.H1, L1.H3, L2.H0, L2.H3",2067,0.0,0.0,0.0,0.0,0.0,0.0
7,answer_0_156,"L1.H2, L1.H3, L2.H0, L2.H3",2067,0.0,0.0,0.0,0.0,0.0,0.0
7,answer_0_157,"L1.H0, L1.H2, L1.H3, L2.H0, L2.H3",2067,0.0,0.0,0.0,0.0,0.0,0.0
7,answer_0_158,"L1.H1, L1.H2, L1.H3, L2.H0, L2.H3",2067,0.0,0.0,0.0,0.0,0.0,0.0
7,answer_0_159,"L1.H0, L1.H1, L1.H2, L1.H3, L2.H0, L2.H3",2067,0.0,0.0,0.0,0.0,0.0,0.0
7,answer_0_160,"L2.H1, L2.H3",2067,0.0,0.0,0.0,0.0,0.0,0.0
7,answer_0_161,"L1.H0, L2.H1, L2.H3",2067,0.0,0.0,0.0,0.0,0.0,0.0
7,answer_0_162,"L1.H1, L2.H1, L2.H3",2067,0.0,0.0,0.0,0.0,0.0,0.0
7,answer_0_163,"L1.H0, L1.H1, L2.H1, L2.H3",2067,0.0,0.0,0.0,0.0,0.0,0.0
7,answer_0_164,"L1.H2, L2.H1, L2.H3",2067,0.0,0.0,0.0,0.0,0.0,0.0
7,answer_0_165,"L1.H0, L1.H2, L2.H1, L2.H3",2067,0.0,0.0,0.0,0.0,0.0,0.0
7,answer_0_166,"L1.H1, L1.H2, L2.H1, L2.H3",2067,0.0,0.0,0.0,0.0,0.0,0.0
7,answer_0_167,"L1.H0, L1.H1, L1.H2, L2.H1, L2.H3",2067,0.0,0.0,0.0,0.0,0.0,0.0
7,answer_0_168,"L1.H3, L2.H1, L2.H3",2067,0.0,0.0,0.0,0.0,0.0,0.0
7,answer_0_169,"L1.H0, L1.H3, L2.H1, L2.H3",2067,0.0,0.0,0.0,0.0,0.0,0.0
7,answer_0_170,"L1.H1, L1.H3, L2.H1, L2.H3",2067,0.0,0.0,0.0,0.0,0.0,0.0
7,answer_0_171,"L1.H0, L1.H1, L1.H3, L2.H1, L2.H3",2067,0.0,0.0,0.0,0.0,0.0,0.0
7,answer_0_172,"L1.H2, L1.H3, L2.H1, L2.H3",2067,0.0,0.0,0.0,0.0,0.0,0.0
7,answer_0_173,"L1.H0, L1.H2, L1.H3, L2.H1, L2.H3",2067,0.0,0.0,0.0,0.0,0.0,0.0
7,answer_0_174,"L1.H1, L1.H2, L1.H3, L2.H1, L2.H3",2067,0.0,0.0,0.0,0.0,0.0,0.0
7,answer_0_175,"L1.H0, L1.H1, L1.H2, L1.H3, L2.H1, L2.H3",2067,0.0,0.0,0.0,0.0,0.0,0.0
7,answer_0_176,"L2.H0, L2.H1, L2.H3",2067,0.0,0.0,0.0,0.0,0.0,0.0
7,answer_0_177,"L1.H0, L2.H0, L2.H1, L2.H3",2067,0.0,0.0,0.0,0.0,0.0,0.0
7,answer_0_178,"L1.H1, L2.H0, L2.H1, L2.H3",2067,0.0,0.0,0.0,0.0,0.0,0.0
7,answer_0_179,"L1.H0, L1.H1, L2.H0, L2.H1, L2.H3",2067,0.0,0.0,0.0,0.0,0.0,0.0
7,answer_0_180,"L1.H2, L2.H0, L2.H1, L2.H3",2067,0.0,0.0,0.0,0.0,0.0,0.0
7,answer_0_181,"L1.H0, L1.H2, L2.H0, L2.H1, L2.H3",2067,0.0,0.0,0.0,0.0,0.0,0.0
7,answer_0_182,"L1.H1, L1.H2, L2.H0, L2.H1, L2.H3",2067,0.0,0.0,0.0,0.0,0.0,0.0
7,answer_0_183,"L1.H0, L1.H1, L1.H2, L2.H0, L2.H1, L2.H3",2067,0.0,0.0,0.0,0.0,0.0,0.0
7,answer_0_184,"L1.H3, L2.H0, L2.H1, L2.H3",2067,0.0,0.0,0.0,0.0,0.0,0.0
7,answer_0_185,"L1.H0, L1.H3, L2.H0, L2.H1, L2.H3",2067,0.0,0.0,0.0,0.0,0.0,0.0
7,answer_0_186,"L1.H1, L1.H3, L2.H0, L2.H1, L2.H3",2067,0.0,0.0,0.0,0.0,0.0,0.0
7,answer_0_187,"L1.H0, L1.H1, L1.H3, L2.H0, L2.H1, L2.H3",2067,0.0,0.0,0.0,0.0,0.0,0.0
7,answer_0_188,"L1.H2, L1.H3, L2.H0, L2.H1, L2.H3",2067,0.0,0.0,0.0,0.0,0.0,0.0
7,answer_0_189,"L1.H0, L1.H2, L1.H3, L2.H0, L2.H1, L2.H3",2067,0.0,0.0,0.0,0.0,0.0,0.0
7,answer_0_190,"L1.H1, L1.H2, L1.H3, L2.H0, L2.H1, L2.H3",2067,0.0,0.0,0.0,0.0,0.0,0.0
7,answer_0_191,"L1.H0, L1.H1, L1.H2, L1.H3, L2.H0, L2.H1, L2.H3",2067,0.0,0.0,0.0,0.0,0.0,0.0
7,answer_0_192,"L2.H2, L2.H3",2067,0.0,0.0,0.0,0.0,0.0,0.0
7,answer_0_193,"L1.H0, L2.H2, L2.H3",2067,0.0,0.0,0.0,0.0,0.0,0.0
7,answer_0_194,"L1.H1, L2.H2, L2.H3",2067,0.0,0.0,0.0,0.0,0.0,0.0
7,answer_0_195,"L1.H0, L1.H1, L2.H2, L2.H3",2067,0.0,0.0,0.0,0.0,0.0,0.0
7,answer_0_196,"L1.H2, L2.H2, L2.H3",2067,0.0,0.0,0.0,0.0,0.0,0.0
7,answer_0_197,"L1.H0, L1.H2, L2.H2, L2.H3",2067,0.0,0.0,0.0,0.0,0.0,0.0
7,answer_0_198,"L1.H1, L1.H2, L2.H2, L2.H3",2067,0.0,0.0,0.0,0.0,0.0,0.0
7,answer_0_199,"L1.H0, L1.H1, L1.H2, L2.H2, L2.H3",2067,0.0,0.0,0.0,0.0,0.0,0.0
7,answer_0_200,"L1.H3, L2.H2, L2.H3",2067,0.0,0.0,0.0,0.0,0.0,0.0
7,answer_0_201,"L1.H0, L1.H3, L2.H2, L2.H3",2067,0.0,0.0,0.0,0.0,0.0,0.0
7,answer_0_202,"L1.H1, L1.H3, L2.H2, L2.H3",2067,0.0,0.0,0.0,0.0,0.0,0.0
7,answer_0_203,"L1.H0, L1.H1, L1.H3, L2.H2, L2.H3",2067,0.0,0.0,0.0,0.0,0.0,0.0
7,answer_0_204,"L1.H2, L1.H3, L2.H2, L2.H3",2067,0.0,0.0,0.0,0.0,0.0,0.0
7,answer_0_205,"L1.H0, L1.H2, L1.H3, L2.H2, L2.H3",2067,0.0,0.0,0.0,0.0,0.0,0.0
7,answer_0_206,"L1.H1, L1.H2, L1.H3, L2.H2, L2.H3",2067,0.0,0.0,0.0,0.0,0.0,0.0
7,answer_0_207,"L1.H0, L1.H1, L1.H2, L1.H3, L2.H2, L2.H3",2067,0.0,0.0,0.0,0.0,0.0,0.0
7,answer_0_208,"L2.H0, L2.H2, L2.H3",2067,0.0,0.0,0.0,0.0,0.0,0.0
7,answer_0_209,"L1.H0, L2.H0, L2.H2, L2.H3",2067,0.0,0.0,0.0,0.0,0.0,0.0
7,answer_0_210,"L1.H1, L2.H0, L2.H2, L2.H3",2067,0.0,0.0,0.0,0.0,0.0,0.0
7,answer_0_211,"L1.H0, L1.H1, L2.H0, L2.H2, L2.H3",2067,0.0,0.0,0.0,0.0,0.0,0.0
7,answer_0_212,"L1.H2, L2.H0, L2.H2, L2.H3",2067,0.0,0.0,0.0,0.0,0.0,0.0
7,answer_0_213,"L1.H0, L1.H2, L2.H0, L2.H2, L2.H3",2067,0.0,0.0,0.0,0.0,0.0,0.0
7,answer_0_214,"L1.H1, L1.H2, L2.H0, L2.H2, L2.H3",2067,0.0,0.0,0.0,0.0,0.0,0.0
7,answer_0_215,"L1.H0, L1.H1, L1.H2, L2.H0, L2.H2, L2.H3",2067,0.0,0.0,0.0,0.0,0.0,0.0
7,answer_0_216,"L1.H3, L2.H0, L2.H2, L2.H3",2067,0.0,0.0,0.0,0.0,0.0,0.0
7,answer_0_217,"L1.H0, L1.H3, L2.H0, L2.H2, L2.H3",2067,0.0,0.0,0.0,0.0,0.0,0.0
7,answer_0_218,"L1.H1, L1.H3, L2.H0, L2.H2, L2.H3",2067,0.0,0.0,0.0,0.0,0.0,0.0
7,answer_0_219,"L1.H0, L1.H1, L1.H3, L2.H0, L2.H2, L2.H3",2067,0.0,0.0,0.0,0.0,0.0,0.0
7,answer_0_220,"L1.H2, L1.H3, L2.H0, L2.H2, L2.H3",2067,0.0,0.0,0.0,0.0,0.0,0.0
7,answer_0_221,"L1.H0, L1.H2, L1.H3, L2.H0, L2.H2, L2.H3",2067,0.0,0.0,0.0,0.0,0.0,0.0
7,answer_0_222,"L1.H1, L1.H2, L1.H3, L2.H0, L2.H2, L2.H3",2067,0.0,0.0,0.0,0.0,0.0,0.0
7,answer_0_223,"L1.H0, L1.H1, L1.H2, L1.H3, L2.H0, L2.H2, L2.H3",2067,0.0,0.0,0.0,0.0,0.0,0.0
7,answer_0_224,"L2.H1, L2.H2, L2.H3",2067,0.0,0.0,0.0,0.0,0.0,0.0
7,answer_0_225,"L1.H0, L2.H1, L2.H2, L2.H3",2067,0.0,0.0,0.0,0.0,0.0,0.0
7,answer_0_226,"L1.H1, L2.H1, L2.H2, L2.H3",2067,0.0,0.0,0.0,0.0,0.0,0.0
7,answer_0_227,"L1.H0, L1.H1, L2.H1, L2.H2, L2.H3",2067,0.0,0.0,0.0,0.0,0.0,0.0
7,answer_0_228,"L1.H2, L2.H1, L2.H2, L2.H3",2067,0.0,0.0,0.0,0.0,0.0,0.0
7,answer_0_229,"L1.H0, L1.H2, L2.H1, L2.H2, L2.H3",2067,0.0,0.0,0.0,0.0,0.0,0.0
7,answer_0_230,"L1.H1, L1.H2, L2.H1, L2.H2, L2.H3",2067,0.0,0.0,0.0,0.0,0.0,0.0
7,answer_0_231,"L1.H0, L1.H1, L1.H2, L2.H1, L2.H2, L2.H3",2067,0.0,0.0,0.0,0.0,0.0,0.0
7,answer_0_232,"L1.H3, L2.H1, L2.H2, L2.H3",2067,0.0,0.0,0.0,0.0,0.0,0.0
7,answer_0_233,"L1.H0, L1.H3, L2.H1, L2.H2, L2.H3",2067,0.0,0.0,0.0,0.0,0.0,0.0
7,answer_0_234,"L1.H1, L1.H3, L2.H1, L2.H2, L2.H3",2067,0.0,0.0,0.0,0.0,0.0,0.0
7,answer_0_235,"L1.H0, L1.H1, L1.H3, L2.H1, L2.H2, L2.H3",2067,0.0,0.0,0.0,0.0,0.0,0.0
7,answer_0_236,"L1.H2, L1.H3, L2.H1, L2.H2, L2.H3",2067,0.0,0.0,0.0,0.0,0.0,0.0
7,answer_0_237,"L1.H0, L1.H2, L1.H3, L2.H1, L2.H2, L2.H3",2067,0.0,0.0,0.0,0.0,0.0,0.0
7,answer_0_238,"L1.H1, L1.H2, L1.H3, L2.H1, L2.H2, L2.H3",2067,0.0,0.0,0.0,0.0,0.0,0.0
7,answer_0_239,"L1.H0, L1.H1, L1.H2, L1.H3, L2.H1, L2.H2, L2.H3",2067,0.0,0.0,0.0,0.0,0.0,0.0
7,answer_0_240,"L2.H0, L2.H1, L2.H2, L2.H3",2067,0.0,0.0,0.0,0.0,0.0,0.0
7,answer_0_241,"L1.H0, L2.H0, L2.H1, L2.H2, L2.H3",2067,0.0,0.0,0.0,0.0,0.0,0.0
7,answer_0_242,"L1.H1, L2.H0, L2.H1, L2.H2, L2.H3",2067,0.0,0.0,0.0,0.0,0.0,0.0
7,answer_0_243,"L1.H0, L1.H1, L2.H0, L2.H1, L2.H2, L2.H3",2067,0.0,0.0,0.0,0.0,0.0,0.0
7,answer_0_244,"L1.H2, L2.H0, L2.H1, L2.H2, L2.H3",2067,0.0,0.0,0.0,0.0,0.0,0.0
7,answer_0_245,"L1.H0, L1.H2, L2.H0, L2.H1, L2.H2, L2.H3",2067,0.0,0.0,0.0,0.0,0.0,0.0
7,answer_0_246,"L1.H1, L1.H2, L2.H0, L2.H1, L2.H2, L2.H3",2067,0.0,0.0,0.0,0.0,0.0,0.0
7,answer_0_247,"L1.H0, L1.H1, L1.H2, L2.H0, L2.H1, L2.H2, L2.H3",2067,0.0,0.0,0.0,0.0,0.0,0.0
7,answer_0_248,"L1.H3, L2.H0, L2.H1, L2.H2, L2.H3",2067,0.0,0.0,0.0,0.0,0.0,0.0
7,answer_0_249,"L1.H0, L1.H3, L2.H0, L2.H1, L2.H2, L2.H3",2067,0.0,0.0,0.0,0.0,0.0,0.0
7,answer_0_250,"L1.H1, L1.H3, L2.H0, L2.H1, L2.H2, L2.H3",2067,0.0,0.0,0.0,0.0,0.0,0.0
7,answer_0_251,"L1.H0, L1.H1, L1.H3, L2.H0, L2.H1, L2.H2, L2.H3",2067,0.0,0.0,0.0,0.0,0.0,0.0
7,answer_0_252,"L1.H2, L1.H3, L2.H0, L2.H1, L2.H2, L2.H3",2067,0.0,0.0,0.0,0.0,0.0,0.0
7,answer_0_253,"L1.H0, L1.H2, L1.H3, L2.H0, L2.H1, L2.H2, L2.H3",2067,0.0,0.0,0.0,0.0,0.0,0.0
7,answer_0_254,"L1.H1, L1.H2, L1.H3, L2.H0, L2.H1, L2.H2, L2.H3",2067,0.0,0.0,0.0,0.0,0.0,0.0
7,answer_0_255,"L1.H0, L1.H1, L1.H2, L1.H3, L2.H0, L2.H1, L2.H2, L2.H3",2067,0.0,0.0,0.0,0.0,0.0,0.0
7,answer_1_000,none,2067,0.11514271891630382,0.11514271891630382,0.11514271891630382,0.10449909714033019,0.12591671331783078,0.11514271891630382
7,answer_1_001,L1.H0,2067,0.11611030478955008,0.11562651185292695,0.11586840832123851,0.10546713348953261,0.12665790282682984,0.1165940977261732
7,answer_1_002,L1.H1,2067,0.11611030478955008,0.11611030478955008,0.11611030478955008,0.10538840969658066,0.12696462840815395,0.11490082244799225
7,answer_1_004,L1.H2,2067,0.11514271891630382,0.11514271891630382,0.11514271891630382,0.10454859027983651,0.12595456831765192,0.11441702951136913
7,answer_1_008,L1.H3,2067,0.11417513304305757,0.11417513304305757,0.11417513304305757,0.10344827586206896,0.12488247348119573,0.11393323657474601
7,answer_1_015,"L1.H0, L1.H1, L1.H2, L1.H3",2067,0.11465892597968069,0.11514271891630382,0.11490082244799225,0.10434761410128675,0.12565704645103135,0.11611030478955008
7,answer_1_016,L2.H0,2067,0.2196419932268989,0.22786647314949202,0.22375423318819546,0.20863775247062935,0.2391860924174814,0.12385099177552007
7,answer_1_018,"L1.H1, L2.H0",2067,0.22060957910014514,0.22883405902273826,0.2247218190614417,0.2092988028272216,0.23997172547124215,0.12312530237058539
7,answer_1_019,"L1.H0, L1.H1, L2.H0",2067,0.22254475084663763,0.23028543783260763,0.22641509433962265,0.211044624188401,0.24218842041705937,0.12602805999032415
7,answer_1_023,"L1.H0, L1.H1, L1.H2, L2.H0",2067,0.22254475084663763,0.23028543783260763,0.22641509433962265,0.21123414630061738,0.24205399130848576,0.12602805999032415
7,answer_1_031,"L1.H0, L1.H1, L1.H2, L1.H3, L2.H0",2067,0.2220609579100145,0.2273826802128689,0.2247218190614417,0.20963131945957725,0.24067840186590084,0.12481857764876633
7,answer_1_032,L2.H1,2067,0.07305273343009192,0.07014997581035316,0.07160135462022255,0.06240926218380296,0.08150140986789585,0.11465892597968069
7,answer_1_063,"L1.H0, L1.H1, L1.H2, L1.H3, L2.H0, L2.H1",2067,0.18819545234639573,0.18626028059990324,0.18722786647314948,0.1746220904810668,0.2005704790436642,0.13763909046927914
7,answer_1_064,L2.H2,2067,0.05611998064828253,0.05466860183841316,0.05539429124334785,0.046470199645091075,0.06416526241738106,0.10498306724721819
7,answer_1_127,"L1.H0, L1.H1, L1.H2, L1.H3, L2.H0, L2.H1, L2.H2",2067,0.15626511852926947,0.15336236090953073,0.1548137397194001,0.14196268920432478,0.16818454939821229,0.11441702951136913
7,answer_1_128,L2.H3,2067,0.37010159651669083,0.36623125302370585,0.36816642477019834,0.34941708103385616,0.38636445862386526,0.061925495887760036
7,answer_1_130,"L1.H1, L2.H3",2067,0.36961780358006774,0.3686502177068215,0.3691340106434446,0.3505027915574471,0.3872801863971149,0.061925495887760036
7,answer_1_131,"L1.H0, L1.H1, L2.H3",2067,0.3720367682631834,0.36961780358006774,0.37082728592162556,0.35234965660306317,0.3886831184226494,0.06144170295113691
7,answer_1_135,"L1.H0, L1.H1, L1.H2, L2.H3",2067,0.3734881470730527,0.3691340106434446,0.37131107885824866,0.3529671426013295,0.38929407305420777,0.061683599419448475
7,answer_1_143,"L1.H0, L1.H1, L1.H2, L1.H3, L2.H3",2067,0.366715045960329,0.36236090953072086,0.36453797774552493,0.34622642439261353,0.3825380289283919,0.06095791001451379
7,answer_1_144,"L2.H0, L2.H3",2067,0.4697629414610547,0.4702467343976778,0.4700048379293662,0.45062487578051247,0.48771797676907164,0.053217223028543786
7,answer_1_145,"L1.H0, L2.H0, L2.H3",2067,0.46927914852443153,0.4716981132075472,0.47048863086598935,0.45123421512405104,0.488021191207873,0.05418480890179003
7,answer_1_146,"L1.H1, L2.H0, L2.H3",2067,0.4697629414610547,0.46927914852443153,0.4695210449927431,0.45032774897324535,0.4868869974113176,0.05370101596516691
7,answer_1_147,"L1.H0, L1.H1, L2.H0, L2.H3",2067,0.4702467343976778,0.4697629414610547,0.4700048379293662,0.45128544931319003,0.4876862974541834,0.05394291243347847
7,answer_1_149,"L1.H0, L1.H2, L2.H0, L2.H3",2067,0.46927914852443153,0.4726656990807934,0.4709724238026125,0.4517037805128391,0.4884702349521198,0.05418480890179003
7,answer_1_150,"L1.H1, L1.H2, L2.H0, L2.H3",2067,0.47073052733430093,0.471214320270924,0.4709724238026125,0.4518257352917845,0.4883862908820842,0.05394291243347847
7,answer_1_151,"L1.H0, L1.H1, L1.H2, L2.H0, L2.H3",2067,0.4702467343976778,0.4716981132075472,0.4709724238026125,0.4521985426737219,0.4886042647076433,0.05394291243347847
7,answer_1_155,"L1.H0, L1.H1, L1.H3, L2.H0, L2.H3",2067,0.4683115626511853,0.46879535558780844,0.46855345911949686,0.44926210502186487,0.4872681624335462,0.05224963715529753
7,answer_1_157,"L1.H0, L1.H2, L1.H3, L2.H0, L2.H3",2067,0.4668601838413159,0.471214320270924,0.46903725205611996,0.4491808057473947,0.4873767667914737,0.05200774068698597
7,answer_1_158,"L1.H1, L1.H2, L1.H3, L2.H0, L2.H3",2067,0.46734397677793904,0.4683115626511853,0.4678277697145622,0.448117037162743,0.48600774371751876,0.052491533623609095
7,answer_1_159,"L1.H0, L1.H1, L1.H2, L1.H3, L2.H0, L2.H3",2067,0.4678277697145622,0.4697629414610547,0.46879535558780844,0.44917888405044265,0.48732778479614636,0.05176584421867441
7,answer_1_175,"L1.H0, L1.H1, L1.H2, L1.H3, L2.H1, L2.H3",2067,0.22254475084663763,0.22786647314949202,0.22520561199806483,0.20915025705222903,0.2415386005042053,0.07595549104983067
7,answer_1_183,"L1.H0, L1.H1, L1.H2, L2.H0, L2.H1, L2.H3",2067,0.393807450411224,0.39622641509433965,0.3950169327527818,0.37793245335223974,0.4116386987978356,0.07305273343009192
7,answer_1_187,"L1.H0, L1.H1, L1.H3, L2.H0, L2.H1, L2.H3",2067,0.3923560716013546,0.39622641509433965,0.3942912433478471,0.3773256987137936,0.41101102352491853,0.07329462989840348
7,answer_1_189,"L1.H0, L1.H2, L1.H3, L2.H0, L2.H1, L2.H3",2067,0.39332365747460085,0.3971940009675859,0.3952588292210934,0.3785174063328984,0.4122523266329754,0.07305273343009192
7,answer_1_190,"L1.H1, L1.H2, L1.H3, L2.H0, L2.H1, L2.H3",2067,0.3918722786647315,0.3957426221577165,0.393807450411224,0.37683590456693855,0.4106640835976931,0.07353652636671505
7,answer_1_191,"L1.H0, L1.H1, L1.H2, L1.H3, L2.H0, L2.H1, L2.H3",2067,0.3923560716013546,0.3971940009675859,0.39477503628447025,0.3778522351974941,0.4115080912908219,0.07329462989840348
7,answer_1_223,"L1.H0, L1.H1, L1.H2, L1.H3, L2.H0, L2.H2, L2.H3",2067,0.34736332849540397,0.3594581519109821,0.353410740203193,0.3367306053067171,0.3690597398520268,0.06676342525399129
7,answer_1_239,"L1.H0, L1.H1, L1.H2, L1.H3, L2.H1, L2.H2, L2.H3",2067,0.1282051282051282,0.12675374939525882,0.12747943880019352,0.11459279667184735,0.14086921373850772,0.08176100628930817
7,answer_1_240,"L2.H0, L2.H1, L2.H2, L2.H3",2067,0.2791485244315433,0.28205128205128205,0.28059990324141265,0.2640243296693891,0.29768301666214525,0.07885824866956942
7,answer_1_247,"L1.H0, L1.H1, L1.H2, L2.H0, L2.H1, L2.H2, L2.H3",2067,0.2791485244315433,0.28156748911465895,0.28035800677310113,0.2637775874470018,0.29731708225800585,0.07861635220125786
7,answer_1_251,"L1.H0, L1.H1, L1.H3, L2.H0, L2.H1, L2.H2, L2.H3",2067,0.27866473149492016,0.28205128205128205,0.28035800677310113,0.263934666720658,0.2972196599755387,0.0783744557329463
7,answer_1_253,"L1.H0, L1.H2, L1.H3, L2.H0, L2.H1, L2.H2, L2.H3",2067,0.2796323173681664,0.28156748911465895,0.28059990324141265,0.2639019354764027,0.2974706699598641,0.07813255926463473
7,answer_1_254,"L1.H1, L1.H2, L1.H3, L2.H0, L2.H1, L2.H2, L2.H3",2067,0.27866473149492016,0.28156748911465895,0.28011611030478956,0.2636308458302129,0.2969548528671127,0.07789066279632317
7,answer_1_255,"L1.H0, L1.H1, L1.H2, L1.H3, L2.H0, L2.H1, L2.H2, L2.H3",2067,0.27866473149492016,0.28205128205128205,0.28035800677310113,0.263934666720658,0.2972196599755387,0.07813255926463473
7,all_0_000,none,2067,0.0,0.0,0.0,0.0,0.0,0.0
7,all_0_001,L1.H0,2067,0.0,0.0,0.0,0.0,0.0,0.0
7,all_0_002,L1.H1,2067,0.0,0.0,0.0,0.0,0.0,0.0
7,all_0_003,"L1.H0, L1.H1",2067,0.0,0.0,0.0,0.0,0.0,0.0
7,all_0_004,L1.H2,2067,0.0,0.0,0.0,0.0,0.0,0.0
7,all_0_005,"L1.H0, L1.H2",2067,0.0,0.0,0.0,0.0,0.0,0.0
7,all_0_006,"L1.H1, L1.H2",2067,0.0,0.0,0.0,0.0,0.0,0.0
7,all_0_007,"L1.H0, L1.H1, L1.H2",2067,0.0,0.0,0.0,0.0,0.0,0.0
7,all_0_008,L1.H3,2067,0.0,0.0,0.0,0.0,0.0,0.0
7,all_0_009,"L1.H0, L1.H3",2067,0.0,0.0,0.0,0.0,0.0,0.0
7,all_0_010,"L1.H1, L1.H3",2067,0.0,0.0,0.0,0.0,0.0,0.0
7,all_0_011,"L1.H0, L1.H1, L1.H3",2067,0.0,0.0,0.0,0.0,0.0,0.0
7,all_0_012,"L1.H2, L1.H3",2067,0.0,0.0,0.0,0.0,0.0,0.0
7,all_0_013,"L1.H0, L1.H2, L1.H3",2067,0.0,0.0,0.0,0.0,0.0,0.0
7,all_0_014,"L1.H1, L1.H2, L1.H3",2067,0.0,0.0,0.0,0.0,0.0,0.0
7,all_0_015,"L1.H0, L1.H1, L1.H2, L1.H3",2067,0.0,0.0,0.0,0.0,0.0,0.0
7,all_0_016,L2.H0,2067,0.0,0.0,0.0,0.0,0.0,0.0
7,all_0_017,"L1.H0, L2.H0",2067,0.0,0.0,0.0,0.0,0.0,0.0
7,all_0_018,"L1.H1, L2.H0",2067,0.0,0.0,0.0,0.0,0.0,0.0
7,all_0_019,"L1.H0, L1.H1, L2.H0",2067,0.0,0.0,0.0,0.0,0.0,0.0
7,all_0_020,"L1.H2, L2.H0",2067,0.0,0.0,0.0,0.0,0.0,0.0
7,all_0_021,"L1.H0, L1.H2, L2.H0",2067,0.0,0.0,0.0,0.0,0.0,0.0
7,all_0_022,"L1.H1, L1.H2, L2.H0",2067,0.0,0.0,0.0,0.0,0.0,0.0
7,all_0_023,"L1.H0, L1.H1, L1.H2, L2.H0",2067,0.0,0.0,0.0,0.0,0.0,0.0
7,all_0_024,"L1.H3, L2.H0",2067,0.0,0.0,0.0,0.0,0.0,0.0
7,all_0_025,"L1.H0, L1.H3, L2.H0",2067,0.0,0.0,0.0,0.0,0.0,0.0
7,all_0_026,"L1.H1, L1.H3, L2.H0",2067,0.0,0.0,0.0,0.0,0.0,0.0
7,all_0_027,"L1.H0, L1.H1, L1.H3, L2.H0",2067,0.0,0.0,0.0,0.0,0.0,0.0
7,all_0_028,"L1.H2, L1.H3, L2.H0",2067,0.0,0.0,0.0,0.0,0.0,0.0
7,all_0_029,"L1.H0, L1.H2, L1.H3, L2.H0",2067,0.0,0.0,0.0,0.0,0.0,0.0
7,all_0_030,"L1.H1, L1.H2, L1.H3, L2.H0",2067,0.0,0.0,0.0,0.0,0.0,0.0
7,all_0_031,"L1.H0, L1.H1, L1.H2, L1.H3, L2.H0",2067,0.0,0.0,0.0,0.0,0.0,0.0
7,all_0_032,L2.H1,2067,0.0,0.0,0.0,0.0,0.0,0.0
7,all_0_033,"L1.H0, L2.H1",2067,0.0,0.0,0.0,0.0,0.0,0.0
7,all_0_034,"L1.H1, L2.H1",2067,0.0,0.0,0.0,0.0,0.0,0.0
7,all_0_035,"L1.H0, L1.H1, L2.H1",2067,0.0,0.0,0.0,0.0,0.0,0.0
7,all_0_036,"L1.H2, L2.H1",2067,0.0,0.0,0.0,0.0,0.0,0.0
7,all_0_037,"L1.H0, L1.H2, L2.H1",2067,0.0,0.0,0.0,0.0,0.0,0.0
7,all_0_038,"L1.H1, L1.H2, L2.H1",2067,0.0,0.0,0.0,0.0,0.0,0.0
7,all_0_039,"L1.H0, L1.H1, L1.H2, L2.H1",2067,0.0,0.0,0.0,0.0,0.0,0.0
7,all_0_040,"L1.H3, L2.H1",2067,0.0,0.0,0.0,0.0,0.0,0.0
7,all_0_041,"L1.H0, L1.H3, L2.H1",2067,0.0,0.0,0.0,0.0,0.0,0.0
7,all_0_042,"L1.H1, L1.H3, L2.H1",2067,0.0,0.0,0.0,0.0,0.0,0.0
7,all_0_043,"L1.H0, L1.H1, L1.H3, L2.H1",2067,0.0,0.0,0.0,0.0,0.0,0.0
7,all_0_044,"L1.H2, L1.H3, L2.H1",2067,0.0,0.0,0.0,0.0,0.0,0.0
7,all_0_045,"L1.H0, L1.H2, L1.H3, L2.H1",2067,0.0,0.0,0.0,0.0,0.0,0.0
7,all_0_046,"L1.H1, L1.H2, L1.H3, L2.H1",2067,0.0,0.0,0.0,0.0,0.0,0.0
7,all_0_047,"L1.H0, L1.H1, L1.H2, L1.H3, L2.H1",2067,0.0,0.0,0.0,0.0,0.0,0.0
7,all_0_048,"L2.H0, L2.H1",2067,0.0,0.0,0.0,0.0,0.0,0.0
7,all_0_049,"L1.H0, L2.H0, L2.H1",2067,0.0,0.0,0.0,0.0,0.0,0.0
7,all_0_050,"L1.H1, L2.H0, L2.H1",2067,0.0,0.0,0.0,0.0,0.0,0.0
7,all_0_051,"L1.H0, L1.H1, L2.H0, L2.H1",2067,0.0,0.0,0.0,0.0,0.0,0.0
7,all_0_052,"L1.H2, L2.H0, L2.H1",2067,0.0,0.0,0.0,0.0,0.0,0.0
7,all_0_053,"L1.H0, L1.H2, L2.H0, L2.H1",2067,0.0,0.0,0.0,0.0,0.0,0.0
7,all_0_054,"L1.H1, L1.H2, L2.H0, L2.H1",2067,0.0,0.0,0.0,0.0,0.0,0.0
7,all_0_055,"L1.H0, L1.H1, L1.H2, L2.H0, L2.H1",2067,0.0,0.0,0.0,0.0,0.0,0.0
7,all_0_056,"L1.H3, L2.H0, L2.H1",2067,0.0,0.0,0.0,0.0,0.0,0.0
7,all_0_057,"L1.H0, L1.H3, L2.H0, L2.H1",2067,0.0,0.0,0.0,0.0,0.0,0.0
7,all_0_058,"L1.H1, L1.H3, L2.H0, L2.H1",2067,0.0,0.0,0.0,0.0,0.0,0.0
7,all_0_059,"L1.H0, L1.H1, L1.H3, L2.H0, L2.H1",2067,0.0,0.0,0.0,0.0,0.0,0.0
7,all_0_060,"L1.H2, L1.H3, L2.H0, L2.H1",2067,0.0,0.0,0.0,0.0,0.0,0.0
7,all_0_061,"L1.H0, L1.H2, L1.H3, L2.H0, L2.H1",2067,0.0,0.0,0.0,0.0,0.0,0.0
7,all_0_062,"L1.H1, L1.H2, L1.H3, L2.H0, L2.H1",2067,0.0,0.0,0.0,0.0,0.0,0.0
7,all_0_063,"L1.H0, L1.H1, L1.H2, L1.H3, L2.H0, L2.H1",2067,0.0,0.0,0.0,0.0,0.0,0.0
7,all_0_064,L2.H2,2067,0.0,0.0,0.0,0.0,0.0,0.0
7,all_0_065,"L1.H0, L2.H2",2067,0.0,0.0,0.0,0.0,0.0,0.0
7,all_0_066,"L1.H1, L2.H2",2067,0.0,0.0,0.0,0.0,0.0,0.0
7,all_0_067,"L1.H0, L1.H1, L2.H2",2067,0.0,0.0,0.0,0.0,0.0,0.0
7,all_0_068,"L1.H2, L2.H2",2067,0.0,0.0,0.0,0.0,0.0,0.0
7,all_0_069,"L1.H0, L1.H2, L2.H2",2067,0.0,0.0,0.0,0.0,0.0,0.0
7,all_0_070,"L1.H1, L1.H2, L2.H2",2067,0.0,0.0,0.0,0.0,0.0,0.0
7,all_0_071,"L1.H0, L1.H1, L1.H2, L2.H2",2067,0.0,0.0,0.0,0.0,0.0,0.0
7,all_0_072,"L1.H3, L2.H2",2067,0.0,0.0,0.0,0.0,0.0,0.0
7,all_0_073,"L1.H0, L1.H3, L2.H2",2067,0.0,0.0,0.0,0.0,0.0,0.0
7,all_0_074,"L1.H1, L1.H3, L2.H2",2067,0.0,0.0,0.0,0.0,0.0,0.0
7,all_0_075,"L1.H0, L1.H1, L1.H3, L2.H2",2067,0.0,0.0,0.0,0.0,0.0,0.0
7,all_0_076,"L1.H2, L1.H3, L2.H2",2067,0.0,0.0,0.0,0.0,0.0,0.0
7,all_0_077,"L1.H0, L1.H2, L1.H3, L2.H2",2067,0.0,0.0,0.0,0.0,0.0,0.0
7,all_0_078,"L1.H1, L1.H2, L1.H3, L2.H2",2067,0.0,0.0,0.0,0.0,0.0,0.0
7,all_0_079,"L1.H0, L1.H1, L1.H2, L1.H3, L2.H2",2067,0.0,0.0,0.0,0.0,0.0,0.0
7,all_0_080,"L2.H0, L2.H2",2067,0.0,0.0,0.0,0.0,0.0,0.0
7,all_0_081,"L1.H0, L2.H0, L2.H2",2067,0.0,0.0,0.0,0.0,0.0,0.0
7,all_0_082,"L1.H1, L2.H0, L2.H2",2067,0.0,0.0,0.0,0.0,0.0,0.0
7,all_0_083,"L1.H0, L1.H1, L2.H0, L2.H2",2067,0.0,0.0,0.0,0.0,0.0,0.0
7,all_0_084,"L1.H2, L2.H0, L2.H2",2067,0.0,0.0,0.0,0.0,0.0,0.0
7,all_0_085,"L1.H0, L1.H2, L2.H0, L2.H2",2067,0.0,0.0,0.0,0.0,0.0,0.0
7,all_0_086,"L1.H1, L1.H2, L2.H0, L2.H2",2067,0.0,0.0,0.0,0.0,0.0,0.0
7,all_0_087,"L1.H0, L1.H1, L1.H2, L2.H0, L2.H2",2067,0.0,0.0,0.0,0.0,0.0,0.0
7,all_0_088,"L1.H3, L2.H0, L2.H2",2067,0.0,0.0,0.0,0.0,0.0,0.0
7,all_0_089,"L1.H0, L1.H3, L2.H0, L2.H2",2067,0.0,0.0,0.0,0.0,0.0,0.0
7,all_0_090,"L1.H1, L1.H3, L2.H0, L2.H2",2067,0.0,0.0,0.0,0.0,0.0,0.0
7,all_0_091,"L1.H0, L1.H1, L1.H3, L2.H0, L2.H2",2067,0.0,0.0,0.0,0.0,0.0,0.0
7,all_0_092,"L1.H2, L1.H3, L2.H0, L2.H2",2067,0.0,0.0,0.0,0.0,0.0,0.0
7,all_0_093,"L1.H0, L1.H2, L1.H3, L2.H0, L2.H2",2067,0.0,0.0,0.0,0.0,0.0,0.0
7,all_0_094,"L1.H1, L1.H2, L1.H3, L2.H0, L2.H2",2067,0.0,0.0,0.0,0.0,0.0,0.0
7,all_0_095,"L1.H0, L1.H1, L1.H2, L1.H3, L2.H0, L2.H2",2067,0.0,0.0,0.0,0.0,0.0,0.0
7,all_0_096,"L2.H1, L2.H2",2067,0.0,0.0,0.0,0.0,0.0,0.0
7,all_0_097,"L1.H0, L2.H1, L2.H2",2067,0.0,0.0,0.0,0.0,0.0,0.0
7,all_0_098,"L1.H1, L2.H1, L2.H2",2067,0.0,0.0,0.0,0.0,0.0,0.0
7,all_0_099,"L1.H0, L1.H1, L2.H1, L2.H2",2067,0.0,0.0,0.0,0.0,0.0,0.0
7,all_0_100,"L1.H2, L2.H1, L2.H2",2067,0.0,0.0,0.0,0.0,0.0,0.0
7,all_0_101,"L1.H0, L1.H2, L2.H1, L2.H2",2067,0.0,0.0,0.0,0.0,0.0,0.0
7,all_0_102,"L1.H1, L1.H2, L2.H1, L2.H2",2067,0.0,0.0,0.0,0.0,0.0,0.0
7,all_0_103,"L1.H0, L1.H1, L1.H2, L2.H1, L2.H2",2067,0.0,0.0,0.0,0.0,0.0,0.0
7,all_0_104,"L1.H3, L2.H1, L2.H2",2067,0.0,0.0,0.0,0.0,0.0,0.0
7,all_0_105,"L1.H0, L1.H3, L2.H1, L2.H2",2067,0.0,0.0,0.0,0.0,0.0,0.0
7,all_0_106,"L1.H1, L1.H3, L2.H1, L2.H2",2067,0.0,0.0,0.0,0.0,0.0,0.0
7,all_0_107,"L1.H0, L1.H1, L1.H3, L2.H1, L2.H2",2067,0.0,0.0,0.0,0.0,0.0,0.0
7,all_0_108,"L1.H2, L1.H3, L2.H1, L2.H2",2067,0.0,0.0,0.0,0.0,0.0,0.0
7,all_0_109,"L1.H0, L1.H2, L1.H3, L2.H1, L2.H2",2067,0.0,0.0,0.0,0.0,0.0,0.0
7,all_0_110,"L1.H1, L1.H2, L1.H3, L2.H1, L2.H2",2067,0.0,0.0,0.0,0.0,0.0,0.0
7,all_0_111,"L1.H0, L1.H1, L1.H2, L1.H3, L2.H1, L2.H2",2067,0.0,0.0,0.0,0.0,0.0,0.0
7,all_0_112,"L2.H0, L2.H1, L2.H2",2067,0.0,0.0,0.0,0.0,0.0,0.0
7,all_0_113,"L1.H0, L2.H0, L2.H1, L2.H2",2067,0.0,0.0,0.0,0.0,0.0,0.0
7,all_0_114,"L1.H1, L2.H0, L2.H1, L2.H2",2067,0.0,0.0,0.0,0.0,0.0,0.0
7,all_0_115,"L1.H0, L1.H1, L2.H0, L2.H1, L2.H2",2067,0.0,0.0,0.0,0.0,0.0,0.0
7,all_0_116,"L1.H2, L2.H0, L2.H1, L2.H2",2067,0.0,0.0,0.0,0.0,0.0,0.0
7,all_0_117,"L1.H0, L1.H2, L2.H0, L2.H1, L2.H2",2067,0.0,0.0,0.0,0.0,0.0,0.0
7,all_0_118,"L1.H1, L1.H2, L2.H0, L2.H1, L2.H2",2067,0.0,0.0,0.0,0.0,0.0,0.0
7,all_0_119,"L1.H0, L1.H1, L1.H2, L2.H0, L2.H1, L2.H2",2067,0.0,0.0,0.0,0.0,0.0,0.0
7,all_0_120,"L1.H3, L2.H0, L2.H1, L2.H2",2067,0.0,0.0,0.0,0.0,0.0,0.0
7,all_0_121,"L1.H0, L1.H3, L2.H0, L2.H1, L2.H2",2067,0.0,0.0,0.0,0.0,0.0,0.0
7,all_0_122,"L1.H1, L1.H3, L2.H0, L2.H1, L2.H2",2067,0.0,0.0,0.0,0.0,0.0,0.0
7,all_0_123,"L1.H0, L1.H1, L1.H3, L2.H0, L2.H1, L2.H2",2067,0.0,0.0,0.0,0.0,0.0,0.0
7,all_0_124,"L1.H2, L1.H3, L2.H0, L2.H1, L2.H2",2067,0.0,0.0,0.0,0.0,0.0,0.0
7,all_0_125,"L1.H0, L1.H2, L1.H3, L2.H0, L2.H1, L2.H2",2067,0.0,0.0,0.0,0.0,0.0,0.0
7,all_0_126,"L1.H1, L1.H2, L1.H3, L2.H0, L2.H1, L2.H2",2067,0.0,0.0,0.0,0.0,0.0,0.0
7,all_0_127,"L1.H0, L1.H1, L1.H2, L1.H3, L2.H0, L2.H1, L2.H2",2067,0.0,0.0,0.0,0.0,0.0,0.0
7,all_0_128,L2.H3,2067,0.0,0.0,0.0,0.0,0.0,0.0
7,all_0_129,"L1.H0, L2.H3",2067,0.0,0.0,0.0,0.0,0.0,0.0
7,all_0_130,"L1.H1, L2.H3",2067,0.0,0.0,0.0,0.0,0.0,0.0
7,all_0_131,"L1.H0, L1.H1, L2.H3",2067,0.0,0.0,0.0,0.0,0.0,0.0
7,all_0_132,"L1.H2, L2.H3",2067,0.0,0.0,0.0,0.0,0.0,0.0
7,all_0_133,"L1.H0, L1.H2, L2.H3",2067,0.0,0.0,0.0,0.0,0.0,0.0
7,all_0_134,"L1.H1, L1.H2, L2.H3",2067,0.0,0.0,0.0,0.0,0.0,0.0
7,all_0_135,"L1.H0, L1.H1, L1.H2, L2.H3",2067,0.0,0.0,0.0,0.0,0.0,0.0
7,all_0_136,"L1.H3, L2.H3",2067,0.0,0.0,0.0,0.0,0.0,0.0
7,all_0_137,"L1.H0, L1.H3, L2.H3",2067,0.0,0.0,0.0,0.0,0.0,0.0
7,all_0_138,"L1.H1, L1.H3, L2.H3",2067,0.0,0.0,0.0,0.0,0.0,0.0
7,all_0_139,"L1.H0, L1.H1, L1.H3, L2.H3",2067,0.0,0.0,0.0,0.0,0.0,0.0
7,all_0_140,"L1.H2, L1.H3, L2.H3",2067,0.0,0.0,0.0,0.0,0.0,0.0
7,all_0_141,"L1.H0, L1.H2, L1.H3, L2.H3",2067,0.0,0.0,0.0,0.0,0.0,0.0
7,all_0_142,"L1.H1, L1.H2, L1.H3, L2.H3",2067,0.0,0.0,0.0,0.0,0.0,0.0
7,all_0_143,"L1.H0, L1.H1, L1.H2, L1.H3, L2.H3",2067,0.0,0.0,0.0,0.0,0.0,0.0
7,all_0_144,"L2.H0, L2.H3",2067,0.0,0.0,0.0,0.0,0.0,0.0
7,all_0_145,"L1.H0, L2.H0, L2.H3",2067,0.0,0.0,0.0,0.0,0.0,0.0
7,all_0_146,"L1.H1, L2.H0, L2.H3",2067,0.0,0.0,0.0,0.0,0.0,0.0
7,all_0_147,"L1.H0, L1.H1, L2.H0, L2.H3",2067,0.0,0.0,0.0,0.0,0.0,0.0
7,all_0_148,"L1.H2, L2.H0, L2.H3",2067,0.0,0.0,0.0,0.0,0.0,0.0
7,all_0_149,"L1.H0, L1.H2, L2.H0, L2.H3",2067,0.0,0.0,0.0,0.0,0.0,0.0
7,all_0_150,"L1.H1, L1.H2, L2.H0, L2.H3",2067,0.0,0.0,0.0,0.0,0.0,0.0
7,all_0_151,"L1.H0, L1.H1, L1.H2, L2.H0, L2.H3",2067,0.0,0.0,0.0,0.0,0.0,0.0
7,all_0_152,"L1.H3, L2.H0, L2.H3",2067,0.0,0.0,0.0,0.0,0.0,0.0
7,all_0_153,"L1.H0, L1.H3, L2.H0, L2.H3",2067,0.0,0.0,0.0,0.0,0.0,0.0
7,all_0_154,"L1.H1, L1.H3, L2.H0, L2.H3",2067,0.0,0.0,0.0,0.0,0.0,0.0
7,all_0_155,"L1.H0, L1.H1, L1.H3, L2.H0, L2.H3",2067,0.0,0.0,0.0,0.0,0.0,0.0
7,all_0_156,"L1.H2, L1.H3, L2.H0, L2.H3",2067,0.0,0.0,0.0,0.0,0.0,0.0
7,all_0_157,"L1.H0, L1.H2, L1.H3, L2.H0, L2.H3",2067,0.0,0.0,0.0,0.0,0.0,0.0
7,all_0_158,"L1.H1, L1.H2, L1.H3, L2.H0, L2.H3",2067,0.0,0.0,0.0,0.0,0.0,0.0
7,all_0_159,"L1.H0, L1.H1, L1.H2, L1.H3, L2.H0, L2.H3",2067,0.0,0.0,0.0,0.0,0.0,0.0
7,all_0_160,"L2.H1, L2.H3",2067,0.0,0.0,0.0,0.0,0.0,0.0
7,all_0_161,"L1.H0, L2.H1, L2.H3",2067,0.0,0.0,0.0,0.0,0.0,0.0
7,all_0_162,"L1.H1, L2.H1, L2.H3",2067,0.0,0.0,0.0,0.0,0.0,0.0
7,all_0_163,"L1.H0, L1.H1, L2.H1, L2.H3",2067,0.0,0.0,0.0,0.0,0.0,0.0
7,all_0_164,"L1.H2, L2.H1, L2.H3",2067,0.0,0.0,0.0,0.0,0.0,0.0
7,all_0_165,"L1.H0, L1.H2, L2.H1, L2.H3",2067,0.0,0.0,0.0,0.0,0.0,0.0
7,all_0_166,"L1.H1, L1.H2, L2.H1, L2.H3",2067,0.0,0.0,0.0,0.0,0.0,0.0
7,all_0_167,"L1.H0, L1.H1, L1.H2, L2.H1, L2.H3",2067,0.0,0.0,0.0,0.0,0.0,0.0
7,all_0_168,"L1.H3, L2.H1, L2.H3",2067,0.0,0.0,0.0,0.0,0.0,0.0
7,all_0_169,"L1.H0, L1.H3, L2.H1, L2.H3",2067,0.0,0.0,0.0,0.0,0.0,0.0
7,all_0_170,"L1.H1, L1.H3, L2.H1, L2.H3",2067,0.0,0.0,0.0,0.0,0.0,0.0
7,all_0_171,"L1.H0, L1.H1, L1.H3, L2.H1, L2.H3",2067,0.0,0.0,0.0,0.0,0.0,0.0
7,all_0_172,"L1.H2, L1.H3, L2.H1, L2.H3",2067,0.0,0.0,0.0,0.0,0.0,0.0
7,all_0_173,"L1.H0, L1.H2, L1.H3, L2.H1, L2.H3",2067,0.0,0.0,0.0,0.0,0.0,0.0
7,all_0_174,"L1.H1, L1.H2, L1.H3, L2.H1, L2.H3",2067,0.0,0.0,0.0,0.0,0.0,0.0
7,all_0_175,"L1.H0, L1.H1, L1.H2, L1.H3, L2.H1, L2.H3",2067,0.0,0.0,0.0,0.0,0.0,0.0
7,all_0_176,"L2.H0, L2.H1, L2.H3",2067,0.0,0.0,0.0,0.0,0.0,0.0
7,all_0_177,"L1.H0, L2.H0, L2.H1, L2.H3",2067,0.0,0.0,0.0,0.0,0.0,0.0
7,all_0_178,"L1.H1, L2.H0, L2.H1, L2.H3",2067,0.0,0.0,0.0,0.0,0.0,0.0
7,all_0_179,"L1.H0, L1.H1, L2.H0, L2.H1, L2.H3",2067,0.0,0.0,0.0,0.0,0.0,0.0
7,all_0_180,"L1.H2, L2.H0, L2.H1, L2.H3",2067,0.0,0.0,0.0,0.0,0.0,0.0
7,all_0_181,"L1.H0, L1.H2, L2.H0, L2.H1, L2.H3",2067,0.0,0.0,0.0,0.0,0.0,0.0
7,all_0_182,"L1.H1, L1.H2, L2.H0, L2.H1, L2.H3",2067,0.0,0.0,0.0,0.0,0.0,0.0
7,all_0_183,"L1.H0, L1.H1, L1.H2, L2.H0, L2.H1, L2.H3",2067,0.0,0.0,0.0,0.0,0.0,0.0
7,all_0_184,"L1.H3, L2.H0, L2.H1, L2.H3",2067,0.0,0.0,0.0,0.0,0.0,0.0
7,all_0_185,"L1.H0, L1.H3, L2.H0, L2.H1, L2.H3",2067,0.0,0.0,0.0,0.0,0.0,0.0
7,all_0_186,"L1.H1, L1.H3, L2.H0, L2.H1, L2.H3",2067,0.0,0.0,0.0,0.0,0.0,0.0
7,all_0_187,"L1.H0, L1.H1, L1.H3, L2.H0, L2.H1, L2.H3",2067,0.0,0.0,0.0,0.0,0.0,0.0
7,all_0_188,"L1.H2, L1.H3, L2.H0, L2.H1, L2.H3",2067,0.0,0.0,0.0,0.0,0.0,0.0
7,all_0_189,"L1.H0, L1.H2, L1.H3, L2.H0, L2.H1, L2.H3",2067,0.0,0.0,0.0,0.0,0.0,0.0
7,all_0_190,"L1.H1, L1.H2, L1.H3, L2.H0, L2.H1, L2.H3",2067,0.0,0.0,0.0,0.0,0.0,0.0
7,all_0_191,"L1.H0, L1.H1, L1.H2, L1.H3, L2.H0, L2.H1, L2.H3",2067,0.0,0.0,0.0,0.0,0.0,0.0
7,all_0_192,"L2.H2, L2.H3",2067,0.0,0.0,0.0,0.0,0.0,0.0
7,all_0_193,"L1.H0, L2.H2, L2.H3",2067,0.0,0.0,0.0,0.0,0.0,0.0
7,all_0_194,"L1.H1, L2.H2, L2.H3",2067,0.0,0.0,0.0,0.0,0.0,0.0
7,all_0_195,"L1.H0, L1.H1, L2.H2, L2.H3",2067,0.0,0.0,0.0,0.0,0.0,0.0
7,all_0_196,"L1.H2, L2.H2, L2.H3",2067,0.0,0.0,0.0,0.0,0.0,0.0
7,all_0_197,"L1.H0, L1.H2, L2.H2, L2.H3",2067,0.0,0.0,0.0,0.0,0.0,0.0
7,all_0_198,"L1.H1, L1.H2, L2.H2, L2.H3",2067,0.0,0.0,0.0,0.0,0.0,0.0
7,all_0_199,"L1.H0, L1.H1, L1.H2, L2.H2, L2.H3",2067,0.0,0.0,0.0,0.0,0.0,0.0
7,all_0_200,"L1.H3, L2.H2, L2.H3",2067,0.0,0.0,0.0,0.0,0.0,0.0
7,all_0_201,"L1.H0, L1.H3, L2.H2, L2.H3",2067,0.0,0.0,0.0,0.0,0.0,0.0
7,all_0_202,"L1.H1, L1.H3, L2.H2, L2.H3",2067,0.0,0.0,0.0,0.0,0.0,0.0
7,all_0_203,"L1.H0, L1.H1, L1.H3, L2.H2, L2.H3",2067,0.0,0.0,0.0,0.0,0.0,0.0
7,all_0_204,"L1.H2, L1.H3, L2.H2, L2.H3",2067,0.0,0.0,0.0,0.0,0.0,0.0
7,all_0_205,"L1.H0, L1.H2, L1.H3, L2.H2, L2.H3",2067,0.0,0.0,0.0,0.0,0.0,0.0
7,all_0_206,"L1.H1, L1.H2, L1.H3, L2.H2, L2.H3",2067,0.0,0.0,0.0,0.0,0.0,0.0
7,all_0_207,"L1.H0, L1.H1, L1.H2, L1.H3, L2.H2, L2.H3",2067,0.0,0.0,0.0,0.0,0.0,0.0
7,all_0_208,"L2.H0, L2.H2, L2.H3",2067,0.0,0.0,0.0,0.0,0.0,0.0
7,all_0_209,"L1.H0, L2.H0, L2.H2, L2.H3",2067,0.0,0.0,0.0,0.0,0.0,0.0
7,all_0_210,"L1.H1, L2.H0, L2.H2, L2.H3",2067,0.0,0.0,0.0,0.0,0.0,0.0
7,all_0_211,"L1.H0, L1.H1, L2.H0, L2.H2, L2.H3",2067,0.0,0.0,0.0,0.0,0.0,0.0
7,all_0_212,"L1.H2, L2.H0, L2.H2, L2.H3",2067,0.0,0.0,0.0,0.0,0.0,0.0
7,all_0_213,"L1.H0, L1.H2, L2.H0, L2.H2, L2.H3",2067,0.0,0.0,0.0,0.0,0.0,0.0
7,all_0_214,"L1.H1, L1.H2, L2.H0, L2.H2, L2.H3",2067,0.0,0.0,0.0,0.0,0.0,0.0
7,all_0_215,"L1.H0, L1.H1, L1.H2, L2.H0, L2.H2, L2.H3",2067,0.0,0.0,0.0,0.0,0.0,0.0
7,all_0_216,"L1.H3, L2.H0, L2.H2, L2.H3",2067,0.0,0.0,0.0,0.0,0.0,0.0
7,all_0_217,"L1.H0, L1.H3, L2.H0, L2.H2, L2.H3",2067,0.0,0.0,0.0,0.0,0.0,0.0
7,all_0_218,"L1.H1, L1.H3, L2.H0, L2.H2, L2.H3",2067,0.0,0.0,0.0,0.0,0.0,0.0
7,all_0_219,"L1.H0, L1.H1, L1.H3, L2.H0, L2.H2, L2.H3",2067,0.0,0.0,0.0,0.0,0.0,0.0
7,all_0_220,"L1.H2, L1.H3, L2.H0, L2.H2, L2.H3",2067,0.0,0.0,0.0,0.0,0.0,0.0
7,all_0_221,"L1.H0, L1.H2, L1.H3, L2.H0, L2.H2, L2.H3",2067,0.0,0.0,0.0,0.0,0.0,0.0
7,all_0_222,"L1.H1, L1.H2, L1.H3, L2.H0, L2.H2, L2.H3",2067,0.0,0.0,0.0,0.0,0.0,0.0
7,all_0_223,"L1.H0, L1.H1, L1.H2, L1.H3, L2.H0, L2.H2, L2.H3",2067,0.0,0.0,0.0,0.0,0.0,0.0
7,all_0_224,"L2.H1, L2.H2, L2.H3",2067,0.0,0.0,0.0,0.0,0.0,0.0
7,all_0_225,"L1.H0, L2.H1, L2.H2, L2.H3",2067,0.0,0.0,0.0,0.0,0.0,0.0
7,all_0_226,"L1.H1, L2.H1, L2.H2, L2.H3",2067,0.0,0.0,0.0,0.0,0.0,0.0
7,all_0_227,"L1.H0, L1.H1, L2.H1, L2.H2, L2.H3",2067,0.0,0.0,0.0,0.0,0.0,0.0
7,all_0_228,"L1.H2, L2.H1, L2.H2, L2.H3",2067,0.0,0.0,0.0,0.0,0.0,0.0
7,all_0_229,"L1.H0, L1.H2, L2.H1, L2.H2, L2.H3",2067,0.0,0.0,0.0,0.0,0.0,0.0
7,all_0_230,"L1.H1, L1.H2, L2.H1, L2.H2, L2.H3",2067,0.0,0.0,0.0,0.0,0.0,0.0
7,all_0_231,"L1.H0, L1.H1, L1.H2, L2.H1, L2.H2, L2.H3",2067,0.0,0.0,0.0,0.0,0.0,0.0
7,all_0_232,"L1.H3, L2.H1, L2.H2, L2.H3",2067,0.0,0.0,0.0,0.0,0.0,0.0
7,all_0_233,"L1.H0, L1.H3, L2.H1, L2.H2, L2.H3",2067,0.0,0.0,0.0,0.0,0.0,0.0
7,all_0_234,"L1.H1, L1.H3, L2.H1, L2.H2, L2.H3",2067,0.0,0.0,0.0,0.0,0.0,0.0
7,all_0_235,"L1.H0, L1.H1, L1.H3, L2.H1, L2.H2, L2.H3",2067,0.0,0.0,0.0,0.0,0.0,0.0
7,all_0_236,"L1.H2, L1.H3, L2.H1, L2.H2, L2.H3",2067,0.0,0.0,0.0,0.0,0.0,0.0
7,all_0_237,"L1.H0, L1.H2, L1.H3, L2.H1, L2.H2, L2.H3",2067,0.0,0.0,0.0,0.0,0.0,0.0
7,all_0_238,"L1.H1, L1.H2, L1.H3, L2.H1, L2.H2, L2.H3",2067,0.0,0.0,0.0,0.0,0.0,0.0
7,all_0_239,"L1.H0, L1.H1, L1.H2, L1.H3, L2.H1, L2.H2, L2.H3",2067,0.0,0.0,0.0,0.0,0.0,0.0
7,all_0_240,"L2.H0, L2.H1, L2.H2, L2.H3",2067,0.0,0.0,0.0,0.0,0.0,0.0
7,all_0_241,"L1.H0, L2.H0, L2.H1, L2.H2, L2.H3",2067,0.0,0.0,0.0,0.0,0.0,0.0
7,all_0_242,"L1.H1, L2.H0, L2.H1, L2.H2, L2.H3",2067,0.0,0.0,0.0,0.0,0.0,0.0
7,all_0_243,"L1.H0, L1.H1, L2.H0, L2.H1, L2.H2, L2.H3",2067,0.0,0.0,0.0,0.0,0.0,0.0
7,all_0_244,"L1.H2, L2.H0, L2.H1, L2.H2, L2.H3",2067,0.0,0.0,0.0,0.0,0.0,0.0
7,all_0_245,"L1.H0, L1.H2, L2.H0, L2.H1, L2.H2, L2.H3",2067,0.0,0.0,0.0,0.0,0.0,0.0
7,all_0_246,"L1.H1, L1.H2, L2.H0, L2.H1, L2.H2, L2.H3",2067,0.0,0.0,0.0,0.0,0.0,0.0
7,all_0_247,"L1.H0, L1.H1, L1.H2, L2.H0, L2.H1, L2.H2, L2.H3",2067,0.0,0.0,0.0,0.0,0.0,0.0
7,all_0_248,"L1.H3, L2.H0, L2.H1, L2.H2, L2.H3",2067,0.0,0.0,0.0,0.0,0.0,0.0
7,all_0_249,"L1.H0, L1.H3, L2.H0, L2.H1, L2.H2, L2.H3",2067,0.0,0.0,0.0,0.0,0.0,0.0
7,all_0_250,"L1.H1, L1.H3, L2.H0, L2.H1, L2.H2, L2.H3",2067,0.0,0.0,0.0,0.0,0.0,0.0
7,all_0_251,"L1.H0, L1.H1, L1.H3, L2.H0, L2.H1, L2.H2, L2.H3",2067,0.0,0.0,0.0,0.0,0.0,0.0
7,all_0_252,"L1.H2, L1.H3, L2.H0, L2.H1, L2.H2, L2.H3",2067,0.0,0.0,0.0,0.0,0.0,0.0
7,all_0_253,"L1.H0, L1.H2, L1.H3, L2.H0, L2.H1, L2.H2, L2.H3",2067,0.0,0.0,0.0,0.0,0.0,0.0
7,all_0_254,"L1.H1, L1.H2, L1.H3, L2.H0, L2.H1, L2.H2, L2.H3",2067,0.0,0.0,0.0,0.0,0.0,0.0
7,all_0_255,"L1.H0, L1.H1, L1.H2, L1.H3, L2.H0, L2.H1, L2.H2, L2.H3",2067,0.0,0.0,0.0,0.0,0.0,0.0
7,all_1_000,none,2067,0.11514271891630382,0.11514271891630382,0.11514271891630382,0.10449909714033019,0.12591671331783078,0.11514271891630382
7,all_1_001,L1.H0,2067,0.11562651185292695,0.11562651185292695,0.11562651185292695,0.10513507441749353,0.12645183898456147,0.1165940977261732
7,all_1_002,L1.H1,2067,0.11514271891630382,0.11514271891630382,0.11514271891630382,0.10449909714033019,0.12591671331783078,0.11562651185292695
7,all_1_004,L1.H2,2067,0.11562651185292695,0.11562651185292695,0.11562651185292695,0.10480177053247541,0.12628742527695078,0.11514271891630382
7,all_1_006,"L1.H1, L1.H2",2067,0.1165940977261732,0.1165940977261732,0.1165940977261732,0.10603665994137361,0.12725566976668298,0.11514271891630382
7,all_1_008,L1.H3,2067,0.11417513304305757,0.11417513304305757,0.11417513304305757,0.10344827586206896,0.12488247348119573,0.11417513304305757
7,all_1_015,"L1.H0, L1.H1, L1.H2, L1.H3",2067,0.11417513304305757,0.11514271891630382,0.11465892597968069,0.10411426731004814,0.1251854329644915,0.11635220125786164
7,all_1_016,L2.H0,2067,0.2196419932268989,0.22786647314949202,0.22375423318819546,0.20863775247062935,0.2391860924174814,0.12385099177552007
7,all_1_017,"L1.H0, L2.H0",2067,0.22060957910014514,0.22931785195936139,0.22496371552975328,0.20948136050070812,0.2402923338044813,0.12578616352201258
7,all_1_019,"L1.H0, L1.H1, L2.H0",2067,0.2215771649733914,0.2298016448959845,0.22568940493468795,0.21062734486992188,0.24122955622356956,0.1262699564586357
7,all_1_023,"L1.H0, L1.H1, L1.H2, L2.H0",2067,0.22302854378326076,0.2312530237058539,0.22714078374455732,0.21202528900511156,0.242654213928641,0.12723754233188195
7,all_1_031,"L1.H0, L1.H1, L1.H2, L1.H3, L2.H0",2067,0.22302854378326076,0.22931785195936139,0.22617319787131107,0.21111490547513576,0.24177528681082866,0.12602805999032415
7,all_1_032,L2.H1,2067,0.07305273343009192,0.07014997581035316,0.07160135462022255,0.06240926218380296,0.08150140986789585,0.11465892597968069
7,all_1_063,"L1.H0, L1.H1, L1.H2, L1.H3, L2.H0, L2.H1",2067,0.1877116594097726,0.18480890179003387,0.18626028059990324,0.17350824091650463,0.19933001194014277,0.1373971940009676
7,all_1_064,L2.H2,2067,0.05611998064828253,0.05466860183841316,0.05539429124334785,0.046470199645091075,0.06416526241738106,0.10498306724721819
7,all_1_127,"L1.H0, L1.H1, L1.H2, L1.H3, L2.H0, L2.H1, L2.H2",2067,0.15723270440251572,0.15432994678277698,0.15578132559264635,0.1426835048673773,0.16949573835198217,0.11417513304305757
7,all_1_128,L2.H3,2067,0.37010159651669083,0.36623125302370585,0.36816642477019834,0.34941708103385616,0.38636445862386526,0.061925495887760036
7,all_1_129,"L1.H0, L2.H3",2067,0.37010159651669083,0.3671988388969521,0.3686502177068215,0.350238476367517,0.38657064274432607,0.06144170295113691
7,all_1_130,"L1.H1, L2.H3",2067,0.37010159651669083,0.36816642477019834,0.3691340106434446,0.35053238339589154,0.38724412414106185,0.061925495887760036
7,all_1_131,"L1.H0, L1.H1, L2.H3",2067,0.37155297532656023,0.36961780358006774,0.370585389453314,0.35191504019818026,0.38853203939062125,0.061925495887760036
7,all_1_135,"L1.H0, L1.H1, L1.H2, L2.H3",2067,0.37300435413642963,0.36816642477019834,0.370585389453314,0.35222826409537483,0.38846845409913866,0.062167392356071605
7,all_1_143,"L1.H0, L1.H1, L1.H2, L1.H3, L2.H3",2067,0.3652636671504596,0.3618771165940977,0.3635703918722787,0.34555565061999816,0.3815289989576199,0.06119980648282535
7,all_1_144,"L2.H0, L2.H3",2067,0.4697629414610547,0.4702467343976778,0.4700048379293662,0.45062487578051247,0.48771797676907164,0.053217223028543786
7,all_1_145,"L1.H0, L2.H0, L2.H3",2067,0.46927914852443153,0.4716981132075472,0.47048863086598935,0.45123421512405104,0.48834511298503713,0.05394291243347847
7,all_1_146,"L1.H1, L2.H0, L2.H3",2067,0.4702467343976778,0.4702467343976778,0.4702467343976778,0.4511933763763187,0.4879524723033449,0.05345911949685535
7,all_1_147,"L1.H0, L1.H1, L2.H0, L2.H3",2067,0.471214320270924,0.47218190614417027,0.4716981132075472,0.45290634505861876,0.48950386426845244,0.05418480890179003
7,all_1_149,"L1.H0, L1.H2, L2.H0, L2.H3",2067,0.4697629414610547,0.4716981132075472,0.47073052733430093,0.45165053562953417,0.48858779976942623,0.05418480890179003
7,all_1_150,"L1.H1, L1.H2, L2.H0, L2.H3",2067,0.4702467343976778,0.47218190614417027,0.471214320270924,0.4521311256461347,0.48852802451978034,0.054426705370101594
7,all_1_151,"L1.H0, L1.H1, L1.H2, L2.H0, L2.H3",2067,0.47073052733430093,0.47218190614417027,0.4714562167392356,0.45267661731426,0.4893112648369536,0.054426705370101594
7,all_1_155,"L1.H0, L1.H1, L1.H3, L2.H0, L2.H3",2067,0.46879535558780844,0.46927914852443153,0.46903725205611996,0.44954277883509064,0.48780022644116366,0.052733430091920656
7,all_1_157,"L1.H0, L1.H2, L1.H3, L2.H0, L2.H3",2067,0.46734397677793904,0.4702467343976778,0.46879535558780844,0.4490711503294171,0.48698386425544793,0.05224963715529753
7,all_1_158,"L1.H1, L1.H2, L1.H3, L2.H0, L2.H3",2067,0.46734397677793904,0.4678277697145622,0.4675858732462506,0.44764643088854356,0.4859251782630825,0.05297532656023222
7,all_1_159,"L1.H0, L1.H1, L1.H2, L1.H3, L2.H0, L2.H3",2067,0.4683115626511853,0.47073052733430093,0.4695210449927431,0.44956947209843273,0.48841659039115326,0.05224963715529753
7,all_1_175,"L1.H0, L1.H1, L1.H2, L1.H3, L2.H1, L2.H3",2067,0.22351233671988388,0.22593130140299952,0.2247218190614417,0.20857625711574954,0.24105523486353306,0.07547169811320754
7,all_1_183,"L1.H0, L1.H1, L1.H2, L2.H0, L2.H1, L2.H3",2067,0.39332365747460085,0.39622641509433965,0.39477503628447025,0.3781548829516062,0.4115027160964567,0.07329462989840348
7,all_1_187,"L1.H0, L1.H1, L1.H3, L2.H0, L2.H1, L2.H3",2067,0.3918722786647315,0.39622641509433965,0.3940493468795356,0.37712471487625,0.41104612299465243,0.07377842283502661
7,all_1_189,"L1.H0, L1.H2, L1.H3, L2.H0, L2.H1, L2.H3",2067,0.3918722786647315,0.3957426221577165,0.393807450411224,0.3771318104782503,0.41078292078007356,0.07281083696178035
7,all_1_190,"L1.H1, L1.H2, L1.H3, L2.H0, L2.H1, L2.H3",2067,0.3918722786647315,0.3942912433478471,0.39308176100628933,0.37660922011542974,0.40993283541910935,0.07402031930333818
7,all_1_191,"L1.H0, L1.H1, L1.H2, L1.H3, L2.H0, L2.H1, L2.H3",2067,0.3918722786647315,0.3957426221577165,0.393807450411224,0.3771399544945283,0.4105521807170006,0.07353652636671505
7,all_1_223,"L1.H0, L1.H1, L1.H2, L1.H3, L2.H0, L2.H2, L2.H3",2067,0.3483309143686502,0.3599419448476052,0.35413642960812775,0.3375155531698665,0.3700814877206543,0.0660377358490566
7,all_1_239,"L1.H0, L1.H1, L1.H2, L1.H3, L2.H1, L2.H2, L2.H3",2067,0.12723754233188195,0.12675374939525882,0.1269956458635704,0.11436911560425991,0.14036424124838678,0.08176100628930817
7,all_1_240,"L2.H0, L2.H1, L2.H2, L2.H3",2067,0.2791485244315433,0.28205128205128205,0.28059990324141265,0.2640243296693891,0.29768301666214525,0.07885824866956942
7,all_1_247,"L1.H0, L1.H1, L1.H2, L2.H0, L2.H1, L2.H2, L2.H3",2067,0.27866473149492016,0.28156748911465895,0.28011611030478956,0.2637017162506059,0.29715924036600716,0.07885824866956942
7,all_1_251,"L1.H0, L1.H1, L1.H3, L2.H0, L2.H1, L2.H2, L2.H3",2067,0.27866473149492016,0.2810836961780358,0.279874213836478,0.26338823536722533,0.2967946606414024,0.0783744557329463
7,all_1_253,"L1.H0, L1.H2, L1.H3, L2.H0, L2.H1, L2.H2, L2.H3",2067,0.2796323173681664,0.28059990324141265,0.28011611030478956,0.26357047947131607,0.29711795387994144,0.07813255926463473
7,all_1_254,"L1.H1, L1.H2, L1.H3, L2.H0, L2.H1, L2.H2, L2.H3",2067,0.27866473149492016,0.2810836961780358,0.279874213836478,0.2633442922403174,0.29673373444363105,0.07861635220125786
7,all_1_255,"L1.H0, L1.H1, L1.H2, L1.H3, L2.H0, L2.H1, L2.H2, L2.H3",2067,0.27866473149492016,0.28156748911465895,0.28011611030478956,0.26388212380579595,0.2969776649960581,0.0783744557329463
