variant,metric,length_n,unwrapped_offset_t_minus_n,fourier_amplitude
raw,exact_match,41,0.1510866666477293,11.749692401557956
raw,exact_match,42,0.20212057699487102,12.154982969975674
raw,exact_match,43,0.11168372523435444,12.871052536862054
raw,exact_match,44,0.22951109986934157,12.108193134925088
raw,exact_match,45,0.14387547108797444,11.78639709218906
raw,exact_match,46,0.18098337835315678,11.371504892486639
raw,exact_match,47,0.25300016274768344,13.71323554657143
raw,exact_match,48,0.2530001627476834,13.694505630350319
raw,exact_match,49,0.23039068259383502,13.162169805172928
raw,exact_match,50,0.26569536098478613,11.399339337672176
raw,exact_match,51,0.1803951094391954,11.633874342047356
raw,exact_match,52,0.28505111576571107,12.226463492207175
raw,exact_match,53,0.2582381059921777,13.2655400348684
raw,exact_match,54,0.3509293301523565,11.611240196072725
raw,exact_match,55,0.33784337150146104,13.215355838307708
raw,exact_match,56,0.35110289459077487,13.030057689766236
raw,exact_match,57,0.31158266507098803,12.671030487360342
raw,exact_match,58,0.3752689137465068,13.64839193743066
raw,exact_match,59,0.40050500868831707,10.859007805745426
raw,exact_match,60,0.3633859286333539,12.453063675317265
raw,exact_match,61,0.4138022493136163,12.968726823484753
raw,exact_match,62,0.3667011188008491,11.837716143359952
raw,exact_match,63,0.38289795857079745,13.367120277808388
raw,exact_match,64,0.4222459164758252,12.367306204217286
raw,exact_match,65,0.41028407373037984,13.115395489675981
raw,exact_match,66,0.4135232065439349,12.93257912943554
raw,exact_match,67,0.4263053931651282,12.579618264371373
raw,exact_match,68,0.46146911828351506,13.013024968478408
raw,exact_match,69,0.46145903175967673,12.740563753665036
raw,exact_match,70,0.49531905662034903,13.049256070926152
raw,exact_match,71,0.4841975141186853,13.806267739790561
raw,exact_match,72,0.570208828657814,12.095307594505496
raw,exact_match,73,0.4794401709854366,13.189188079133766
raw,exact_match,74,0.5134878870293117,12.740875030266123
raw,exact_match,75,0.5203044558371966,13.461118022273702
raw,exact_match,76,0.5193129374916579,12.864516735252563
raw,exact_match,77,0.5436130389683699,12.135995614678757
raw,exact_match,78,0.5687965841897453,12.874189628465512
raw,exact_match,79,0.5560693005611032,13.539224837492206
raw,exact_match,80,0.612461021908389,13.102995344368628
raw,exact_match,81,0.5776233228027653,12.03263766622896
raw,exact_match,82,0.5632095250956186,13.206475653585654
raw,exact_match,83,0.6222475865864797,13.196477940662612
raw,exact_match,84,0.6369520923245593,13.662719204426525
raw,exact_match,85,0.6426094716597308,13.001858625702262
raw,exact_match,86,0.6800740574108933,13.940950465955673
raw,exact_match,87,0.6266907930440511,14.062116819779739
raw,exact_match,88,0.729220888290291,12.592947847656372
raw,exact_match,89,0.669691793289149,13.653093564266808
raw,exact_match,90,0.7890966649574412,13.32460886740795
raw,exact_match,91,0.6212195777919673,14.076221994745554
raw,exact_match,92,0.8054391050811532,13.575671525577777
raw,exact_match,93,0.7213626081669057,13.651031430960114
raw,exact_match,94,0.8610730900221973,13.606336460633505
raw,exact_match,95,0.7711788844621427,13.303502092248303
raw,exact_match,96,0.7785108843464719,14.022710858017916
raw,exact_match,97,0.8036332147491738,13.777210788853381
raw,exact_match,98,0.8180071932596366,13.354614273255532
raw,exact_match,99,0.8221586271691024,12.988388258143406
raw,exact_match,100,0.8491468404982446,13.804167064810535
raw,exact_match,101,0.7951672353008665,13.492114900461964
raw,exact_match,102,0.9762098688222222,13.749050336850937
raw,exact_match,103,0.8826033966466951,13.6946992555241
raw,exact_match,104,0.9533222818082455,13.799231084009119
raw,exact_match,105,0.83146858285556,13.979155605097647
raw,exact_match,106,0.8069147109827379,13.846718460504048
raw,exact_match,107,0.8731818318985701,14.002906587812241
raw,exact_match,108,0.8933540532935041,13.723999322238397
raw,exact_match,109,1.0441594514807615,13.950783888346221
raw,exact_match,110,0.9667929727196727,13.86236436243143
raw,exact_match,111,1.1000392993123507,14.339039613821699
raw,exact_match,112,1.1238098873148814,14.08481614821503
raw,exact_match,113,1.1042263298358486,13.78610976822161
raw,exact_match,114,1.0330301457100648,13.68313278307326
raw,exact_match,115,0.9597170590751334,13.752535668463688
raw,exact_match,116,1.0668881191097923,13.758985014156481
raw,exact_match,117,0.9970580368631015,13.655404689521639
raw,exact_match,118,1.2029636167584334,14.28543867472473
raw,exact_match,119,1.09917076891187,14.1250578964854
raw,exact_match,120,1.1764014237200986,13.852939140528072
raw,exact_match,121,1.100098728768354,13.642647396662689
raw,exact_match,122,1.2219186011730119,13.898839673173558
raw,exact_match,123,1.2418196322909618,13.636472322535866
raw,exact_match,124,1.1433861407378607,13.787949136133026
raw,exact_match,125,1.1951551690881854,13.686274954764155
raw,exact_match,126,1.293520897228936,13.905260667459874
raw,exact_match,127,1.1879705407518752,13.353675979070749
raw,exact_match,128,1.2526733381343043,13.142318649699053
raw,exact_match,129,1.26551574008593,13.37246023259837
raw,exact_match,130,1.312153570327725,13.763530033048992
raw,exact_match,131,1.238008178848942,13.573576593076995
raw,exact_match,132,1.428889311190411,13.675550967292397
raw,exact_match,133,1.2727828043245268,13.404490145435355
raw,exact_match,134,1.3053681140900777,13.024972283096051
raw,exact_match,135,1.2016967320739018,13.56944314384502
raw,exact_match,136,1.4364272259703292,13.918231853501624
raw,exact_match,137,1.444204255126109,13.307814104267067
raw,exact_match,138,1.4943960974530692,13.831293344755712
raw,exact_match,139,1.3584436624394274,13.347574325625901
raw,exact_match,140,1.4832898804838779,14.001133590877187
raw,exact_match,141,1.372982103384844,13.455500445940562
raw,exact_match,142,1.4103775546792972,13.849509410654566
raw,exact_match,143,1.4915721635277759,14.144967293531602
raw,exact_match,144,1.397791014951807,14.0168383497198
raw,exact_match,145,1.5612809540886534,13.689992975770368
raw,exact_match,146,1.4668593995872994,14.079333664161467
raw,exact_match,147,1.5499495109813346,13.773930430548555
raw,exact_match,148,1.5246958134109623,13.997056953649219
raw,exact_match,149,1.6733250130963313,13.735331244715983
raw,exact_match,150,1.6800080332941383,14.158561047070618
raw,exact_match,151,1.5115039242949437,13.558208724499144
raw,exact_match,152,1.66765730701916,13.953655183019888
raw,exact_match,153,1.5596793235756374,13.731934925539761
raw,exact_match,154,1.5633112720154123,14.167576568240525
raw,exact_match,155,1.5335365204791849,13.931238081136595
raw,exact_match,156,1.6168130691332159,12.93639831468307
raw,exact_match,157,1.6196310134822676,13.217023946202287
raw,exact_match,158,1.5873124473747204,13.77023765346234
raw,exact_match,159,1.6975431286430682,13.66899479942616
raw,exact_match,160,1.636994103558852,13.90388106794001
raw,exact_match,161,1.729981149781909,14.101619158913564
raw,exact_match,162,1.7964701135481171,14.581943766679776
raw,exact_match,163,1.571950290752855,14.104077519857517
raw,exact_match,164,1.8398123989141149,13.649408270759197
raw,exact_match,165,1.9019081705114091,14.510218664938082
raw,exact_match,166,1.6377474033499904,13.530498717204326
raw,exact_match,167,1.8681081718712453,13.755010543191833
raw,exact_match,168,1.8593653821718232,13.790797566487031
raw,exact_match,169,1.93649890067121,14.408787686239576
raw,exact_match,170,1.7410352024228468,14.57920165536853
raw,exact_match,171,1.9516430538659777,14.297545682805291
raw,exact_match,172,1.9240022732230941,14.15723794699322
raw,exact_match,173,2.0723013750290935,14.41285130750293
raw,exact_match,174,1.993494622927233,14.354367262093458
raw,exact_match,175,1.9418837964506894,14.331403282419677
raw,exact_match,176,1.7921717706129094,14.441403478359085
raw,exact_match,177,1.994378188517503,13.955260752201566
raw,exact_match,178,2.010872481007186,14.160813414207885
raw,exact_match,179,1.8675964095412152,14.08015452787975
raw,exact_match,180,1.9848795235066583,14.325895694786208
raw,exact_match,181,2.0716655553478653,14.622856678221028
raw,exact_match,182,2.0335425459133383,13.708774672658334
raw,exact_match,183,2.086737786991508,14.413379217714159
raw,exact_match,184,2.193751528166337,13.740494056010988
raw,exact_match,185,2.06930344567448,13.65353217804329
raw,exact_match,186,2.0359075193165803,14.239297417818957
raw,exact_match,187,1.9638923384962728,14.58760484857311
raw,exact_match,188,2.0,14.326906330661606
raw,exact_match,189,2.2722011463094662,13.430323000256417
raw,exact_match,190,2.014159756936943,14.529249410542977
raw,exact_match,191,2.134932835515773,14.273477073234599
raw,exact_match,192,2.0398122547267823,13.859978923073136
raw,exact_match,193,2.200012262245154,13.92907200531738
raw,exact_match,194,2.1336953175651483,14.224713939682134
raw,exact_match,195,2.2195753335034767,13.979394987950606
raw,exact_match,196,2.1541947755912,13.49919000246448
raw,exact_match,197,2.3367051734677764,14.002130838028467
raw,exact_match,198,2.2755512057321226,13.97963434739351
raw,exact_match,199,2.1784036093685524,14.158961670018803
raw,exact_match,200,2.325649657979745,13.612339817474016
raw,exact_match,201,2.4032062494227735,14.321712909919583
raw,exact_match,202,2.3320463430112475,13.937512582808427
raw,exact_match,203,2.245474616243293,13.450827227829672
raw,exact_match,204,2.204832764699133,13.122830399191725
raw,exact_match,205,2.309609938224518,13.827278032358791
raw,exact_match,206,2.2376131287732273,13.774102800770331
raw,exact_match,207,2.2497714933011457,13.896662186187461
raw,exact_match,208,2.445902765086006,13.270631677976699
raw,exact_match,209,2.360650140298998,13.853738559289123
raw,exact_match,210,2.4562933722707982,13.962983376488532
raw,exact_match,211,2.414054418101763,13.693656050363746
raw,exact_match,212,2.4122590772688275,13.836479993603723
raw,exact_match,213,2.487269301798054,13.604334492835443
raw,exact_match,214,2.4423328503634356,13.398717488363198
raw,exact_match,215,2.458059920320909,12.957639456097384
raw,exact_match,216,2.3588585342488306,13.710030905185143
raw,exact_match,217,2.5631759939334002,13.472444420649733
raw,exact_match,218,2.4146455042638726,13.372985775105953
raw,exact_match,219,2.416732151072228,13.310653523807627
raw,exact_match,220,2.4462898578437526,12.990346743154577
raw,exact_match,221,2.610356278028404,13.004968733008258
raw,exact_match,222,2.817349792388107,13.915835160165864
raw,exact_match,223,2.357166060504446,13.310811698172976
raw,exact_match,224,2.665619539150611,13.655636010445848
raw,exact_match,225,2.5940881756011356,12.851869923085221
raw,exact_match,226,2.7802346132632376,13.382613935934446
raw,exact_match,227,2.6654830328760175,13.63312479023308
raw,exact_match,228,2.6427157569261617,11.551762896797646
raw,exact_match,229,2.8618734043016167,13.706398774105072
raw,exact_match,230,2.43125322489664,13.087503797326875
raw,exact_match,231,2.474443137650298,12.817033599410244
raw,exact_match,232,2.610522088183983,12.97520781550873
raw,exact_match,233,2.819079065233088,12.21749914601309
raw,exact_match,234,2.8920907512088885,13.24816918706838
raw,exact_match,235,2.8588854593643216,13.88362547288739
raw,exact_match,236,3.061277939875369,13.455723453896585
raw,exact_match,237,2.837844446693499,13.262180795039512
raw,exact_match,238,2.944562638115087,13.264019282606831
raw,exact_match,239,2.862718223721294,13.325521300667262
raw,exact_match,240,2.77244047431323,13.959160290947619
raw,exact_match,241,2.780472669756348,13.793958108515671
raw,exact_match,242,2.724681428216432,14.116146466519321
raw,exact_match,243,2.971220155913523,13.608771087705936
raw,exact_match,244,3.010355220173495,13.107960449907461
raw,exact_match,245,3.214514448228893,13.438555702383566
raw,exact_match,246,3.1594370226994126,13.246200529348538
raw,exact_match,247,2.9397590639841984,12.90802176259734
raw,exact_match,248,3.119980307032932,13.165927631066396
raw,exact_match,249,2.7545330937714496,13.837848056413497
raw,exact_match,250,3.0998203856593043,12.572277832764286
raw,exact_match,251,3.0001882933315005,13.721926012781408
raw,exact_match,252,2.9337348603373647,12.726376553266169
raw,exact_match,253,2.7533613736640543,13.683796269477181
raw,exact_match,254,2.9206668021210223,12.682500096138698
raw,exact_match,255,3.134640416350186,12.60369211588584
raw,exact_match,256,2.955188818321676,11.843375288635537
raw,exact_match,257,2.7616304610254114,12.811808566695339
raw,exact_match,258,3.18069206886687,13.364467453253136
raw,exact_match,259,3.0096022319464395,13.559861278804611
raw,exact_match,260,3.0851093331971176,13.797909199619175
raw,exact_match,261,3.0495827890264864,12.377192119952358
raw,exact_match,262,2.9186314122327377,12.85313757330773
raw,exact_match,263,3.04194743145234,12.875066901502269
raw,exact_match,264,3.037190431067456,13.444086415335036
raw,exact_match,265,3.1281003969483807,12.317668404846506
raw,exact_match,266,3.045087962590965,11.067081369473922
raw,exact_match,267,2.95304446468935,12.595459473418932
raw,exact_match,268,3.3826906828466767,13.503984732247192
raw,exact_match,269,3.404943032280769,13.115885681635254
raw,exact_match,270,3.2318519499093847,13.748112924441337
raw,exact_match,271,3.3964987366420534,12.262785238611224
raw,exact_match,272,3.265667692223343,12.388347150341117
raw,exact_match,273,3.220441565255077,12.291074313932302
raw,exact_match,274,3.282596486071061,13.383154377974543
raw,exact_match,275,3.4083784240663992,12.866741018412508
raw,exact_match,276,3.359106850090891,13.702396575134907
raw,exact_match,277,3.171719763848216,12.304514038325959
raw,exact_match,278,3.2961545202130327,12.52197096719691
raw,exact_match,279,3.532866016989549,13.515417358399404
raw,exact_match,280,3.222469978803628,11.26125050011244
raw,exact_match,281,3.610000224257265,12.754249209667446
raw,exact_match,282,3.2999778724928923,11.904865066548528
raw,exact_match,283,3.4681954974876468,13.19153276027182
raw,exact_match,284,3.5828451717352388,13.057754598993345
raw,exact_match,285,3.638178369894508,11.944792669525373
raw,exact_match,286,3.5128333374227196,13.086392854121625
raw,exact_match,287,3.5910241992293366,13.374478671381665
raw,exact_match,288,3.354706237469098,10.409737297765103
raw,exact_match,289,3.571948821235794,12.869048774810269
raw,exact_match,290,3.3556586205427648,12.214521397654847
raw,exact_match,291,3.6102005973770854,12.566902978585704
raw,exact_match,292,3.302249003183624,12.204102884564808
raw,exact_match,293,3.558955399665189,9.836843079121373
raw,exact_match,294,3.270001615040754,9.844073412852973
raw,exact_match,295,3.744899692502437,12.282252145033215
raw,exact_match,296,3.7222428835929118,12.952782437156952
raw,exact_match,297,3.9923783486400004,13.924044700617735
raw,exact_match,298,3.856486058801491,10.133135588114055
raw,exact_match,299,3.6519664451319276,12.135464228133095
raw,exact_match,300,3.763084216007697,11.347316036093169
raw,exact_match,301,3.7607999815838453,12.12680310864321
raw,exact_match,302,3.6679489825226157,9.209257814594718
raw,exact_match,303,3.8899414396696526,12.729137096345633
raw,exact_match,304,3.6966309815985596,13.215784003484552
raw,exact_match,305,3.980527179883637,12.405818119997637
raw,exact_match,306,3.708902861982193,14.182211474987225
raw,exact_match,307,3.881632029267784,14.218236932891772
raw,exact_match,308,4.094255583929845,11.443287289303102
raw,exact_match,309,3.515207396731273,12.698046718430646
raw,exact_match,310,3.8841384964821657,13.37403912423298
raw,exact_match,311,3.709845415218992,12.018642235877975
raw,exact_match,312,4.088492989039612,13.09661973838906
raw,exact_match,313,4.044343478871442,12.657078744156031
raw,exact_match,314,3.7040535487206143,13.463101110495758
raw,exact_match,315,4.070928265431902,13.70731721632609
raw,exact_match,316,3.9012778208252996,10.679967236972939
raw,exact_match,317,3.7079457950081105,11.815748918444644
raw,exact_match,318,3.6782572146887227,13.08567404310361
raw,exact_match,319,3.883988240524761,13.117185771794064
raw,exact_match,320,3.8565181083758104,13.145768196515187
raw,exact_match,321,3.79008793000454,11.122970228274298
raw,exact_match,322,3.64432154314395,14.196033258027901
raw,exact_match,323,4.203156415393586,14.317404568390762
raw,exact_match,324,3.678816763819762,11.881235508682062
raw,exact_match,325,3.7812542644652676,12.013710116747065
raw,exact_match,326,4.18034831827881,12.754867284195864
raw,exact_match,327,4.097016302993491,12.876334882255899
raw,exact_match,328,4.025794784331475,7.377153615332258
raw,exact_match,329,3.5663813698497844,12.48701410868692
raw,exact_match,330,4.060938671238615,11.526809323640013
raw,exact_match,331,4.15728731889145,12.116164004519684
raw,exact_match,332,3.9439258878314445,13.249853674258262
raw,exact_match,333,4.176557160478988,13.198435200493236
raw,exact_match,334,3.8441192340437063,12.997734470681012
raw,exact_match,335,4.127639312947496,9.81804356938812
raw,exact_match,336,3.948692089194511,7.590861050570047
raw,exact_match,337,4.345114692901865,9.242060035179327
raw,exact_match,338,3.993076909266366,11.389486289588582
raw,exact_match,339,4.257193113747098,10.789708772856509
raw,exact_match,340,4.101192603469493,12.55854084539302
raw,exact_match,341,4.048567346269269,14.075330755020886
raw,exact_match,342,4.183818374798528,12.511570837873322
raw,exact_match,343,4.04054513766046,12.189020319232903
raw,exact_match,344,4.60611718946398,9.566595234878804
raw,exact_match,345,4.35314520334059,13.300711016600898
raw,exact_match,346,4.131208653931404,12.572524964705353
raw,exact_match,347,4.361482037495499,13.602698436887664
raw,exact_match,348,4.020267664804178,13.59863640978637
raw,exact_match,349,4.132368917048601,12.748355164552425
raw,exact_match,350,4.24096941476316,13.181306133749693
raw,exact_match,351,4.319548186950587,11.034728208202283
raw,exact_match,352,4.218375822867259,13.710939917369691
raw,exact_match,353,4.132278247839515,12.563653076839785
raw,exact_match,354,4.20051310395435,12.203000851446186
raw,exact_match,355,3.9559482808571538,8.430354575832984
raw,exact_match,356,4.0,13.151494672801608
raw,exact_match,357,4.30956794083439,7.633236253875038
raw,exact_match,358,4.307363031742871,10.385654549826704
raw,exact_match,359,4.138499253800722,10.795575929255603
raw,exact_match,360,4.180555833298198,11.295535833448456
raw,exact_match,361,4.346307616453998,11.696856894057541
raw,exact_match,362,4.7561555088161445,8.796696363116567
raw,exact_match,363,4.660339476673973,12.230627622278185
raw,exact_match,364,3.9024044743955018,12.430457464979169
raw,exact_match,365,4.635367178835777,11.693326956840696
raw,exact_match,366,4.232696117222091,11.295773867681223
raw,exact_match,367,4.508720273366577,13.436229309762323
raw,exact_match,368,4.033198577379247,11.69341272494853
raw,exact_match,369,4.45423404417113,9.85826391576256
raw,exact_match,370,4.343659996473286,11.160380756856693
raw,exact_match,371,4.176753500511977,13.763339323349097
raw,exact_match,372,4.277364331453412,12.16435754888628
raw,exact_match,373,4.843393450495454,9.012719730753169
raw,exact_match,374,4.582856168224837,12.100248304029376
raw,exact_match,375,4.776749295355203,6.887188066756692
raw,exact_match,376,4.915615073682317,8.119923765265751
raw,exact_match,377,5.002526255677673,13.665922592388009
raw,exact_match,378,4.126757887472389,13.990918572682082
raw,exact_match,379,4.357829181191159,10.50700597315535
raw,exact_match,380,4.128041352265526,10.973734195661738
raw,exact_match,381,4.480892444010335,9.716339041623508
raw,exact_match,382,4.593918693034049,10.201276279752896
raw,exact_match,383,4.423799572816568,13.027487112013489
raw,exact_match,384,5.066451105830705,10.146699433853453
raw,exact_match,385,4.455960028126586,12.0938350977309
raw,exact_match,386,4.873014666293803,12.877000024447838
raw,exact_match,387,4.61932107889895,10.829757792589541
raw,exact_match,388,5.053215159350504,10.958884468764266
raw,exact_match,389,4.207668468761452,7.133648129334043
raw,exact_match,390,4.807369314753534,10.93452596949951
raw,exact_match,391,5.129285717853435,10.210482608889548
raw,exact_match,392,4.483543535440294,11.182783022152691
raw,exact_match,393,4.4303329272546,13.077810256697282
raw,exact_match,394,4.232494463832457,10.114237199000584
raw,exact_match,395,5.323400634335518,10.668330913850495
raw,exact_match,396,5.078008657168902,8.05766850446729
raw,exact_match,397,4.668463513971998,8.876147922616795
raw,exact_match,398,5.241867396450068,12.796490874418298
raw,exact_match,399,4.723973454383831,10.979284168426641
raw,exact_match,400,4.920270992597559,11.256242886833787
raw,exact_match,401,4.321404731502818,13.124817262615835
raw,exact_match,402,4.846951073996204,12.303942750932004
raw,exact_match,403,4.545265108669331,10.5242190885328
raw,exact_match,404,5.224530794628002,10.279126911447893
raw,exact_match,405,4.358050366858227,12.15114465619171
raw,exact_match,406,3.4875059683003515,9.490199848217546
raw,exact_match,407,4.974647608285504,12.5340629139509
raw,exact_match,408,3.9268672816091335,5.58226273022661
raw,exact_match,409,4.97736024118684,10.8184375414869
raw,exact_match,410,4.538792397457939,9.531671402587605
raw,exact_match,411,4.131180446540374,11.565580015006661
raw,exact_match,412,4.884358763194555,11.760622880498477
raw,exact_match,413,4.712482585372857,12.738913594118895
raw,exact_match,414,4.932731201176502,10.874513026202461
raw,exact_match,415,5.22284549707306,7.97037176090425
raw,exact_match,416,5.242415041872639,12.609306064164375
raw,exact_match,417,5.460978414981122,11.541695003397715
raw,exact_match,418,4.981695848918494,11.908635960182563
raw,exact_match,419,5.137547749568839,9.08668521567724
raw,exact_match,420,5.185471987560443,12.501952341596251
raw,exact_match,421,5.106158774137797,11.026007785328254
raw,exact_match,422,4.508965882834471,4.61101353100732
raw,exact_match,423,4.827375868274216,12.350202014858072
raw,exact_match,424,4.7809842666063584,7.881176002511585
raw,exact_match,425,4.958828785487467,11.570320200953809
raw,exact_match,426,5.164016308522064,7.97486311569763
raw,exact_match,427,5.651903412579952,3.1833872796013667
raw,exact_match,428,5.225071801939145,11.65373000266949
raw,exact_match,429,5.020048058887311,11.007799399023751
raw,exact_match,430,5.572301967632093,7.803435231285265
raw,exact_match,431,5.073387061075044,13.29873503725675
raw,exact_match,432,5.485064009924552,6.428008629489897
raw,exact_match,433,5.1744986144535075,6.189995874949925
raw,exact_match,434,5.475394767955606,12.266744699242889
raw,exact_match,435,4.952450405219498,8.83445267433274
raw,exact_match,436,5.609684120178451,10.5734819296747
raw,exact_match,437,6.543978014498652,10.804885217088396
raw,exact_match,438,5.146553537089967,7.9972312862166985
raw,exact_match,439,5.443322879704581,12.337085567815757
raw,exact_match,440,5.620535307177982,11.028545699374016
raw,exact_match,441,5.686566214775736,11.622991977332406
raw,exact_match,442,5.657269255137883,12.312901722160628
raw,exact_match,443,5.600467673931756,9.97083338529852
raw,exact_match,444,5.4849296456013485,11.609969966638566
raw,exact_match,445,4.649341063103545,11.122019656403976
raw,exact_match,446,5.871517200357864,8.858771895634135
raw,exact_match,447,5.8766240729262655,9.526079147705323
raw,exact_match,448,5.588400768161399,12.072582593086779
raw,exact_match,449,5.2649162822814635,9.776638190814754
raw,exact_match,450,5.438856655042955,11.683392702219685
raw,exact_match,451,5.888466303781178,11.426587616148112
raw,exact_match,452,5.847374796604194,10.484134354858856
raw,exact_match,453,6.711395622639651,3.528710223468314
raw,exact_match,454,5.795167235300867,13.438160992273882
raw,exact_match,455,5.297390578202208,7.797333328198524
raw,exact_match,456,5.89177135923032,6.274035402124493
raw,exact_match,457,5.840900820644792,9.631591027718283
raw,exact_match,458,4.991474352054559,9.217554897282927
raw,exact_match,459,5.837738779135728,10.121728283515733
raw,exact_match,460,5.540179043290608,12.338002127180442
raw,exact_match,461,5.026510489226542,2.6748840028490943
raw,exact_match,462,5.427376251577736,10.830669133053087
raw,exact_match,463,5.711230737957411,9.445358801878248
raw,exact_match,464,6.034630490783336,10.882941985173243
raw,exact_match,465,6.056738717470314,2.039550649283779
raw,exact_match,466,5.6684681634819025,13.046497695711974
raw,exact_match,467,5.774514106330033,13.21349953346366
raw,exact_match,468,5.369405258503031,12.841406736556717
raw,exact_match,469,6.094945378508743,13.690989939211764
raw,exact_match,470,7.055142389922267,3.765574255006084
raw,exact_match,471,7.865168725425329,3.6619222451753877
raw,exact_match,472,5.931237600408426,11.55635193618612
raw,exact_match,473,4.849044542134568,12.155900952946242
raw,exact_match,474,5.279495693521066,9.35554436969816
raw,exact_match,475,5.877234381426058,13.50783248569283
raw,exact_match,476,4.942661155937907,5.726518904940167
raw,exact_match,477,4.169501318922866,1.2203940765702088
raw,exact_match,478,5.49041611577302,12.0824885099211
raw,exact_match,479,5.635560763637564,8.69543286811066
raw,exact_match,480,5.737451358548258,4.253988167304292
raw,exact_match,481,5.388305057476924,7.26561862186606
raw,exact_match,482,5.467639405319291,10.124112467268102
raw,exact_match,483,5.575160303415497,9.329156035206882
raw,exact_match,484,5.558173218464426,12.803053220446019
raw,exact_match,485,5.769504901787544,10.820036542889941
raw,exact_match,486,6.413120264846765,12.393622116188574
raw,exact_match,487,5.739979307845583,12.073486683539507
raw,exact_match,488,5.467657357487024,12.046937904350933
raw,exact_match,489,6.372442458314917,11.481618367422149
raw,exact_match,490,6.453890718989089,10.582690967580001
J,exact_match,41,0.13679774187447608,12.021286427714541
J,exact_match,42,0.1123819677238217,12.496310419786095
J,exact_match,43,0.04979354749488575,13.14409789384647
J,exact_match,44,0.20417168521466697,12.18597547998185
J,exact_match,45,0.11048302728543223,11.917938900182689
J,exact_match,46,0.10304858958810982,11.51040458555407
J,exact_match,47,0.20429688959643164,13.85240740905755
J,exact_match,48,0.19738725889663866,13.91176613954383
J,exact_match,49,0.17185069301484904,13.342045108252492
J,exact_match,50,0.19336337923729197,11.668031653553804
J,exact_match,51,0.1436751475611303,11.987319238404758
J,exact_match,52,0.22511299541189303,12.389832839966202
J,exact_match,53,0.23150594011253567,13.388893724521465
J,exact_match,54,0.2878659220453574,11.749879476936854
J,exact_match,55,0.317243536396636,13.281877426946378
J,exact_match,56,0.2554815737632376,13.080034003125476
J,exact_match,57,0.26624987749531315,12.93373252876943
J,exact_match,58,0.3219002410413699,13.645191460730773
J,exact_match,59,0.35087609586841134,10.91676669970109
J,exact_match,60,0.26750553616754263,12.307723891737089
J,exact_match,61,0.38231767542483935,12.959826490214327
J,exact_match,62,0.30737136640009266,12.008023168884115
J,exact_match,63,0.3430930361576106,13.295700519903608
J,exact_match,64,0.34129454784394814,12.111123983041125
J,exact_match,65,0.38318477455087857,13.171841316787269
J,exact_match,66,0.38070245287441107,12.747948559842989
J,exact_match,67,0.36930021996070744,12.483269205230304
J,exact_match,68,0.4227798128303255,13.187906482965722
J,exact_match,69,0.4232886611181951,12.815917882980234
J,exact_match,70,0.4489167687182098,12.948801712293156
J,exact_match,71,0.44518335587674357,13.709213249602902
J,exact_match,72,0.48220912971869256,11.954293930964806
J,exact_match,73,0.45046219715794134,13.176728516062807
J,exact_match,74,0.4651446676420798,12.674975823492192
J,exact_match,75,0.4862673912079911,13.494437403523573
J,exact_match,76,0.4839510969579383,12.710330597993453
J,exact_match,77,0.47718755090838355,12.255316121133191
J,exact_match,78,0.49419719227724224,12.599286697341093
J,exact_match,79,0.5106380228921356,13.445130864411166
J,exact_match,80,0.5312784878949643,12.965786518090598
J,exact_match,81,0.5115239226616831,11.902056035863227
J,exact_match,82,0.5160895639370358,13.113823018884508
J,exact_match,83,0.5775330971454073,13.02951878206916
J,exact_match,84,0.5471501414363107,13.345637189205169
J,exact_match,85,0.5732617258914805,12.709677291471467
J,exact_match,86,0.6100728276234969,13.70815119292163
J,exact_match,87,0.5896535512608998,13.964629422736618
J,exact_match,88,0.6523141977252644,12.180704198295457
J,exact_match,89,0.5988701451606955,13.547012234067477
J,exact_match,90,0.7369500832405417,13.304702587472088
J,exact_match,91,0.5732562462780612,13.979976492635299
J,exact_match,92,0.7309429001552055,13.234038097806044
J,exact_match,93,0.6659046353126395,13.52338000558321
J,exact_match,94,0.7791467496414528,13.263370213509178
J,exact_match,95,0.6986627859814694,12.79116005646204
J,exact_match,96,0.70915009524217,13.976216953301162
J,exact_match,97,0.7186398024394896,13.688505256153487
J,exact_match,98,0.7317939223014619,13.264881791199935
J,exact_match,99,0.7404823375812218,12.864188520601134
J,exact_match,100,0.798240195049735,13.69166042256967
J,exact_match,101,0.7426893178835692,13.295236202192473
J,exact_match,102,0.9078811633556428,13.53969058413794
J,exact_match,103,0.8168394090051594,13.518924633563586
J,exact_match,104,0.89062702587198,13.5154391811036
J,exact_match,105,0.7676435621530225,13.770362878855122
J,exact_match,106,0.7053223465859825,13.642588648777359
J,exact_match,107,0.797505654491011,13.942271674794736
J,exact_match,108,0.8122570691245647,13.67979229989384
J,exact_match,109,0.925926001212207,13.801948364305293
J,exact_match,110,0.9068153160106381,13.72724623602074
J,exact_match,111,1.0128363812803158,14.297790011442487
J,exact_match,112,1.0172382755332994,14.060263428847747
J,exact_match,113,1.0044687051237902,13.924532413367213
J,exact_match,114,0.9623718192377287,13.533151590321248
J,exact_match,115,0.9023454819096707,13.494636118357343
J,exact_match,116,0.985481778276417,13.665411705885978
J,exact_match,117,0.9468111208783332,13.457289672567569
J,exact_match,118,1.114488376820247,14.287795561773528
J,exact_match,119,1.041259798060905,14.023613864460419
J,exact_match,120,1.0891165605252162,13.771731189673224
J,exact_match,121,1.0118405201491207,13.727471824110713
J,exact_match,122,1.1740256682434564,13.82469322484821
J,exact_match,123,1.1265792870172526,13.453229766264734
J,exact_match,124,1.0642913455826526,13.60410750291849
J,exact_match,125,1.1034711001139639,13.81966021809967
J,exact_match,126,1.2602620898138037,13.732828149730945
J,exact_match,127,1.1046452519635308,13.287763976728543
J,exact_match,128,1.1780832076606034,13.084573389841218
J,exact_match,129,1.177412653888083,13.315455739100658
J,exact_match,130,1.2628909714630385,13.442170919014767
J,exact_match,131,1.1288328857480319,13.503673680583526
J,exact_match,132,1.3467875394420594,13.268113060601635
J,exact_match,133,1.143055572884583,13.394728839710904
J,exact_match,134,1.182856832606102,12.501883132373802
J,exact_match,135,1.1257129306141156,13.551228298744832
J,exact_match,136,1.3689900450657726,13.703040747223163
J,exact_match,137,1.3381501261983604,13.403615284313162
J,exact_match,138,1.425150319779825,13.680849203984593
J,exact_match,139,1.220549638031551,12.876666313637761
J,exact_match,140,1.4051096559850917,13.808220088270428
J,exact_match,141,1.2901389567129207,13.088718304993932
J,exact_match,142,1.3663211110677078,13.616184478409643
J,exact_match,143,1.3863189979480093,13.721322712103854
J,exact_match,144,1.3129105671452175,13.63128410996794
J,exact_match,145,1.433890694791999,13.511606385843832
J,exact_match,146,1.4271709709963858,13.841616062434762
J,exact_match,147,1.4432653118554573,13.403769883827616
J,exact_match,148,1.4665698472667228,13.671155143088068
J,exact_match,149,1.5679081801539498,13.21244595748838
J,exact_match,150,1.5701177424567494,13.698553179806234
J,exact_match,151,1.4201519108769738,13.389849344840082
J,exact_match,152,1.6023592796839157,13.434922988555874
J,exact_match,153,1.4291925806616048,13.07559617863913
J,exact_match,154,1.4766839048238032,13.888270224806373
J,exact_match,155,1.4349531375529074,13.273679879863408
J,exact_match,156,1.5195157947654732,12.418107886993136
J,exact_match,157,1.4489200288628692,12.621539800715896
J,exact_match,158,1.50650696016453,13.350228499268239
J,exact_match,159,1.5807379145506264,13.030488257548923
J,exact_match,160,1.5276106797575422,13.445950288391874
J,exact_match,161,1.6356175610761987,13.530251173026262
J,exact_match,162,1.7191297837942547,14.182101429965568
J,exact_match,163,1.4815814740096354,13.760955600143701
J,exact_match,164,1.7324944638324573,13.2335189109461
J,exact_match,165,1.7469631367979288,14.06217353819982
J,exact_match,166,1.5673830656829915,13.529809106588896
J,exact_match,167,1.7738211162856083,13.061494865477846
J,exact_match,168,1.7520149532735487,13.138915970828137
J,exact_match,169,1.8197756256044135,13.961049068358324
J,exact_match,170,1.648115292816045,14.189959047535396
J,exact_match,171,1.8509773116228243,13.941979567709955
J,exact_match,172,1.8475956151081256,13.733273698607777
J,exact_match,173,2.0026405171943207,14.141697054057246
J,exact_match,174,1.8978490861265214,14.114989236386986
J,exact_match,175,1.8689146651978013,14.364754214451827
J,exact_match,176,1.705289696091954,14.126530774365175
J,exact_match,177,1.9109383044193071,13.524198029077043
J,exact_match,178,1.889500113957767,13.73442660184727
J,exact_match,179,1.756323555553857,13.544606214238728
J,exact_match,180,1.875514909264951,13.6280017138856
J,exact_match,181,1.9842502502685109,14.281517081930595
J,exact_match,182,1.9056878376246544,13.584554858617693
J,exact_match,183,1.9784018010724156,14.049069855756095
J,exact_match,184,2.0770931756148467,13.48862916069677
J,exact_match,185,1.9482028152952962,13.114815062847054
J,exact_match,186,1.9121808679224006,13.515578682708536
J,exact_match,187,1.865430891065253,14.406265208320066
J,exact_match,188,1.8968220373594358,14.400721931312056
J,exact_match,189,2.1470490397348696,13.239263781732879
J,exact_match,190,1.9008176897028963,14.139218026149276
J,exact_match,191,2.005957497756213,14.285652717461566
J,exact_match,192,1.9854551806250724,13.378636936803527
J,exact_match,193,2.08953318748507,13.549316219192338
J,exact_match,194,2.0315387075879894,14.272618314272547
J,exact_match,195,2.096368600531997,13.434956101942662
J,exact_match,196,1.9892743378442366,12.939939993404291
J,exact_match,197,2.2020459829295325,13.772729174830667
J,exact_match,198,2.147947200924206,13.74042409308334
J,exact_match,199,2.0446577311799063,14.472910396905311
J,exact_match,200,2.184560491483581,13.329746673267358
J,exact_match,201,2.3629043409818675,14.293070567504857
J,exact_match,202,2.236801317562671,13.708669743534694
J,exact_match,203,2.0840665846238604,13.527877625625246
J,exact_match,204,2.0232286001593565,12.642610510792077
J,exact_match,205,2.1890225439576905,13.823242221081761
J,exact_match,206,2.0823016073865177,13.937786953073719
J,exact_match,207,2.088956507878426,13.508168394676133
J,exact_match,208,2.248417275555229,12.998168037572212
J,exact_match,209,2.229207491503534,13.564687494593802
J,exact_match,210,2.33554235685952,13.748375647206878
J,exact_match,211,2.3338413940469636,13.104019655737078
J,exact_match,212,2.226926529741705,13.314288600458154
J,exact_match,213,2.349871610194824,12.798587485606403
J,exact_match,214,2.304070427857611,12.533903879747795
J,exact_match,215,2.3233811062672043,12.109751140160132
J,exact_match,216,2.213876708465721,13.592496646401806
J,exact_match,217,2.449358184465707,13.20121883835486
J,exact_match,218,2.2201606852292626,12.84426120736118
J,exact_match,219,2.2862440302510296,12.83425653139472
J,exact_match,220,2.228832532078765,12.333428320309213
J,exact_match,221,2.408246265474786,11.700863958207373
J,exact_match,222,2.693342680867095,13.56742283240555
J,exact_match,223,2.2442784313989823,12.787521781529158
J,exact_match,224,2.450762358945078,12.619091238273096
J,exact_match,225,2.494987349480141,11.13612708706358
J,exact_match,226,2.6338976098156612,12.442015042498422
J,exact_match,227,2.5204261199006415,12.913403551558474
J,exact_match,228,2.4532738110921266,11.727890303110598
J,exact_match,229,2.7539051610127734,12.470897741178012
J,exact_match,230,2.2238020447860376,12.441512038099157
J,exact_match,231,2.205801743817474,12.379881907089304
J,exact_match,232,2.408984410072884,12.859439099546908
J,exact_match,233,2.7312976325827436,10.269824250360823
J,exact_match,234,2.717889110597891,11.827204595262643
J,exact_match,235,2.74855488298651,12.76952967470784
J,exact_match,236,2.940891617626848,12.763598850027435
J,exact_match,237,2.7213308107422622,11.81733263682421
J,exact_match,238,2.7835466641302293,12.076788904090078
J,exact_match,239,2.7375391722088853,13.007668226319948
J,exact_match,240,2.636099471205643,13.155664401222461
J,exact_match,241,2.6254698121314988,12.468061212149594
J,exact_match,242,2.6605825361232553,13.363053035915035
J,exact_match,243,2.8405193493009047,13.13910059054642
J,exact_match,244,2.854925453483562,13.01923251363425
J,exact_match,245,3.0765824791387235,12.914728879375707
J,exact_match,246,2.9971930527030333,12.157524973529105
J,exact_match,247,2.728326828123241,12.462113858005786
J,exact_match,248,2.982245979839141,12.305033028717874
J,exact_match,249,2.5678953472052215,13.511922112740503
J,exact_match,250,2.967054983325276,11.158383020624505
J,exact_match,251,2.8445905492579024,13.260720540281033
J,exact_match,252,2.763199066805265,12.162892087516122
J,exact_match,253,2.5428399393922607,13.079664206688992
J,exact_match,254,2.755838800094756,12.684467036419521
J,exact_match,255,2.96050913071631,10.262195065131346
J,exact_match,256,2.740747471721826,11.140317893566875
J,exact_match,257,2.775008567264309,11.53636689950831
J,exact_match,258,2.9831107451979473,12.174229642653787
J,exact_match,259,2.8266120287136296,13.069325898085498
J,exact_match,260,2.8542875902139953,13.197256361663289
J,exact_match,261,2.912725877534759,11.805864184241788
J,exact_match,262,2.738362241429336,12.483648834362231
J,exact_match,263,2.942284123247391,11.64197730465434
J,exact_match,264,2.8371900600051143,13.507831240604501
J,exact_match,265,2.8987369927516715,11.71392943523005
J,exact_match,266,2.865434905510579,10.085376235870516
J,exact_match,267,2.73763387567983,12.100414516165593
J,exact_match,268,3.224869646950746,13.01257069904785
J,exact_match,269,3.3747711222986743,10.757693572917196
J,exact_match,270,3.0619805717106305,13.199466014281036
J,exact_match,271,3.218650126580837,11.116022654178751
J,exact_match,272,3.139113629366016,11.342774993913578
J,exact_match,273,3.078176771712874,10.76219324123604
J,exact_match,274,3.1151384344270205,12.491947735148317
J,exact_match,275,3.3027970183674444,11.693946771261997
J,exact_match,276,3.198701784692049,13.35037584704871
J,exact_match,277,3.0173187134023425,11.33862209377124
J,exact_match,278,3.057442532083976,12.622108976477636
J,exact_match,279,3.439290635408481,12.762437627239917
J,exact_match,280,2.8461040437782352,10.799129551236298
J,exact_match,281,3.48230998677129,12.059924042904417
J,exact_match,282,3.1131404985980526,11.730735698572916
J,exact_match,283,3.218462547366218,12.385254978368883
J,exact_match,284,3.338880333608171,11.163054721282853
J,exact_match,285,3.469760906963362,11.358448996768109
J,exact_match,286,3.3035067552604693,12.126667916882823
J,exact_match,287,3.417335276041212,11.729444667352023
J,exact_match,288,2.849845088105905,10.198102571375026
J,exact_match,289,3.3386154332356788,11.14440015274129
J,exact_match,290,3.131196576605555,11.785373326188312
J,exact_match,291,3.492738492436913,12.393009279465785
J,exact_match,292,2.9657636559630243,11.603029206010754
J,exact_match,293,3.270669786979988,9.291733980180611
J,exact_match,294,3.1149428609052796,9.535914045210207
J,exact_match,295,3.579488512679969,11.381480591760782
J,exact_match,296,3.461372279632741,12.082810393884836
J,exact_match,297,3.952623693333356,12.092599275182426
J,exact_match,298,3.5852229693699247,7.056664382153339
J,exact_match,299,3.4699458223807147,9.434631676181425
J,exact_match,300,3.6016156879548538,9.023873543596443
J,exact_match,301,3.5267037703659145,10.319986634896475
J,exact_match,302,3.368299953691733,6.4425022180394675
J,exact_match,303,3.7674667344504957,10.946963983145713
J,exact_match,304,3.5191694986163626,11.8751494059177
J,exact_match,305,3.7763479408697442,9.066356106859018
J,exact_match,306,3.507489298866494,12.998778588917315
J,exact_match,307,3.6318464966788984,11.784693739962965
J,exact_match,308,3.587144901102515,8.48803643900803
J,exact_match,309,3.2903723914140603,12.38473076351239
J,exact_match,310,3.709479541826879,12.185927762917274
J,exact_match,311,3.493140138654914,10.553337435829617
J,exact_match,312,3.868834265613583,10.726422748809139
J,exact_match,313,3.851645672709624,10.532452018361877
J,exact_match,314,3.515069972926287,12.80564370584356
J,exact_match,315,3.9363404879804134,11.99481880528148
J,exact_match,316,3.682670883574224,9.421345736458962
J,exact_match,317,3.562678073628621,9.681038156347174
J,exact_match,318,3.482882323300051,12.717362007086944
J,exact_match,319,3.855737890103514,11.45625985294881
J,exact_match,320,3.622120735517839,12.399374525185914
J,exact_match,321,3.416110645860107,8.370935112669873
J,exact_match,322,3.3918309974472014,12.296625052604416
J,exact_match,323,3.980568677967651,13.823813769715176
J,exact_match,324,3.332982062901392,10.402564318740424
J,exact_match,325,3.5803667226156386,10.878160994262789
J,exact_match,326,3.878348975745095,10.379002254020298
J,exact_match,327,3.9055715680056258,10.875034507800494
J,exact_match,328,3.2237367047583128,2.778154522087665
J,exact_match,329,3.3671405355038986,11.169699209703097
J,exact_match,330,3.7633627327885133,9.307835541581932
J,exact_match,331,4.191978437742717,12.437257539133011
J,exact_match,332,3.656314577754304,10.11275912526188
J,exact_match,333,3.9514404789094213,12.256966754280302
J,exact_match,334,3.740277383664508,10.679167912301445
J,exact_match,335,3.858862976009379,7.466789816617906
J,exact_match,336,3.3142720353249895,4.959970625241175
J,exact_match,337,3.942482231152111,7.162093525492667
J,exact_match,338,3.6354677884407183,7.587141260458917
J,exact_match,339,3.8300557125026535,9.01268564023855
J,exact_match,340,3.983811707404544,10.643066797155251
J,exact_match,341,3.7846692102199557,13.219007020077516
J,exact_match,342,3.974717150686064,10.849723261233944
J,exact_match,343,3.818629384004843,11.766163130656917
J,exact_match,344,4.6433735070039805,5.7692097720314806
J,exact_match,345,4.113461001740825,12.212690714930812
J,exact_match,346,4.017135623638094,9.502578538883695
J,exact_match,347,4.211395622639652,12.548233633889561
J,exact_match,348,3.731271492472718,12.56325685058089
J,exact_match,349,3.8978490861265214,11.385793766068005
J,exact_match,350,4.055949277478871,9.097001776960015
J,exact_match,351,4.0445203941374155,9.001754256969233
J,exact_match,352,4.073856728602878,10.858578159174016
J,exact_match,353,3.8165865641549472,11.302045665994996
J,exact_match,354,3.9867783451984176,9.43868982730324
J,exact_match,355,3.3554550517389896,6.272343208922864
J,exact_match,356,3.718214707692944,11.359978746010187
J,exact_match,357,3.7434088563044705,7.085113446012535
J,exact_match,358,3.945858854905859,5.547300622224459
J,exact_match,359,3.6642879887376014,10.056841355771331
J,exact_match,360,3.315055130948045,2.43745111677638
J,exact_match,361,3.957296998517486,8.828879531361979
J,exact_match,362,4.165402964989079,0.6013803851241233
J,exact_match,363,4.190311638595518,9.174325220049878
J,exact_match,364,3.6038480481256245,10.596311993182244
J,exact_match,365,4.253551729977586,9.177499426668232
J,exact_match,366,3.900598244685991,8.411963868010602
J,exact_match,367,4.3666028475676,12.163865572606811
J,exact_match,368,3.839869403098563,10.271454338168676
J,exact_match,369,4.046878837213872,10.459670154402744
J,exact_match,370,3.874334083621997,6.496182084839476
J,exact_match,371,3.927822013989234,12.419262370875844
J,exact_match,372,3.9056122947286847,11.08661479497744
J,exact_match,373,4.177457508638658,7.771157946966996
J,exact_match,374,4.211288288581394,11.63544782020351
J,exact_match,375,3.6023029307280083,8.937937343153578
J,exact_match,376,4.46366124529796,4.02132473590221
J,exact_match,377,4.958534518761679,12.557706877115999
J,exact_match,378,3.8766240729262655,13.84407424715996
J,exact_match,379,3.9536297284694832,8.85152483520027
J,exact_match,380,3.8954451121717484,7.842896998447741
J,exact_match,381,4.132125447455146,9.826279942308267
J,exact_match,382,4.119973123033727,7.635883316541144
J,exact_match,383,4.277739765710685,12.696398186579588
J,exact_match,384,4.767481963768828,6.021489204137303
J,exact_match,385,4.007634708335271,11.017511485727455
J,exact_match,386,4.6518347224882515,11.467127170716719
J,exact_match,387,3.9304657485429493,6.261458530894226
J,exact_match,388,4.876144371934201,9.742698670470725
J,exact_match,389,3.476664738560036,7.469415953346388
J,exact_match,390,4.580537886630107,8.833299634675852
J,exact_match,391,4.741047623242043,6.345627970124124
J,exact_match,392,4.069354603860167,13.092697387122486
J,exact_match,393,4.11325077428321,13.338236002804056
J,exact_match,394,3.6726953179155126,11.044977243074651
J,exact_match,395,5.290232297155178,6.400253317927316
J,exact_match,396,4.613424737320154,8.072211156716385
J,exact_match,397,4.022235571279135,8.961162393473947
J,exact_match,398,4.997042438130767,9.686498314079227
J,exact_match,399,4.359298617468889,8.810494594376264
J,exact_match,400,4.178322275472591,8.039162655445958
J,exact_match,401,3.890133457604691,13.287863172546132
J,exact_match,402,4.358784576263825,10.96049644488974
J,exact_match,403,3.856154369597921,10.798523077776817
J,exact_match,404,4.650374020013394,6.598888476773374
J,exact_match,405,4.081569175681824,11.426370094423831
J,exact_match,406,3.400643623527768,10.848771952263338
J,exact_match,407,4.3357022192856585,10.48156634858376
J,exact_match,408,3.496187951116405,8.612521809255039
J,exact_match,409,4.497734458772591,9.53599102139242
J,exact_match,410,4.2463861732716035,12.131286534149751
J,exact_match,411,3.625665916378003,12.548472569302035
J,exact_match,412,4.43693515934545,13.065583134140038
J,exact_match,413,4.216302150160975,11.046705525644157
J,exact_match,414,4.614005935516242,10.115157016516763
J,exact_match,415,5.046282751458887,5.532778272075979
J,exact_match,416,4.689856239363594,10.751623872162211
J,exact_match,417,5.3304986810771355,6.997757488329446
J,exact_match,418,4.657127149024931,11.055198959003626
J,exact_match,419,4.647116887946524,6.110727057769613
J,exact_match,420,4.681236162513214,10.279450186405253
J,exact_match,421,4.579166848321131,10.159605927032441
J,exact_match,422,3.8481833834255577,6.7565550108166095
J,exact_match,423,4.390104389536022,10.353664009090343
J,exact_match,424,4.224164591307973,6.213002867601472
J,exact_match,425,4.5132609935998005,4.405737885506753
J,exact_match,426,4.55593096618,7.589668573377136
J,exact_match,427,5.0747831548290625,3.5332044778365077
J,exact_match,428,4.87249414720641,11.770754094613807
J,exact_match,429,4.5296828934783715,10.266611497953518
J,exact_match,430,5.667847764791119,6.506470503724853
J,exact_match,431,4.5167492862086105,9.918819421856835
J,exact_match,432,4.661935735533763,2.792900330344115
J,exact_match,433,4.417250923886721,4.6537803252784835
J,exact_match,434,4.856542484496635,7.692986666829726
J,exact_match,435,4.503954109229132,10.062694097506895
J,exact_match,436,5.201343409903125,7.732420806082772
J,exact_match,437,7.0639396147900255,7.079194267860744
J,exact_match,438,8.529538705308209,9.806559813951855
J,exact_match,439,9.020422818252813,10.44480522577514
J,exact_match,440,9.038352821202468,7.043514226594976
J,exact_match,441,9.330498681077136,6.254534337400031
J,exact_match,442,9.072109728776457,9.020410992657611
J,exact_match,443,9.289755082821754,6.614954887641662
J,exact_match,444,9.158440352685842,10.769069990431102
J,exact_match,445,8.24763815811003,9.69689739397855
J,exact_match,446,9.737076214353396,4.995995375149945
J,exact_match,447,9.78116601256818,6.335897381957246
J,exact_match,448,9.317110946532889,7.759142355436623
J,exact_match,449,8.85941603888269,6.895084503122971
J,exact_match,450,9.072228487932243,11.219679641143403
J,exact_match,451,9.511521271828112,6.637394406585036
J,exact_match,452,9.062593346228985,6.854653300553875
J,exact_match,453,8.18526944124463,5.984201165180005
J,exact_match,454,9.360736534332515,10.537698106860365
J,exact_match,455,8.602912090524624,7.038573657490889
J,exact_match,456,9.560189134598406,2.0134661615919445
J,exact_match,457,10.1596064716633,1.6736237388007482
J,exact_match,458,8.392943394627878,9.850005652621803
J,exact_match,459,8.928305967911083,7.910249932517456
J,exact_match,460,9.131038107610117,11.297100184287991
J,exact_match,461,8.270417838086853,5.048269757185329
J,exact_match,462,9.107026735020684,11.178979212812441
J,exact_match,463,8.874810060933209,8.846712684578105
J,exact_match,464,8.917709033502323,6.927176523074557
J,exact_match,465,8.440118758222518,6.816085122226884
J,exact_match,466,9.246457791791563,12.481346046033291
J,exact_match,467,9.347760994529484,12.4414637720013
J,exact_match,468,9.026476409547106,12.036741470596725
J,exact_match,469,9.752788626030974,10.445259607872945
J,exact_match,470,8.095009164615556,7.449189103383
J,exact_match,471,7.788496938239559,7.793881892009954
J,exact_match,472,9.641381729838026,6.314144522627876
J,exact_match,473,8.585313992420666,13.237665126573939
J,exact_match,474,8.61890033817046,11.143387395550185
J,exact_match,475,9.424842951124587,10.79234364464681
J,exact_match,476,8.480892444010335,11.693748135038351
J,exact_match,477,8.909665529398268,1.9490520978662926
J,exact_match,478,9.115641236805446,8.051358681130154
J,exact_match,479,8.885252734553397,10.726911240627437
J,exact_match,480,8.432528262142137,3.7572468156206265
J,exact_match,481,8.955124311380523,8.418310592244335
J,exact_match,482,8.861412420837171,7.542774929555727
J,exact_match,483,9.021277233489363,11.684750289681563
J,exact_match,484,9.194547164336196,12.689804339447551
J,exact_match,485,9.100733401882687,7.7073766540898
J,exact_match,486,9.544688779744668,5.328032566950283
J,exact_match,487,9.19034013134225,11.622415572487368
J,exact_match,488,9.072442241685078,9.017403869346309
J,exact_match,489,9.713100089175674,6.336779647413906
J,exact_match,490,10.071497101678185,7.94213225706626
raw,correct_parity_probability,41,0.1620882302816124,11.73226014240686
raw,correct_parity_probability,42,0.20640876788675075,12.19061719066004
raw,correct_parity_probability,43,0.10104779161087625,12.923018210826589
raw,correct_parity_probability,44,0.23429632949942797,12.084131756057198
raw,correct_parity_probability,45,0.16410117040850722,11.891792829088013
raw,correct_parity_probability,46,0.1753289490853308,11.505140299741042
raw,correct_parity_probability,47,0.24359609446838548,13.751469976745962
raw,correct_parity_probability,48,0.2558083880288258,13.72121942610406
raw,correct_parity_probability,49,0.2347806583546729,13.24226600548454
raw,correct_parity_probability,50,0.2537861127664103,11.363185777595096
raw,correct_parity_probability,51,0.19434891582814715,11.697877846431803
raw,correct_parity_probability,52,0.2877007957928061,12.372172103012163
raw,correct_parity_probability,53,0.2624795471668577,13.344286226295074
raw,correct_parity_probability,54,0.356247806738413,11.577847740255683
raw,correct_parity_probability,55,0.33680682048646543,13.283397882406685
raw,correct_parity_probability,56,0.35117654055884767,12.97701307322852
raw,correct_parity_probability,57,0.3135463308259035,12.843131693671456
raw,correct_parity_probability,58,0.37005324483541086,13.749465472730492
raw,correct_parity_probability,59,0.39570871877031843,11.003723600764149
raw,correct_parity_probability,60,0.3719006751731725,12.483086455232913
raw,correct_parity_probability,61,0.4150979123369725,13.089123717739197
raw,correct_parity_probability,62,0.3669873402376096,11.863130823200756
raw,correct_parity_probability,63,0.38379417361851537,13.403617996026064
raw,correct_parity_probability,64,0.42281779508399925,12.421226165054465
raw,correct_parity_probability,65,0.4187944029692441,13.123333654637882
raw,correct_parity_probability,66,0.4194017340880929,12.912404285485987
raw,correct_parity_probability,67,0.4207660030319892,12.680504841759166
raw,correct_parity_probability,68,0.46347807960390686,13.023976329346407
raw,correct_parity_probability,69,0.4672343985928989,12.803438375981262
raw,correct_parity_probability,70,0.4968780224824212,12.999896509432913
raw,correct_parity_probability,71,0.483322242324203,13.775685352322103
raw,correct_parity_probability,72,0.5722921800080829,12.139988400630308
raw,correct_parity_probability,73,0.4727155172103578,13.239958621665286
raw,correct_parity_probability,74,0.5197447581053986,12.707984798749932
raw,correct_parity_probability,75,0.522437271012561,13.47581367062772
raw,correct_parity_probability,76,0.5232049718119125,12.818770956235646
raw,correct_parity_probability,77,0.5521146122521539,12.232385589437962
raw,correct_parity_probability,78,0.5698021795669848,12.90447079774773
raw,correct_parity_probability,79,0.5492033948391629,13.529549938713975
raw,correct_parity_probability,80,0.6107244971919368,13.205801944367613
raw,correct_parity_probability,81,0.5731274216843512,12.076392505385593
raw,correct_parity_probability,82,0.5700901856675593,13.213274259698217
raw,correct_parity_probability,83,0.6259039933419182,13.215763870925858
raw,correct_parity_probability,84,0.6373306957259658,13.638822367613447
raw,correct_parity_probability,85,0.6439812306513317,12.958664795171725
raw,correct_parity_probability,86,0.677413130301477,13.905845404116143
raw,correct_parity_probability,87,0.6326440758466748,14.060335603148436
raw,correct_parity_probability,88,0.7413567388622383,12.643590222551136
raw,correct_parity_probability,89,0.6616448505325538,13.649886686492984
raw,correct_parity_probability,90,0.7947731478829075,13.3840896124957
raw,correct_parity_probability,91,0.6223961035443204,14.112984649620739
raw,correct_parity_probability,92,0.8060192813683219,13.552270854915797
raw,correct_parity_probability,93,0.7213762023522239,13.662642212475099
raw,correct_parity_probability,94,0.8573884928935195,13.610143446395995
raw,correct_parity_probability,95,0.7657414745773888,13.329085773665254
raw,correct_parity_probability,96,0.7838987368909589,14.049626072297439
raw,correct_parity_probability,97,0.8033390157366638,13.795420543516565
raw,correct_parity_probability,98,0.8202028160776856,13.378603538553017
raw,correct_parity_probability,99,0.8223324070306286,12.998050532723218
raw,correct_parity_probability,100,0.8503471094161473,13.824113212031003
raw,correct_parity_probability,101,0.7993364542131451,13.59728783244033
raw,correct_parity_probability,102,0.9873686186559502,13.772738660154822
raw,correct_parity_probability,103,0.889020055140755,13.679475860316213
raw,correct_parity_probability,104,0.961126320833965,13.78514500056631
raw,correct_parity_probability,105,0.8248003291954576,13.96778137829974
raw,correct_parity_probability,106,0.8108754980488104,13.789057020248926
raw,correct_parity_probability,107,0.8706124361190672,14.008671539153841
raw,correct_parity_probability,108,0.9018909996330232,13.750856893955087
raw,correct_parity_probability,109,1.0507749148601049,13.921939788608132
raw,correct_parity_probability,110,0.966617001607333,13.891349990739661
raw,correct_parity_probability,111,1.10125902744203,14.346325110929156
raw,correct_parity_probability,112,1.1287608049824955,14.121466363247066
raw,correct_parity_probability,113,1.098903156803602,13.870374740103461
raw,correct_parity_probability,114,1.0374690832361642,13.68970234720738
raw,correct_parity_probability,115,0.9686003148902599,13.73024637901966
raw,correct_parity_probability,116,1.0757705331356642,13.78066067451277
raw,correct_parity_probability,117,1.0030094613485128,13.664874769825373
raw,correct_parity_probability,118,1.2079158666686733,14.298531610718737
raw,correct_parity_probability,119,1.1053873496460525,14.103696912251369
raw,correct_parity_probability,120,1.170723582978097,13.885776551059827
raw,correct_parity_probability,121,1.100039217780294,13.66977910227519
raw,correct_parity_probability,122,1.2258110211176567,13.909202399939016
raw,correct_parity_probability,123,1.2325648976969477,13.655784650338513
raw,correct_parity_probability,124,1.147476493855483,13.828120583104592
raw,correct_parity_probability,125,1.1945158536046887,13.717019811358211
raw,correct_parity_probability,126,1.2989303859413939,13.887237432574613
raw,correct_parity_probability,127,1.1801843596928694,13.393229612897894
raw,correct_parity_probability,128,1.2532444546552963,13.182752285925542
raw,correct_parity_probability,129,1.2684498622057792,13.404050788909212
raw,correct_parity_probability,130,1.3141546949601457,13.805459759521534
raw,correct_parity_probability,131,1.2443319593173499,13.55187008319694
raw,correct_parity_probability,132,1.4230242652788407,13.607401124421745
raw,correct_parity_probability,133,1.283979514196379,13.475728855394179
raw,correct_parity_probability,134,1.30737225316724,13.059462496656506
raw,correct_parity_probability,135,1.2006281768449771,13.660105417799056
raw,correct_parity_probability,136,1.4368927967042218,13.933931962126499
raw,correct_parity_probability,137,1.4426439219972254,13.383687056890311
raw,correct_parity_probability,138,1.495280819613875,13.83758864166516
raw,correct_parity_probability,139,1.3612767623301125,13.32190842377438
raw,correct_parity_probability,140,1.4851039245741215,13.998827120933424
raw,correct_parity_probability,141,1.3802663872311092,13.45622795644706
raw,correct_parity_probability,142,1.4126731481672858,13.90811568662185
raw,correct_parity_probability,143,1.4935799944545736,14.078558051491262
raw,correct_parity_probability,144,1.4041774810922816,13.97273689595364
raw,correct_parity_probability,145,1.558953944493927,13.6548872745789
raw,correct_parity_probability,146,1.4720563909180577,14.097541572824007
raw,correct_parity_probability,147,1.5465006252398055,13.820736135898187
raw,correct_parity_probability,148,1.5273952427354354,13.977432846145986
raw,correct_parity_probability,149,1.6749662666124707,13.754264488384427
raw,correct_parity_probability,150,1.6841541447709947,14.201235558767145
raw,correct_parity_probability,151,1.5136197500352673,13.649388504919576
raw,correct_parity_probability,152,1.66489757826436,13.99173865438282
raw,correct_parity_probability,153,1.5640768459552072,13.839635976099908
raw,correct_parity_probability,154,1.5624555836051026,14.177501543342704
raw,correct_parity_probability,155,1.52997140087962,13.865868358944635
raw,correct_parity_probability,156,1.6217901301146063,13.164909320430075
raw,correct_parity_probability,157,1.6176193768233273,13.233412342716806
raw,correct_parity_probability,158,1.5959858753769647,13.843260138332617
raw,correct_parity_probability,159,1.7034880208233336,13.715313071631302
raw,correct_parity_probability,160,1.6386107381452175,13.960511964822675
raw,correct_parity_probability,161,1.7331500162068925,14.073005784556916
raw,correct_parity_probability,162,1.794808352094313,14.586206051882279
raw,correct_parity_probability,163,1.5819402106882898,14.120950389035013
raw,correct_parity_probability,164,1.8458440308031288,13.721802440607124
raw,correct_parity_probability,165,1.8945595852894053,14.603551831838647
raw,correct_parity_probability,166,1.6444232453888998,13.694131436742435
raw,correct_parity_probability,167,1.8762783184373242,13.784663449402075
raw,correct_parity_probability,168,1.8508242142772382,13.775210496721968
raw,correct_parity_probability,169,1.9359584824135445,14.487693902773342
raw,correct_parity_probability,170,1.7465140261534051,14.569753649916986
raw,correct_parity_probability,171,1.9569659461560505,14.305401669671955
raw,correct_parity_probability,172,1.922237498270231,14.189813807339702
raw,correct_parity_probability,173,2.078316307535452,14.444405764788291
raw,correct_parity_probability,174,1.9927428570909838,14.298984608978092
raw,correct_parity_probability,175,1.947216473652236,14.380191154903873
raw,correct_parity_probability,176,1.78532681579735,14.416709407450737
raw,correct_parity_probability,177,1.9913740157710713,14.020866834946432
raw,correct_parity_probability,178,2.00787745575424,14.142072302039695
raw,correct_parity_probability,179,1.8705723083120154,14.0218583152703
raw,correct_parity_probability,180,1.9810631881668368,14.241174941835347
raw,correct_parity_probability,181,2.0724265419229315,14.632216706958218
raw,correct_parity_probability,182,2.038079887630618,13.77297653229383
raw,correct_parity_probability,183,2.0864491513501275,14.422511706954554
raw,correct_parity_probability,184,2.203468178404808,13.762667956452947
raw,correct_parity_probability,185,2.070431519064484,13.693661354223833
raw,correct_parity_probability,186,2.0377616976942554,14.238924323253414
raw,correct_parity_probability,187,1.9677545303041908,14.567172649289542
raw,correct_parity_probability,188,1.999282896832166,14.358085976346409
raw,correct_parity_probability,189,2.2656297568608825,13.498761030952279
raw,correct_parity_probability,190,2.012073649828387,14.489371450555412
raw,correct_parity_probability,191,2.1381855112286363,14.35010083525107
raw,correct_parity_probability,192,2.050385785289716,13.900356411026443
raw,correct_parity_probability,193,2.196675710490031,14.009490513052716
raw,correct_parity_probability,194,2.1422637691419415,14.26448917750077
raw,correct_parity_probability,195,2.2128686863263543,14.100453235882565
raw,correct_parity_probability,196,2.155814927099783,13.606841539465439
raw,correct_parity_probability,197,2.338909100599035,14.0321431483779
raw,correct_parity_probability,198,2.2725435250750916,14.01512085672895
raw,correct_parity_probability,199,2.1828827636608423,14.226630095652375
raw,correct_parity_probability,200,2.3334319817831415,13.672284023037768
raw,correct_parity_probability,201,2.408006631478491,14.326759378888667
raw,correct_parity_probability,202,2.3411414644142936,13.938275683714748
raw,correct_parity_probability,203,2.2372004063904813,13.546382454980629
raw,correct_parity_probability,204,2.2026014158876004,13.156999060445951
raw,correct_parity_probability,205,2.313877516369054,13.874243388374243
raw,correct_parity_probability,206,2.230772513236394,13.935926506434521
raw,correct_parity_probability,207,2.247854522367555,13.958524422792843
raw,correct_parity_probability,208,2.435034797122734,13.399601764460748
raw,correct_parity_probability,209,2.369594487420911,13.872236360498581
raw,correct_parity_probability,210,2.4660313145823975,13.950798565108848
raw,correct_parity_probability,211,2.4097913415104593,13.757887386841677
raw,correct_parity_probability,212,2.413444013891819,13.834630994183147
raw,correct_parity_probability,213,2.4907726567012545,13.584104882152195
raw,correct_parity_probability,214,2.442983345671605,13.395013323568376
raw,correct_parity_probability,215,2.466530828546172,12.947181410486243
raw,correct_parity_probability,216,2.3560415731405686,13.838034855472335
raw,correct_parity_probability,217,2.5530277228446976,13.571475883555635
raw,correct_parity_probability,218,2.413926855589575,13.445282320269268
raw,correct_parity_probability,219,2.4065116582776342,13.355723620210314
raw,correct_parity_probability,220,2.4425198223334053,12.956299155197247
raw,correct_parity_probability,221,2.616101602996083,13.111582145134658
raw,correct_parity_probability,222,2.822392622884096,13.931678318919591
raw,correct_parity_probability,223,2.371304657293446,13.426167111497167
raw,correct_parity_probability,224,2.658944842683859,13.631079242371825
raw,correct_parity_probability,225,2.594717913002133,12.769018530283859
raw,correct_parity_probability,226,2.779653615574137,13.435972348677016
raw,correct_parity_probability,227,2.6617309851465323,13.725975241471044
raw,correct_parity_probability,228,2.650756354164214,11.809289851491632
raw,correct_parity_probability,229,2.8633986169942536,13.702619743703888
raw,correct_parity_probability,230,2.447859264690722,13.370227411856986
raw,correct_parity_probability,231,2.476404582310069,12.879496238862949
raw,correct_parity_probability,232,2.602394122371233,13.187965937025549
raw,correct_parity_probability,233,2.8270437576497947,12.086127843059275
raw,correct_parity_probability,234,2.8892630640941497,13.26795677233425
raw,correct_parity_probability,235,2.859353526043429,13.863613211978974
raw,correct_parity_probability,236,3.0570193014584426,13.532101895907557
raw,correct_parity_probability,237,2.850883282431763,13.277213000538168
raw,correct_parity_probability,238,2.949331275421087,13.345658083247269
raw,correct_parity_probability,239,2.8648318998504574,13.477050604476945
raw,correct_parity_probability,240,2.785159834777424,14.008482195428659
raw,correct_parity_probability,241,2.7745241476918903,13.647294413571146
raw,correct_parity_probability,242,2.7293555470696473,14.114072739804744
raw,correct_parity_probability,243,2.9737091639259448,13.599537457786553
raw,correct_parity_probability,244,3.0162251276269605,13.323465872682027
raw,correct_parity_probability,245,3.221063566794959,13.555689636539176
raw,correct_parity_probability,246,3.1516841488997076,13.319167202109199
raw,correct_parity_probability,247,2.931805424659093,13.063663179932817
raw,correct_parity_probability,248,3.120069378827362,13.28809780566486
raw,correct_parity_probability,249,2.7563588524295692,13.85223288897192
raw,correct_parity_probability,250,3.087278046012338,12.721851482798437
raw,correct_parity_probability,251,2.996743075403717,13.735204545750744
raw,correct_parity_probability,252,2.937890135570081,12.804041538896978
raw,correct_parity_probability,253,2.757667485960446,13.643747903513246
raw,correct_parity_probability,254,2.925232587597772,12.794739972142079
raw,correct_parity_probability,255,3.1446600969602523,12.639628274293019
raw,correct_parity_probability,256,2.952442090061903,12.11840845513575
raw,correct_parity_probability,257,2.7836374012021214,12.946779614625232
raw,correct_parity_probability,258,3.187176187156298,13.303788956847805
raw,correct_parity_probability,259,3.0082742901258483,13.599951209783724
raw,correct_parity_probability,260,3.087964281445701,13.794352806230592
raw,correct_parity_probability,261,3.0618359405636717,12.500110322263296
raw,correct_parity_probability,262,2.9123439045450707,12.956199961644469
raw,correct_parity_probability,263,3.0633401472807997,12.880202300805248
raw,correct_parity_probability,264,3.0332859961124097,13.503063169888375
raw,correct_parity_probability,265,3.134561572503205,12.29612826188155
raw,correct_parity_probability,266,3.0531716831165614,11.152738230223777
raw,correct_parity_probability,267,2.9604358403395437,12.687251616030979
raw,correct_parity_probability,268,3.3756781204478665,13.565765745227775
raw,correct_parity_probability,269,3.418790096736745,13.004226773457589
raw,correct_parity_probability,270,3.2309615504615863,13.823762859309095
raw,correct_parity_probability,271,3.4185710420079154,12.177414963718645
raw,correct_parity_probability,272,3.2823995625533033,12.51765443042293
raw,correct_parity_probability,273,3.230141526811131,12.145974633993974
raw,correct_parity_probability,274,3.281662687128746,13.316594600845285
raw,correct_parity_probability,275,3.407745174237905,12.992500009079256
raw,correct_parity_probability,276,3.3601024942159254,13.773362447361476
raw,correct_parity_probability,277,3.191361447431046,12.237358914088514
raw,correct_parity_probability,278,3.297118132981851,12.598156309883395
raw,correct_parity_probability,279,3.53458545277093,13.604676908791653
raw,correct_parity_probability,280,3.2149034923379523,11.455075717784279
raw,correct_parity_probability,281,3.6224401580695806,12.73856319176168
raw,correct_parity_probability,282,3.313187261163817,12.05361307583215
raw,correct_parity_probability,283,3.458067967558714,13.133927733935694
raw,correct_parity_probability,284,3.5969288043472774,13.001407251349866
raw,correct_parity_probability,285,3.6387721752755895,12.118465909315102
raw,correct_parity_probability,286,3.518212481031491,13.120898566172821
raw,correct_parity_probability,287,3.602599458394016,13.303319175919935
raw,correct_parity_probability,288,3.3600879801583763,10.615646776491074
raw,correct_parity_probability,289,3.573372564873356,12.877021170054967
raw,correct_parity_probability,290,3.366748951284774,12.455431204627134
raw,correct_parity_probability,291,3.616611093988575,12.720285730053941
raw,correct_parity_probability,292,3.3018582414413182,12.257817530128452
raw,correct_parity_probability,293,3.574531052304724,10.223919220618281
raw,correct_parity_probability,294,3.2708969892608755,9.773141282668604
raw,correct_parity_probability,295,3.754094322628834,12.224575917979989
raw,correct_parity_probability,296,3.7226675470364343,13.152305038754799
raw,correct_parity_probability,297,3.988387979697434,13.992910800817333
raw,correct_parity_probability,298,3.8648465091794755,10.307696456367678
raw,correct_parity_probability,299,3.648513505222898,11.862408128876867
raw,correct_parity_probability,300,3.735627889219521,11.616075845998356
raw,correct_parity_probability,301,3.7626705886696397,12.11271970144037
raw,correct_parity_probability,302,3.657244679442452,9.218596039046341
raw,correct_parity_probability,303,3.8928397576379794,12.798964041727727
raw,correct_parity_probability,304,3.688310221427682,13.301859274221345
raw,correct_parity_probability,305,3.9724382702745564,12.444466530949537
raw,correct_parity_probability,306,3.705103019554357,14.086623252090474
raw,correct_parity_probability,307,3.884166006352525,14.182510101132676
raw,correct_parity_probability,308,4.086804047245291,11.735766644969154
raw,correct_parity_probability,309,3.5257394768969545,12.934454542000127
raw,correct_parity_probability,310,3.893138303954416,13.583229282303511
raw,correct_parity_probability,311,3.715280516120821,12.00199077746996
raw,correct_parity_probability,312,4.087571108477664,13.246921297085148
raw,correct_parity_probability,313,4.059341815535732,12.795383315575291
raw,correct_parity_probability,314,3.708058107910766,13.488471086402807
raw,correct_parity_probability,315,4.073147957018855,13.66245119163497
raw,correct_parity_probability,316,3.892688912816901,10.808552336022702
raw,correct_parity_probability,317,3.7275078158577153,11.75265141520853
raw,correct_parity_probability,318,3.6943326105122685,13.180349049609331
raw,correct_parity_probability,319,3.8962015358175615,13.105644668304112
raw,correct_parity_probability,320,3.8597984621671855,13.192767797778123
raw,correct_parity_probability,321,3.785163653559101,11.015125532301578
raw,correct_parity_probability,322,3.6405347528999026,14.204337787607468
raw,correct_parity_probability,323,4.207277109943305,14.35845712316547
raw,correct_parity_probability,324,3.674216623057343,12.027383520204708
raw,correct_parity_probability,325,3.8036261143573853,12.36158235413801
raw,correct_parity_probability,326,4.173971605205814,12.922703134107598
raw,correct_parity_probability,327,4.109515984757068,13.070721121279206
raw,correct_parity_probability,328,3.989714074550619,7.620875660806221
raw,correct_parity_probability,329,3.5618953176287564,12.429293605503767
raw,correct_parity_probability,330,4.066965961030051,11.427407649622674
raw,correct_parity_probability,331,4.1678792739090476,12.491031994144892
raw,correct_parity_probability,332,3.9661738864634843,13.226437890310534
raw,correct_parity_probability,333,4.188651063035414,13.27559615782237
raw,correct_parity_probability,334,3.834228449506031,13.017552221805971
raw,correct_parity_probability,335,4.1402335965617185,9.786262549258005
raw,correct_parity_probability,336,3.9432564961653047,7.810754616651971
raw,correct_parity_probability,337,4.29762001927066,9.729557148364737
raw,correct_parity_probability,338,4.010240546399418,11.515679220181497
raw,correct_parity_probability,339,4.257972567047392,10.998733914841544
raw,correct_parity_probability,340,4.115225457980283,12.60816141347407
raw,correct_parity_probability,341,4.054828805313281,14.15319045604537
raw,correct_parity_probability,342,4.172961798419137,12.598949834537079
raw,correct_parity_probability,343,4.044769296292772,12.330317319215302
raw,correct_parity_probability,344,4.651274273172962,9.829317407635692
raw,correct_parity_probability,345,4.348458041069248,13.30778726170728
raw,correct_parity_probability,346,4.125590710689304,12.683607669268401
raw,correct_parity_probability,347,4.372280575010577,13.565296063185373
raw,correct_parity_probability,348,4.0278081755768556,13.67408588867769
raw,correct_parity_probability,349,4.138848691123011,12.85966285685438
raw,correct_parity_probability,350,4.234174012055945,13.307884888703732
raw,correct_parity_probability,351,4.311285672465709,11.47553384441492
raw,correct_parity_probability,352,4.226974134029545,13.683922115809795
raw,correct_parity_probability,353,4.1326586804119465,12.73271272811828
raw,correct_parity_probability,354,4.222994229410655,12.402332961613736
raw,correct_parity_probability,355,3.951777458993906,8.29499947169849
raw,correct_parity_probability,356,4.002678626406357,13.216358457304501
raw,correct_parity_probability,357,4.306846404712278,7.973794255655803
raw,correct_parity_probability,358,4.304677002202132,10.26462246212219
raw,correct_parity_probability,359,4.137094414322763,11.038120119574362
raw,correct_parity_probability,360,4.16897952520997,11.367190127364099
raw,correct_parity_probability,361,4.36082610677664,11.65245064902987
raw,correct_parity_probability,362,4.7347283087441205,8.958707446364045
raw,correct_parity_probability,363,4.67351283404154,12.222026601958314
raw,correct_parity_probability,364,3.90735996485376,12.399854563365592
raw,correct_parity_probability,365,4.628720806901848,12.112188008028735
raw,correct_parity_probability,366,4.26349913244115,11.395150985233478
raw,correct_parity_probability,367,4.510286649172279,13.547319895815168
raw,correct_parity_probability,368,4.048841072116179,11.623315318693965
raw,correct_parity_probability,369,4.454732530721468,10.134699087536049
raw,correct_parity_probability,370,4.355962552949163,11.10035905431378
raw,correct_parity_probability,371,4.179052970510905,13.836413249493182
raw,correct_parity_probability,372,4.2827865189706875,12.315125349336771
raw,correct_parity_probability,373,4.795041750815271,9.582189325211118
raw,correct_parity_probability,374,4.553965617734446,12.45466488723909
raw,correct_parity_probability,375,4.784648884086667,7.246989383314075
raw,correct_parity_probability,376,4.9144670133056385,8.557757549052695
raw,correct_parity_probability,377,5.016894429998757,13.690426808869912
raw,correct_parity_probability,378,4.128232718377985,14.127276366510072
raw,correct_parity_probability,379,4.335115370996976,10.733232088392318
raw,correct_parity_probability,380,4.170921528326951,10.812024495955303
raw,correct_parity_probability,381,4.522389478738309,9.971796867799103
raw,correct_parity_probability,382,4.595768390960218,10.04097537460459
raw,correct_parity_probability,383,4.434646709659125,13.170381256216295
raw,correct_parity_probability,384,5.065087449502983,10.580551559957682
raw,correct_parity_probability,385,4.463646990666688,12.380295591805542
raw,correct_parity_probability,386,4.881704421491985,12.925329059342038
raw,correct_parity_probability,387,4.630196840432741,10.66742397162919
raw,correct_parity_probability,388,5.053093083756888,11.149143307189588
raw,correct_parity_probability,389,4.186084614382047,6.916528077968404
raw,correct_parity_probability,390,4.814611223049223,11.438625238628232
raw,correct_parity_probability,391,5.123110394388343,10.54710690114396
raw,correct_parity_probability,392,4.497823679431878,11.808961723391599
raw,correct_parity_probability,393,4.427462871457171,13.211436219196447
raw,correct_parity_probability,394,4.262125623045516,10.513797089437007
raw,correct_parity_probability,395,5.321843388106704,10.598521135330666
raw,correct_parity_probability,396,5.069133614585951,8.256935325039839
raw,correct_parity_probability,397,4.677424549401445,9.50298871875835
raw,correct_parity_probability,398,5.2297191845192215,12.829003150067676
raw,correct_parity_probability,399,4.732930365709693,11.452224688684533
raw,correct_parity_probability,400,4.940166602018817,11.136250972844154
raw,correct_parity_probability,401,4.295168538152174,13.291302766465455
raw,correct_parity_probability,402,4.8600654027690355,12.362964700085486
raw,correct_parity_probability,403,4.550328560234679,10.430276540850349
raw,correct_parity_probability,404,5.222992622486871,10.417801135873226
raw,correct_parity_probability,405,4.379962930085965,12.04368315660016
raw,correct_parity_probability,406,3.511401413149663,9.765553164382862
raw,correct_parity_probability,407,4.958777937963972,12.724928210435259
raw,correct_parity_probability,408,3.9728712250579723,5.28900681471409
raw,correct_parity_probability,409,4.9946198281329535,10.81349076834793
raw,correct_parity_probability,410,4.5363884646601,9.604985269798314
raw,correct_parity_probability,411,4.1277550492704265,11.686347302966274
raw,correct_parity_probability,412,4.901849218598,11.877790756452287
raw,correct_parity_probability,413,4.696898187560463,12.685027189277045
raw,correct_parity_probability,414,4.952455753082822,10.724663929717563
raw,correct_parity_probability,415,5.291839869900188,8.384265591600649
raw,correct_parity_probability,416,5.248058048799337,12.579022239422166
raw,correct_parity_probability,417,5.474112670164542,11.584688669482611
raw,correct_parity_probability,418,4.989385097302515,12.114471121308641
raw,correct_parity_probability,419,5.154225820601677,9.118638096872532
raw,correct_parity_probability,420,5.197613041875073,12.612511653967745
raw,correct_parity_probability,421,5.120406075167038,11.100935190525302
raw,correct_parity_probability,422,4.523940669986314,4.744415385540552
raw,correct_parity_probability,423,4.830741384955843,12.324502461586565
raw,correct_parity_probability,424,4.822336094411302,8.06679839939376
raw,correct_parity_probability,425,4.936535335519743,11.687612479473204
raw,correct_parity_probability,426,5.111323806617186,8.22891976192577
raw,correct_parity_probability,427,5.612441205471204,3.3606420119454845
raw,correct_parity_probability,428,5.220646676627823,11.916109790798831
raw,correct_parity_probability,429,5.024531144430964,11.073253703851405
raw,correct_parity_probability,430,5.578131508146742,8.14507413175911
raw,correct_parity_probability,431,5.077879258811687,13.079549809711917
raw,correct_parity_probability,432,5.503282266160739,6.471209139028346
raw,correct_parity_probability,433,5.150622393842927,6.448555210614718
raw,correct_parity_probability,434,5.476100658065089,12.413613885305631
raw,correct_parity_probability,435,4.969963695101504,9.082645692937772
raw,correct_parity_probability,436,5.604619471294456,10.44927678476347
raw,correct_parity_probability,437,6.51039287370238,10.639884190746983
raw,correct_parity_probability,438,5.17035070297154,8.160396435344223
raw,correct_parity_probability,439,5.461577562306677,12.49792070904452
raw,correct_parity_probability,440,5.637744622991321,11.4458571466217
raw,correct_parity_probability,441,5.709832736933895,11.730411094012542
raw,correct_parity_probability,442,5.646550758533708,12.271064626941653
raw,correct_parity_probability,443,5.609863635628406,10.556490694792089
raw,correct_parity_probability,444,5.478118495117175,11.652633777653222
raw,correct_parity_probability,445,4.642956212730331,11.356086604520154
raw,correct_parity_probability,446,5.871873730477809,9.087255035272795
raw,correct_parity_probability,447,5.859580567067481,9.818356466768241
raw,correct_parity_probability,448,5.576098970666184,12.253129410216149
raw,correct_parity_probability,449,5.247309677078072,9.464759311650603
raw,correct_parity_probability,450,5.442434676019805,11.820758133543173
raw,correct_parity_probability,451,5.920265620649332,11.413727612455965
raw,correct_parity_probability,452,5.79880538526758,10.632762085496603
raw,correct_parity_probability,453,6.765274122631054,4.474416917424104
raw,correct_parity_probability,454,5.789094997101352,13.497061252632237
raw,correct_parity_probability,455,5.30417150978977,8.050006694387761
raw,correct_parity_probability,456,5.933859936551209,6.49416930773924
raw,correct_parity_probability,457,5.852882804535341,9.137164711419576
raw,correct_parity_probability,458,4.999752056050326,9.344103401772678
raw,correct_parity_probability,459,5.825301649776334,10.261349173277608
raw,correct_parity_probability,460,5.54648515301141,12.548206949054519
raw,correct_parity_probability,461,5.071111185225992,2.921018153649761
raw,correct_parity_probability,462,5.4332616463327685,11.372702412203626
raw,correct_parity_probability,463,5.735874349617975,9.66989176102395
raw,correct_parity_probability,464,6.025740833306858,10.78511713297121
raw,correct_parity_probability,465,5.969186305209103,2.8384354978017496
raw,correct_parity_probability,466,5.660738721149862,13.10277539609007
raw,correct_parity_probability,467,5.792285216019935,13.164445474082513
raw,correct_parity_probability,468,5.369373350119435,12.882604838174128
raw,correct_parity_probability,469,6.108960506250948,13.718905019917344
raw,correct_parity_probability,470,7.0640465115412585,3.8725017333850107
raw,correct_parity_probability,471,7.99204383634297,3.5761451170982625
raw,correct_parity_probability,472,9.937805693845513,11.74652576644502
raw,correct_parity_probability,473,8.852938013587487,12.165618718458795
raw,correct_parity_probability,474,9.270433874043352,9.154601578477575
raw,correct_parity_probability,475,9.884392637863069,13.348968051843373
raw,correct_parity_probability,476,8.90719012886951,5.8884690168534055
raw,correct_parity_probability,477,7.877548892689455,0.9999051615178358
raw,correct_parity_probability,478,9.488958516171678,12.063500076401866
raw,correct_parity_probability,479,9.625214792875594,8.865232097429756
raw,correct_parity_probability,480,9.806040679124937,4.293258628916498
raw,correct_parity_probability,481,9.413988430318824,7.559281729348494
raw,correct_parity_probability,482,9.483417874484438,10.084327447613584
raw,correct_parity_probability,483,9.591854064086318,9.725938665924275
raw,correct_parity_probability,484,9.57049428360905,12.809030698684076
raw,correct_parity_probability,485,9.757376101105342,10.9307726833375
raw,correct_parity_probability,486,10.417231731948258,12.50983321835079
raw,correct_parity_probability,487,9.73346451279914,12.07198038715705
raw,correct_parity_probability,488,9.460820402924494,12.12590072617379
raw,correct_parity_probability,489,10.368726480624197,11.65548747460745
raw,correct_parity_probability,490,10.485528566631471,10.313052344169922
J,correct_parity_probability,41,0.13817657343145764,11.83422932736458
J,correct_parity_probability,42,0.12460776668981338,12.456749505244558
J,correct_parity_probability,43,0.059543561950398095,13.110524719044044
J,correct_parity_probability,44,0.1984320400664468,12.228881816115312
J,correct_parity_probability,45,0.11892528730824896,11.94907760183095
J,correct_parity_probability,46,0.11559104907618177,11.644793935123223
J,correct_parity_probability,47,0.20509473062295075,13.880682001772131
J,correct_parity_probability,48,0.20395036366015531,13.915560518475449
J,correct_parity_probability,49,0.17983648688531403,13.437619102798935
J,correct_parity_probability,50,0.192002707894526,11.515603175140047
J,correct_parity_probability,51,0.1483408236882008,11.886748746464535
J,correct_parity_probability,52,0.2153015489442421,12.474751283184679
J,correct_parity_probability,53,0.23035814370640995,13.44170447762117
J,correct_parity_probability,54,0.28616329173341304,11.760012595822989
J,correct_parity_probability,55,0.3158825367151898,13.287425693722094
J,correct_parity_probability,56,0.26289227063763393,13.019241218726695
J,correct_parity_probability,57,0.2693921058544433,12.997160623811968
J,correct_parity_probability,58,0.3141836895552754,13.727374430790093
J,correct_parity_probability,59,0.3469133223154841,10.958976464762424
J,correct_parity_probability,60,0.27582969687876185,12.454326195645663
J,correct_parity_probability,61,0.3865467298800153,13.081041603339191
J,correct_parity_probability,62,0.30143373623154596,11.982491153878705
J,correct_parity_probability,63,0.3430314511815273,13.386978277047776
J,correct_parity_probability,64,0.33844343237623187,12.19522678552677
J,correct_parity_probability,65,0.38958592106457385,13.133492734240535
J,correct_parity_probability,66,0.38461650894174676,12.884410339833938
J,correct_parity_probability,67,0.3745601282882237,12.531691225377111
J,correct_parity_probability,68,0.4222616292854182,13.15630752073553
J,correct_parity_probability,69,0.42488734874291856,12.82595520766969
J,correct_parity_probability,70,0.44622157776471755,12.957790792957049
J,correct_parity_probability,71,0.43995223566228275,13.701798438286593
J,correct_parity_probability,72,0.4830395621402669,12.03830036551753
J,correct_parity_probability,73,0.4427643123758815,13.26490490491478
J,correct_parity_probability,74,0.46545336645840757,12.639270815120684
J,correct_parity_probability,75,0.48954807534244077,13.49009559858694
J,correct_parity_probability,76,0.48485415585905345,12.707056764049849
J,correct_parity_probability,77,0.49028458202872055,12.280412779477695
J,correct_parity_probability,78,0.48516260210121265,12.684018895998221
J,correct_parity_probability,79,0.5093725605749416,13.455842549776706
J,correct_parity_probability,80,0.5379561245288472,13.058684177295973
J,correct_parity_probability,81,0.513445415236753,11.967983568459315
J,correct_parity_probability,82,0.5127372536893063,13.124978338732692
J,correct_parity_probability,83,0.5745376009206131,13.030163762071789
J,correct_parity_probability,84,0.5432304592714216,13.367937031162255
J,correct_parity_probability,85,0.5770231186824281,12.742391150290345
J,correct_parity_probability,86,0.6133048495281789,13.76090872371419
J,correct_parity_probability,87,0.5843612436217459,13.965685913480785
J,correct_parity_probability,88,0.6496864136307008,12.317067999093847
J,correct_parity_probability,89,0.5961633788692873,13.52602184711394
J,correct_parity_probability,90,0.7299561945765598,13.293510136932268
J,correct_parity_probability,91,0.5730059043218215,14.041457392155648
J,correct_parity_probability,92,0.7267584722896446,13.2907613991917
J,correct_parity_probability,93,0.660354789286496,13.473380100187876
J,correct_parity_probability,94,0.7712969476697277,13.319661979872508
J,correct_parity_probability,95,0.7015906283344413,12.935703894490935
J,correct_parity_probability,96,0.7139895027815222,14.00433491592906
J,correct_parity_probability,97,0.7214851134654017,13.657300113161162
J,correct_parity_probability,98,0.7361687582693364,13.31390582380094
J,correct_parity_probability,99,0.7439094733664001,12.844286634005975
J,correct_parity_probability,100,0.7926453791190394,13.690388905369826
J,correct_parity_probability,101,0.7388617361406924,13.342452972133762
J,correct_parity_probability,102,0.9111229311820462,13.527138795232927
J,correct_parity_probability,103,0.8203119726390423,13.528964540858778
J,correct_parity_probability,104,0.9013369503491423,13.553295891305643
J,correct_parity_probability,105,0.7629031140229567,13.756204255902016
J,correct_parity_probability,106,0.7102118475365689,13.684450843431435
J,correct_parity_probability,107,0.7994151484377362,13.918799172856703
J,correct_parity_probability,108,0.8196961402969223,13.659421596123158
J,correct_parity_probability,109,0.9339126473969535,13.84085563085915
J,correct_parity_probability,110,0.9057851618143612,13.72047465008311
J,correct_parity_probability,111,1.019406672862116,14.302982310740248
J,correct_parity_probability,112,1.0248579856388613,14.089903017609682
J,correct_parity_probability,113,1.0110389461317209,13.92822336217685
J,correct_parity_probability,114,0.9659198982112059,13.556331135370051
J,correct_parity_probability,115,0.9039244334565201,13.56318415150279
J,correct_parity_probability,116,0.9895761403709775,13.654458526721813
J,correct_parity_probability,117,0.9385981337038788,13.506907996397196
J,correct_parity_probability,118,1.117607628321248,14.286641156398783
J,correct_parity_probability,119,1.034817453315651,14.012395271086215
J,correct_parity_probability,120,1.0867102223485476,13.801504871214334
J,correct_parity_probability,121,1.0166816814142123,13.76242116606667
J,correct_parity_probability,122,1.1718811252125585,13.870027618605269
J,correct_parity_probability,123,1.1256130591672382,13.530218292637015
J,correct_parity_probability,124,1.0731915834179644,13.66230914647733
J,correct_parity_probability,125,1.1058325604857684,13.79766050202367
J,correct_parity_probability,126,1.2596319593269996,13.68243396594023
J,correct_parity_probability,127,1.097480796298831,13.30183247151895
J,correct_parity_probability,128,1.1732549145467444,13.192649341315464
J,correct_parity_probability,129,1.1778465690156226,13.34642820070554
J,correct_parity_probability,130,1.2605001794680106,13.47512330862172
J,correct_parity_probability,131,1.143415590842189,13.576381300659786
J,correct_parity_probability,132,1.3439981810154538,13.373831427737793
J,correct_parity_probability,133,1.1547902367599734,13.353189701188597
J,correct_parity_probability,134,1.1947926875921024,12.615924503524367
J,correct_parity_probability,135,1.1236890713933152,13.589362382543774
J,correct_parity_probability,136,1.3667207597817066,13.76481007732196
J,correct_parity_probability,137,1.3409655194606644,13.344221857320681
J,correct_parity_probability,138,1.4320042515310643,13.695490726241795
J,correct_parity_probability,139,1.232244078887488,12.873826569687228
J,correct_parity_probability,140,1.4027517617025107,13.794271767638673
J,correct_parity_probability,141,1.2980346998678978,13.182682502662347
J,correct_parity_probability,142,1.36506133887743,13.668794807818525
J,correct_parity_probability,143,1.3932690164056176,13.702323540596081
J,correct_parity_probability,144,1.3120209874437017,13.62845581943085
J,correct_parity_probability,145,1.4273033205675372,13.464253862886112
J,correct_parity_probability,146,1.4296093106732164,13.926656112433216
J,correct_parity_probability,147,1.4416473181473886,13.383924312425563
J,correct_parity_probability,148,1.4543117032177744,13.655283549678897
J,correct_parity_probability,149,1.566721500699771,13.230268275367013
J,correct_parity_probability,150,1.5743548990389384,13.778995128484105
J,correct_parity_probability,151,1.4166548761319884,13.488701521967295
J,correct_parity_probability,152,1.6060127100894748,13.466052108241424
J,correct_parity_probability,153,1.4328594101938072,13.118862095445856
J,correct_parity_probability,154,1.4784980926397067,13.976126259938228
J,correct_parity_probability,155,1.4377534488515509,13.337934034238868
J,correct_parity_probability,156,1.5270240444690875,12.592891608715505
J,correct_parity_probability,157,1.4509836651096413,12.62857648497159
J,correct_parity_probability,158,1.5084072359034546,13.351092118170442
J,correct_parity_probability,159,1.583075119057366,13.051522916042268
J,correct_parity_probability,160,1.5313053656419398,13.583203007890784
J,correct_parity_probability,161,1.637052300141332,13.524099604151369
J,correct_parity_probability,162,1.7162584816948416,14.201108434045235
J,correct_parity_probability,163,1.4855951616576668,13.786749912563824
J,correct_parity_probability,164,1.7284636273135479,13.186474930788023
J,correct_parity_probability,165,1.752396276095054,14.089608959245398
J,correct_parity_probability,166,1.5743636487136676,13.52505196119118
J,correct_parity_probability,167,1.7758130574032918,13.155034156057328
J,correct_parity_probability,168,1.7582215674172363,13.251141715540738
J,correct_parity_probability,169,1.8231849352206257,13.929915971499819
J,correct_parity_probability,170,1.6508346072740476,14.223083089109583
J,correct_parity_probability,171,1.8429710048437395,13.97557677650799
J,correct_parity_probability,172,1.8486028445310467,13.851609229188274
J,correct_parity_probability,173,2.000915055345615,14.222207677638343
J,correct_parity_probability,174,1.90841901186316,14.131105195918943
J,correct_parity_probability,175,1.861628588374929,14.313983171259698
J,correct_parity_probability,176,1.6949357711446438,14.190258917749233
J,correct_parity_probability,177,1.9072321534959125,13.497129976625224
J,correct_parity_probability,178,1.8942687482799347,13.793795952912628
J,correct_parity_probability,179,1.767028497050342,13.682786820664509
J,correct_parity_probability,180,1.8681053720670884,13.675614669026183
J,correct_parity_probability,181,1.9885414749418744,14.320672732764438
J,correct_parity_probability,182,1.9056479270092823,13.561473887355675
J,correct_parity_probability,183,1.9869485230376887,14.061935328116153
J,correct_parity_probability,184,2.080688853252084,13.497522518731268
J,correct_parity_probability,185,1.9421444487556079,13.104592397123524
J,correct_parity_probability,186,1.9193328128734815,13.598363701861283
J,correct_parity_probability,187,1.8713556375644151,14.385615429418422
J,correct_parity_probability,188,1.8928829920426908,14.3635481432399
J,correct_parity_probability,189,2.143434622878935,13.300147241843602
J,correct_parity_probability,190,1.9028570176467168,14.15976550446644
J,correct_parity_probability,191,2.0039210693492824,14.309901101813686
J,correct_parity_probability,192,1.983754566057319,13.371469160854472
J,correct_parity_probability,193,2.082149132570777,13.45640864259107
J,correct_parity_probability,194,2.031260886175708,14.300191886220093
J,correct_parity_probability,195,2.103530348858141,13.577727516229178
J,correct_parity_probability,196,1.994692035949023,12.927921309677853
J,correct_parity_probability,197,2.212179728862873,13.862149358699828
J,correct_parity_probability,198,2.1394796367146545,13.798802430381157
J,correct_parity_probability,199,2.0468536073823946,14.451746027467388
J,correct_parity_probability,200,2.1903405878409212,13.371169385105079
J,correct_parity_probability,201,2.361758510430553,14.320231354092282
J,correct_parity_probability,202,2.238920225554392,13.698000635616344
J,correct_parity_probability,203,2.0882495277998268,13.53581097247431
J,correct_parity_probability,204,2.037172437105027,12.739669674023947
J,correct_parity_probability,205,2.1963419980107806,13.881352583769006
J,correct_parity_probability,206,2.091102146510621,13.945109178687842
J,correct_parity_probability,207,2.096458652336533,13.411009962838314
J,correct_parity_probability,208,2.2545208416094837,12.930314727187879
J,correct_parity_probability,209,2.226961499630216,13.673999891446917
J,correct_parity_probability,210,2.3316682039582752,13.797065112181764
J,correct_parity_probability,211,2.3302252399180694,13.107389580370286
J,correct_parity_probability,212,2.226180375379918,13.366167784282812
J,correct_parity_probability,213,2.3452943691842614,12.885477919606938
J,correct_parity_probability,214,2.3023172243173597,12.598914515575384
J,correct_parity_probability,215,2.318401811473437,12.236622554592929
J,correct_parity_probability,216,2.21752895168791,13.675603902289323
J,correct_parity_probability,217,2.458636932586485,13.182455758415854
J,correct_parity_probability,218,2.2250396804577055,12.895522778419883
J,correct_parity_probability,219,2.2934294406621665,12.826079790489315
J,correct_parity_probability,220,2.2284049889283084,12.362398911995609
J,correct_parity_probability,221,2.4102904682004236,11.814229130270789
J,correct_parity_probability,222,2.6878337642488423,13.576503466668044
J,correct_parity_probability,223,2.233121291748908,12.891438791421027
J,correct_parity_probability,224,2.460636703736408,12.761186595807736
J,correct_parity_probability,225,2.4793653576248276,11.19705721631456
J,correct_parity_probability,226,2.6368031763726516,12.52391648697621
J,correct_parity_probability,227,2.524127699042319,12.994335013802848
J,correct_parity_probability,228,2.463044908149269,11.769240426847311
J,correct_parity_probability,229,2.7629202122510708,12.58830247478288
J,correct_parity_probability,230,2.2349321541233476,12.599320376685762
J,correct_parity_probability,231,2.2206313777703532,12.219075877222693
J,correct_parity_probability,232,2.413914392575504,12.764591885879662
J,correct_parity_probability,233,2.7251197266378533,10.31736256171636
J,correct_parity_probability,234,2.7233922444205265,11.885554134973985
J,correct_parity_probability,235,2.756486355294607,12.834222923451993
J,correct_parity_probability,236,2.9444807118395944,12.884648217534515
J,correct_parity_probability,237,2.715418945183784,11.915068519055412
J,correct_parity_probability,238,2.7874759283926016,12.213428330290805
J,correct_parity_probability,239,2.739450041665454,12.931211829932892
J,correct_parity_probability,240,2.6444733480792597,13.312235749191764
J,correct_parity_probability,241,2.6235694131656873,12.499793104658309
J,correct_parity_probability,242,2.6494571188827516,13.479600243284592
J,correct_parity_probability,243,2.8472034009133593,13.044752503027723
J,correct_parity_probability,244,2.8418958353020134,13.06656336137457
J,correct_parity_probability,245,3.0719208124528365,12.942520262462105
J,correct_parity_probability,246,2.9942111895816605,12.332344707032146
J,correct_parity_probability,247,2.735039019760738,12.386386216213593
J,correct_parity_probability,248,2.9874635863684706,12.36193848535946
J,correct_parity_probability,249,2.579320861761935,13.427860289607624
J,correct_parity_probability,250,2.983582003076268,11.297587016054372
J,correct_parity_probability,251,2.844313350717163,13.297906166540548
J,correct_parity_probability,252,2.7580224345749835,12.321656676574953
J,correct_parity_probability,253,2.5550012679389846,13.132685486027697
J,correct_parity_probability,254,2.751137012476382,12.69824336133713
J,correct_parity_probability,255,2.9803807076044246,10.743925015911469
J,correct_parity_probability,256,2.7335268104136072,11.344020076082174
J,correct_parity_probability,257,2.7803357795024737,11.500310800996425
J,correct_parity_probability,258,2.9854447614052266,12.33612535138632
J,correct_parity_probability,259,2.8264374574741504,12.99219667629919
J,correct_parity_probability,260,2.8663525903121023,13.311248835577796
J,correct_parity_probability,261,2.912898967893315,11.80532673415796
J,correct_parity_probability,262,2.7544240875565733,12.57833853427163
J,correct_parity_probability,263,2.954112337167082,11.572438460462859
J,correct_parity_probability,264,2.8323775815335654,13.631443215356986
J,correct_parity_probability,265,2.8913082904568084,11.624384498353201
J,correct_parity_probability,266,2.8673903761987902,10.086032843389907
J,correct_parity_probability,267,2.7361840774408983,12.172004095782743
J,correct_parity_probability,268,3.228658847777994,12.876072845816847
J,correct_parity_probability,269,3.374916588386123,10.707794506536251
J,correct_parity_probability,270,3.0633534940266833,13.222152060827655
J,correct_parity_probability,271,3.2253573233760604,10.923749320333238
J,correct_parity_probability,272,3.1428632481293772,11.589141285391113
J,correct_parity_probability,273,3.088601214435969,10.747283921431219
J,correct_parity_probability,274,3.125500248893035,12.63431293777982
J,correct_parity_probability,275,3.2906186127353747,11.734874365748324
J,correct_parity_probability,276,3.1975440682811396,13.299195502201252
J,correct_parity_probability,277,3.0146398463544997,11.395479358692432
J,correct_parity_probability,278,3.08053295260527,12.565153973093569
J,correct_parity_probability,279,3.426074365367879,12.866993867202629
J,correct_parity_probability,280,2.8655495425140334,10.822397939855021
J,correct_parity_probability,281,3.4865041734732185,12.389385743962219
J,correct_parity_probability,282,3.113544280619623,11.762244401932731
J,correct_parity_probability,283,3.229534136792623,12.439626713455777
J,correct_parity_probability,284,3.364631412471892,11.017927013955493
J,correct_parity_probability,285,3.4792899297148443,11.297873853962438
J,correct_parity_probability,286,3.2970579552220394,12.249799351827695
J,correct_parity_probability,287,3.4159232059854054,11.745897586421307
J,correct_parity_probability,288,2.8551905417988133,10.57408716631334
J,correct_parity_probability,289,3.3325908957744113,11.08667227155833
J,correct_parity_probability,290,3.132343893248824,11.922431076437352
J,correct_parity_probability,291,3.4911227414345767,12.303074314729924
J,correct_parity_probability,292,2.986071567416142,11.407515227349755
J,correct_parity_probability,293,3.2860177538559627,9.127190435572365
J,correct_parity_probability,294,3.069912520692316,9.680929756800177
J,correct_parity_probability,295,3.593205040770616,11.433402764048145
J,correct_parity_probability,296,3.46049176369896,12.04835232919682
J,correct_parity_probability,297,3.941508582354579,12.272560573856822
J,correct_parity_probability,298,3.599184645656011,7.106109041412854
J,correct_parity_probability,299,3.4731703586558598,9.727093794170347
J,correct_parity_probability,300,3.5567417634515306,9.061318101769318
J,correct_parity_probability,301,3.5296978552286755,10.495106455549474
J,correct_parity_probability,302,3.3688594961433065,6.610913136606188
J,correct_parity_probability,303,3.7822975371948306,11.237185294980033
J,correct_parity_probability,304,3.5212789375708415,12.050077246707957
J,correct_parity_probability,305,3.782947153977697,9.313970112997854
J,correct_parity_probability,306,3.497849070048515,13.07933066680249
J,correct_parity_probability,307,3.6493435403503782,12.111615033256996
J,correct_parity_probability,308,3.5591283666979683,8.277533243000704
J,correct_parity_probability,309,3.3034364394537032,12.252711968696527
J,correct_parity_probability,310,3.7103724590157863,12.341542929635601
J,correct_parity_probability,311,3.4869226303315166,10.749539821646655
J,correct_parity_probability,312,3.864291085270618,10.889175542149871
J,correct_parity_probability,313,3.8700946343557696,10.494190952682338
J,correct_parity_probability,314,3.504152321399976,12.712332251834432
J,correct_parity_probability,315,3.937241904455891,12.091967648000054
J,correct_parity_probability,316,3.704649240366987,9.431366983667408
J,correct_parity_probability,317,3.552160408070998,9.671492648317788
J,correct_parity_probability,318,3.4944220581045413,12.708971504382456
J,correct_parity_probability,319,3.862492434840693,11.386080217282164
J,correct_parity_probability,320,3.634436277782453,12.51118168059851
J,correct_parity_probability,321,3.416054292420963,8.19549237442218
J,correct_parity_probability,322,3.4045467704339285,12.532368131971428
J,correct_parity_probability,323,3.973924419954547,13.894051009084308
J,correct_parity_probability,324,3.347208286796682,10.632184180053562
J,correct_parity_probability,325,3.5844907883920696,10.887184303706519
J,correct_parity_probability,326,3.8788906212570633,10.72993931154484
J,correct_parity_probability,327,3.923054348392695,11.308734984300115
J,correct_parity_probability,328,3.2226910985609845,3.014055510496142
J,correct_parity_probability,329,3.3778646622760227,11.279475735775966
J,correct_parity_probability,330,3.741364153997952,9.603774496238744
J,correct_parity_probability,331,4.194911594933708,12.387199610545839
J,correct_parity_probability,332,3.659863943643987,10.34462385485913
J,correct_parity_probability,333,3.962696311820664,12.329643188662912
J,correct_parity_probability,334,3.753966045454078,10.858045262768114
J,correct_parity_probability,335,3.855140726614368,7.434707499705716
J,correct_parity_probability,336,3.2878730660720175,4.8581106327360635
J,correct_parity_probability,337,3.9932664323372,7.327029982624659
J,correct_parity_probability,338,3.654539789430446,8.054099516460523
J,correct_parity_probability,339,3.824250461328263,9.258900522944089
J,correct_parity_probability,340,3.978314614527064,10.699450653555475
J,correct_parity_probability,341,3.7778537715198643,13.173971365324737
J,correct_parity_probability,342,3.9722088301740146,11.05886862337856
J,correct_parity_probability,343,3.8258303706286707,11.570137658812365
J,correct_parity_probability,344,4.627899398011686,5.767061042145666
J,correct_parity_probability,345,4.102260379948937,12.278283255914621
J,correct_parity_probability,346,3.9991817635966735,9.688007024481152
J,correct_parity_probability,347,4.213697299096693,12.562745632224278
J,correct_parity_probability,348,3.734698844316034,12.565836429834567
J,correct_parity_probability,349,3.9180956161084626,11.413090016243391
J,correct_parity_probability,350,4.045804026454098,9.39416603420376
J,correct_parity_probability,351,4.068109991184405,9.261549774839558
J,correct_parity_probability,352,4.078455023082352,11.234238032752318
J,correct_parity_probability,353,3.820571160126495,11.194062689689657
J,correct_parity_probability,354,3.9951628795887593,9.746108271792846
J,correct_parity_probability,355,3.372754883611916,6.809546953440978
J,correct_parity_probability,356,3.730969993631456,11.621091634365253
J,correct_parity_probability,357,3.743809620594248,6.952042182050253
J,correct_parity_probability,358,3.9458529482092435,5.859701566250466
J,correct_parity_probability,359,3.679630203291333,10.04026302735808
J,correct_parity_probability,360,3.0987369786420382,2.2053584054584885
J,correct_parity_probability,361,3.985229690733537,9.045346381458845
J,correct_parity_probability,362,4.208216202059106,1.1403787154423908
J,correct_parity_probability,363,4.193928580771697,9.430782620046399
J,correct_parity_probability,364,3.6049195524861046,10.880624872335126
J,correct_parity_probability,365,4.266529094782268,9.590753630663142
J,correct_parity_probability,366,3.9035650210160067,8.307115022967363
J,correct_parity_probability,367,4.371825261567719,12.340742570944268
J,correct_parity_probability,368,3.830723210310513,10.313709481356282
J,correct_parity_probability,369,4.070466351964017,10.491497557120631
J,correct_parity_probability,370,3.9012247033591794,7.045943310205722
J,correct_parity_probability,371,3.924559945464415,12.3722010819721
J,correct_parity_probability,372,3.9158893919427276,11.031325285705064
J,correct_parity_probability,373,4.184145469411958,7.940091905911739
J,correct_parity_probability,374,4.219089282804976,11.719033364785155
J,correct_parity_probability,375,3.6029164818464414,8.849980610632741
J,correct_parity_probability,376,4.522193605392894,4.095035235049903
J,correct_parity_probability,377,4.9600131826718945,12.475307412263883
J,correct_parity_probability,378,3.884390980999054,13.864254763400286
J,correct_parity_probability,379,3.9393980050503132,8.889404085834393
J,correct_parity_probability,380,3.9086325926061365,7.97377665384818
J,correct_parity_probability,381,4.104694655442592,9.97816412632968
J,correct_parity_probability,382,4.119925513767652,7.574039795139584
J,correct_parity_probability,383,4.256986431814232,12.835927469430308
J,correct_parity_probability,384,4.74176555576028,6.320232890270227
J,correct_parity_probability,385,4.0372578996318405,11.160951918714934
J,correct_parity_probability,386,4.664887802252909,11.609048916176167
J,correct_parity_probability,387,3.953166420700445,6.259430061367313
J,correct_parity_probability,388,4.859100627485594,9.520108866059207
J,correct_parity_probability,389,3.4662386734250497,7.5000233274445804
J,correct_parity_probability,390,4.587109573199133,8.907069290760703
J,correct_parity_probability,391,4.727525232420844,6.216107435327627
J,correct_parity_probability,392,4.0918970281630695,13.23023166810885
J,correct_parity_probability,393,4.128071518820811,13.393872856157437
J,correct_parity_probability,394,3.7197165308327453,10.727117324278753
J,correct_parity_probability,395,5.290188112400175,6.701961587220145
J,correct_parity_probability,396,4.6520914681381615,8.071381015721819
J,correct_parity_probability,397,4.0153640938011534,8.87311067603948
J,correct_parity_probability,398,5.000911196598471,9.824932441410107
J,correct_parity_probability,399,4.35694599734805,8.965556226834464
J,correct_parity_probability,400,4.193416795566507,8.039297989699643
J,correct_parity_probability,401,3.8932171815876138,13.452227121038012
J,correct_parity_probability,402,4.380444748262778,11.492697896441646
J,correct_parity_probability,403,3.8777138645849516,10.97121613227053
J,correct_parity_probability,404,4.647347757625204,6.685304933042804
J,correct_parity_probability,405,4.090940797816241,11.378509197233063
J,correct_parity_probability,406,3.400954353164937,11.145342324147189
J,correct_parity_probability,407,4.367337246779078,10.653391923827698
J,correct_parity_probability,408,3.4919833319099243,8.14350767947726
J,correct_parity_probability,409,4.540673312961416,9.457652590295673
J,correct_parity_probability,410,4.267848661832046,12.100936644316572
J,correct_parity_probability,411,3.629398640718032,12.857225762516276
J,correct_parity_probability,412,4.448121608873486,13.129800112025285
J,correct_parity_probability,413,4.2254747532491255,10.909799645272287
J,correct_parity_probability,414,4.620457135991362,10.07277582017496
J,correct_parity_probability,415,5.101794660687481,5.847155909785565
J,correct_parity_probability,416,4.702532614290442,10.640715325145674
J,correct_parity_probability,417,5.341609512978683,7.4202266969081725
J,correct_parity_probability,418,4.644933418059494,10.961015831026883
J,correct_parity_probability,419,4.638126946723392,6.207721400847692
J,correct_parity_probability,420,4.688898748559996,10.198297282862745
J,correct_parity_probability,421,4.6019279744363395,10.239926114819761
J,correct_parity_probability,422,3.848562465485907,6.787561935696525
J,correct_parity_probability,423,4.395110909830831,10.434029210995222
J,correct_parity_probability,424,4.242743592200034,6.3431917431869955
J,correct_parity_probability,425,4.557130132247869,4.847939248688825
J,correct_parity_probability,426,4.561536070453371,7.656070706872601
J,correct_parity_probability,427,5.078075354276553,3.952441074702289
J,correct_parity_probability,428,4.8814155515277395,11.807878581006857
J,correct_parity_probability,429,4.558225563030499,10.474523681083163
J,correct_parity_probability,430,5.678121831220895,7.16997652608634
J,correct_parity_probability,431,4.5067501963664744,10.129118958740813
J,correct_parity_probability,432,4.797692135441883,2.5136107914982286
J,correct_parity_probability,433,4.39616476749443,4.758488348574623
J,correct_parity_probability,434,4.845722653078353,8.042830535473902
J,correct_parity_probability,435,4.494288304795556,9.999675598854278
J,correct_parity_probability,436,5.180925658412497,7.7568894185988375
J,correct_parity_probability,437,7.003218008807361,6.991297297331056
J,correct_parity_probability,438,8.546452863544909,9.432513704021792
J,correct_parity_probability,439,9.01914181103781,10.296616310242502
J,correct_parity_probability,440,9.089096499511497,7.463944575455877
J,correct_parity_probability,441,9.351391695353003,6.275555001665727
J,correct_parity_probability,442,9.072577296745958,9.267765432648687
J,correct_parity_probability,443,9.260952041248789,6.371999614484941
J,correct_parity_probability,444,9.147524172534284,11.02130329673968
J,correct_parity_probability,445,8.271466110689268,9.489328360630607
J,correct_parity_probability,446,9.704972611481962,5.094127842628567
J,correct_parity_probability,447,9.788105980407414,6.784973170846877
J,correct_parity_probability,448,9.323078734013471,8.137253391898414
J,correct_parity_probability,449,8.853115574340789,7.246067470777062
J,correct_parity_probability,450,9.057830515794164,11.103701926035798
J,correct_parity_probability,451,9.476276794958753,6.910412231882211
J,correct_parity_probability,452,9.079163588774046,7.367221746237977
J,correct_parity_probability,453,8.207933267821282,6.385133158498618
J,correct_parity_probability,454,9.374065275106688,10.707640717389822
J,correct_parity_probability,455,8.579978546439362,6.747593261836518
J,correct_parity_probability,456,9.16400142166367,1.3530927450101506
J,correct_parity_probability,457,9.726109510689911,0.701320905483805
J,correct_parity_probability,458,8.39861386359719,10.052584954198325
J,correct_parity_probability,459,8.966899908202938,7.872581283012768
J,correct_parity_probability,460,9.153260306010937,11.321506984207367
J,correct_parity_probability,461,8.268336721558986,4.691297557993586
J,correct_parity_probability,462,9.085582682275163,11.258377281378277
J,correct_parity_probability,463,8.848639938469757,8.384777892106726
J,correct_parity_probability,464,8.993850428207303,6.723125833892575
J,correct_parity_probability,465,8.468214185916377,6.373543259356147
J,correct_parity_probability,466,9.245328127776459,12.308935344335481
J,correct_parity_probability,467,9.348081313576458,12.253226540565963
J,correct_parity_probability,468,8.999880745277348,12.169961879534606
J,correct_parity_probability,469,9.745523093040273,10.494629629471051
J,correct_parity_probability,470,8.078826588405203,7.770083157986246
J,correct_parity_probability,471,7.7669032193571415,7.457377092849512
J,correct_parity_probability,472,9.640920457053886,6.36943080162842
J,correct_parity_probability,473,8.562737331405895,13.182582436633409
J,correct_parity_probability,474,8.613498433424354,11.196682418787537
J,correct_parity_probability,475,9.421808893875212,10.655771801813698
J,correct_parity_probability,476,8.462822135869782,11.550911407937974
J,correct_parity_probability,477,8.743238497714996,2.1281978651576967
J,correct_parity_probability,478,9.093398473818208,8.180630301005621
J,correct_parity_probability,479,8.859431988202745,10.4058528731936
J,correct_parity_probability,480,8.46996604967191,4.218086979491182
J,correct_parity_probability,481,8.973436845147603,8.257636865865898
J,correct_parity_probability,482,8.858950596624519,7.538495834183895
J,correct_parity_probability,483,9.02188409321015,11.699932386532696
J,correct_parity_probability,484,9.18728018861142,12.63386750648032
J,correct_parity_probability,485,9.081634482534064,7.611489855697125
J,correct_parity_probability,486,9.55982422908066,6.047688154205334
J,correct_parity_probability,487,9.209202598643994,11.709739478080971
J,correct_parity_probability,488,9.102645716991956,9.165010924086033
J,correct_parity_probability,489,9.713822069791174,6.741230923234392
J,correct_parity_probability,490,10.074623270797629,7.690239965607653
raw,mean_parity_margin,41,0.1309496560831319,11.959332860694357
raw,mean_parity_margin,42,0.19980390186921676,12.453747018338548
raw,mean_parity_margin,43,0.10211590160587643,12.68623850890557
raw,mean_parity_margin,44,0.24422442698682298,12.250581863278471
raw,mean_parity_margin,45,0.134068498374692,12.266277269158289
raw,mean_parity_margin,46,0.1922734369579074,11.4519575197902
raw,mean_parity_margin,47,0.1932101143168381,13.889579514794319
raw,mean_parity_margin,48,0.2641611577344411,13.738811184290821
raw,mean_parity_margin,49,0.21367341687977984,13.71474056087468
raw,mean_parity_margin,50,0.2754218260995807,11.25714379245984
raw,mean_parity_margin,51,0.1992892767334339,11.722958215367203
raw,mean_parity_margin,52,0.25988129160392925,12.585271649683072
raw,mean_parity_margin,53,0.24371247436522944,13.575410893162108
raw,mean_parity_margin,54,0.3703049410054044,11.722328108196361
raw,mean_parity_margin,55,0.3018293677870827,13.318763648956875
raw,mean_parity_margin,56,0.3764979038637484,12.900343061283792
raw,mean_parity_margin,57,0.290939740189589,13.361607808073286
raw,mean_parity_margin,58,0.3769672194832734,13.737434570974752
raw,mean_parity_margin,59,0.36725562863724087,11.183220435607737
raw,mean_parity_margin,60,0.3982237696508638,12.597842886344768
raw,mean_parity_margin,61,0.3959853731445052,13.440756517676672
raw,mean_parity_margin,62,0.3960248699384398,12.11035121279808
raw,mean_parity_margin,63,0.37121206738799717,13.805980146534347
raw,mean_parity_margin,64,0.4379234335195507,12.700149972505836
raw,mean_parity_margin,65,0.40851285504975265,13.312738523337828
raw,mean_parity_margin,66,0.4436321721952528,13.155400224104085
raw,mean_parity_margin,67,0.412215638960069,13.054591140526243
raw,mean_parity_margin,68,0.5275747297802894,13.428892662885922
raw,mean_parity_margin,69,0.46873653337969085,13.13210745833747
raw,mean_parity_margin,70,0.5385309314342465,13.402990997849562
raw,mean_parity_margin,71,0.49129532697646694,13.960732200916294
raw,mean_parity_margin,72,0.6074721778788993,12.813244331243208
raw,mean_parity_margin,73,0.478422660383667,13.55558667280681
raw,mean_parity_margin,74,0.5938830200055613,12.87607710778357
raw,mean_parity_margin,75,0.5585302931810604,13.768491996067704
raw,mean_parity_margin,76,0.567830518731234,12.749641590298062
raw,mean_parity_margin,77,0.5886217703307438,12.47765049975545
raw,mean_parity_margin,78,0.6265927670026787,12.987901917272923
raw,mean_parity_margin,79,0.5974388422749628,13.685047176990242
raw,mean_parity_margin,80,0.6281858083558587,13.687488149650955
raw,mean_parity_margin,81,0.5910929303179784,12.397566787679095
raw,mean_parity_margin,82,0.6578533248502852,13.419953000855678
raw,mean_parity_margin,83,0.6672797513868226,13.391837148572389
raw,mean_parity_margin,84,0.7131466180764551,13.564464219093729
raw,mean_parity_margin,85,0.6674927289958061,13.226399025834828
raw,mean_parity_margin,86,0.7298377859172994,13.784778663840877
raw,mean_parity_margin,87,0.6800320075896318,13.958466820750429
raw,mean_parity_margin,88,0.7907661442194942,12.816016118140379
raw,mean_parity_margin,89,0.7025133746567312,13.575212286379024
raw,mean_parity_margin,90,0.8107764425461484,13.584293412084884
raw,mean_parity_margin,91,0.6842451532200229,14.08696650543236
raw,mean_parity_margin,92,0.8315432974629859,13.797696921337922
raw,mean_parity_margin,93,0.7439825220365145,13.534714658061947
raw,mean_parity_margin,94,0.8772361569817927,13.590985173412358
raw,mean_parity_margin,95,0.7940169467196605,13.472708528863127
raw,mean_parity_margin,96,0.8595102156657594,14.030109065109043
raw,mean_parity_margin,97,0.8298931915984091,13.63974940880006
raw,mean_parity_margin,98,0.8795601279162951,13.352785295510511
raw,mean_parity_margin,99,0.8474029201813619,13.076247059502132
raw,mean_parity_margin,100,0.9025303724514904,13.779446162503383
raw,mean_parity_margin,101,0.8366464786735014,13.478110743014748
raw,mean_parity_margin,102,1.0099401221480409,13.595960520752241
raw,mean_parity_margin,103,0.9411287338515703,13.364883102766111
raw,mean_parity_margin,104,0.9935439928536236,13.590924864005089
raw,mean_parity_margin,105,0.8735159054191968,13.739391434606429
raw,mean_parity_margin,106,0.8740703047536037,13.738551428825087
raw,mean_parity_margin,107,0.9192313645800164,13.917310116647412
raw,mean_parity_margin,108,0.9540747823658522,13.61748935547646
raw,mean_parity_margin,109,1.0488851594172537,13.664231639187221
raw,mean_parity_margin,110,1.0100694413004934,13.77816971011767
raw,mean_parity_margin,111,1.102834450056228,14.221265060495694
raw,mean_parity_margin,112,1.1536379782092983,14.107989243393131
raw,mean_parity_margin,113,1.1224883162836237,13.791151652930498
raw,mean_parity_margin,114,1.0846476910744762,13.69687775824553
raw,mean_parity_margin,115,1.01127246308711,13.391487816036129
raw,mean_parity_margin,116,1.1205045716713156,13.766122913900215
raw,mean_parity_margin,117,1.035211419645437,13.606334183687116
raw,mean_parity_margin,118,1.2195863322239293,14.276467607187529
raw,mean_parity_margin,119,1.1379905918316764,14.002932517624638
raw,mean_parity_margin,120,1.1758709668524026,13.925800446982946
raw,mean_parity_margin,121,1.1502077225246377,13.79344943104356
raw,mean_parity_margin,122,1.2502464839958605,13.819968465426777
raw,mean_parity_margin,123,1.2436652877172016,13.867917127594083
raw,mean_parity_margin,124,1.1892133491046422,13.71253814237732
raw,mean_parity_margin,125,1.199421506750476,13.917529086860549
raw,mean_parity_margin,126,1.3284553921149374,13.985873280428292
raw,mean_parity_margin,127,1.205202723626863,13.697431330658045
raw,mean_parity_margin,128,1.292227661559322,13.593832265811288
raw,mean_parity_margin,129,1.2870518517380458,13.740645175289009
raw,mean_parity_margin,130,1.322328514430403,13.959471296446756
raw,mean_parity_margin,131,1.3022985367606863,13.980935158718712
raw,mean_parity_margin,132,1.454603945218739,13.993827454164212
raw,mean_parity_margin,133,1.3130482253745042,14.067465254048875
raw,mean_parity_margin,134,1.3153256344505566,13.407564185944707
raw,mean_parity_margin,135,1.24794891811616,13.893964653294232
raw,mean_parity_margin,136,1.4757879343252365,14.274842870908927
raw,mean_parity_margin,137,1.469665645203617,13.86611360150102
raw,mean_parity_margin,138,1.5446654622082616,14.213375478284522
raw,mean_parity_margin,139,1.403622293441247,13.716306677726509
raw,mean_parity_margin,140,1.523679412717663,14.30075701760935
raw,mean_parity_margin,141,1.4249816134820124,13.882580647304096
raw,mean_parity_margin,142,1.4701140598577347,14.265785360984227
raw,mean_parity_margin,143,1.5269955664648533,14.270149576174944
raw,mean_parity_margin,144,1.4480699947344116,14.2410033934702
raw,mean_parity_margin,145,1.586052952118389,14.01826473269135
raw,mean_parity_margin,146,1.5092524558342642,14.387831717123623
raw,mean_parity_margin,147,1.5596276099342015,14.242421349783635
raw,mean_parity_margin,148,1.5409079465710036,14.266933948005049
raw,mean_parity_margin,149,1.6784718539532228,14.209103605928938
raw,mean_parity_margin,150,1.7171900422423845,14.368130142119956
raw,mean_parity_margin,151,1.558328060795934,14.241714683071818
raw,mean_parity_margin,152,1.6767281298860195,14.205316282018217
raw,mean_parity_margin,153,1.5600358186816239,13.95198473417411
raw,mean_parity_margin,154,1.5969581354907045,14.479532976647075
raw,mean_parity_margin,155,1.5610852681653207,14.072915863402223
raw,mean_parity_margin,156,1.6341129499199814,13.98953330613974
raw,mean_parity_margin,157,1.6362276959710365,13.78338217062337
raw,mean_parity_margin,158,1.6398003319234347,14.131886786751904
raw,mean_parity_margin,159,1.7171611126684592,13.916403913196639
raw,mean_parity_margin,160,1.664163297666774,14.153073233391787
raw,mean_parity_margin,161,1.7609206481723132,14.13206562926486
raw,mean_parity_margin,162,1.7966459478834218,14.577747337420949
raw,mean_parity_margin,163,1.6046612760359473,14.125003341666734
raw,mean_parity_margin,164,1.8562278918039183,13.746417877292727
raw,mean_parity_margin,165,1.889010522634302,14.524851030115917
raw,mean_parity_margin,166,1.703158257160063,14.131023270936833
raw,mean_parity_margin,167,1.8631779766615015,13.782723400975458
raw,mean_parity_margin,168,1.8702381762520666,13.965581687150156
raw,mean_parity_margin,169,1.9598051344018752,14.426064675944286
raw,mean_parity_margin,170,1.7994273645252832,14.52297986850648
raw,mean_parity_margin,171,1.9453599319998303,14.188421776225573
raw,mean_parity_margin,172,1.9603006457752197,14.15353257476789
raw,mean_parity_margin,173,2.098867504816882,14.506738076143934
raw,mean_parity_margin,174,2.014360575459133,14.340405324702436
raw,mean_parity_margin,175,1.9836673888890881,14.540227457454804
raw,mean_parity_margin,176,1.83471140324286,14.558660951019368
raw,mean_parity_margin,177,1.9822913794456818,14.095443292750309
raw,mean_parity_margin,178,2.019692148425156,14.125561279815678
raw,mean_parity_margin,179,1.888259321074851,14.12580663085067
raw,mean_parity_margin,180,2.0098669884044074,13.942431074816035
raw,mean_parity_margin,181,2.0811863993065414,14.618999546790949
raw,mean_parity_margin,182,2.0420450123393787,14.128464163777945
raw,mean_parity_margin,183,2.1095547357758804,14.290114507224649
raw,mean_parity_margin,184,2.220640613844835,13.867161994000892
raw,mean_parity_margin,185,2.069053709693496,13.61939819674636
raw,mean_parity_margin,186,2.0446921609217905,14.023933506459935
raw,mean_parity_margin,187,2.0081043601184443,14.489315370322599
raw,mean_parity_margin,188,2.037846237559832,14.241623506407135
raw,mean_parity_margin,189,2.2759539972992373,13.873216064701545
raw,mean_parity_margin,190,2.0397371620502756,14.396252706618343
raw,mean_parity_margin,191,2.181518655809071,14.508996883977893
raw,mean_parity_margin,192,2.124116644127093,13.98543417541195
raw,mean_parity_margin,193,2.174843634284057,14.192414369923709
raw,mean_parity_margin,194,2.1805541960231256,14.439246065160868
raw,mean_parity_margin,195,2.232812418537993,14.102824751179082
raw,mean_parity_margin,196,2.1428582422954876,13.86694926692796
raw,mean_parity_margin,197,2.381072539821026,14.166439871549676
raw,mean_parity_margin,198,2.2830762134015656,14.290704329641217
raw,mean_parity_margin,199,2.217269258744257,14.557749856120168
raw,mean_parity_margin,200,2.334828739853366,13.720142981199444
raw,mean_parity_margin,201,2.4421443928041966,14.380949951137222
raw,mean_parity_margin,202,2.3851021917989206,14.076220458439996
raw,mean_parity_margin,203,2.2551911035678622,13.945302934323438
raw,mean_parity_margin,204,2.2372998248303535,13.617931534519435
raw,mean_parity_margin,205,2.3199407050108674,14.08601389434698
raw,mean_parity_margin,206,2.253531905173771,14.360085958205385
raw,mean_parity_margin,207,2.255381996175321,13.995496293585953
raw,mean_parity_margin,208,2.4360499840388417,13.974407451042758
raw,mean_parity_margin,209,2.408729709742812,14.10325600606241
raw,mean_parity_margin,210,2.4835300076652613,14.346155014650309
raw,mean_parity_margin,211,2.409381037345786,13.936853387586186
raw,mean_parity_margin,212,2.430558969106717,14.061382508411462
raw,mean_parity_margin,213,2.5076774008406466,14.014033575216732
raw,mean_parity_margin,214,2.480501441367048,13.772808988714775
raw,mean_parity_margin,215,2.487204165890681,13.384198918536066
raw,mean_parity_margin,216,2.381371706362841,14.356848132404826
raw,mean_parity_margin,217,2.5512980973510877,13.970810625869412
raw,mean_parity_margin,218,2.4135429334491736,14.085111451538767
raw,mean_parity_margin,219,2.432230737255526,13.96812839910916
raw,mean_parity_margin,220,2.455674540152,13.3594864153036
raw,mean_parity_margin,221,2.565810078553028,13.572995789320478
raw,mean_parity_margin,222,2.8230638504834826,14.098792971675428
raw,mean_parity_margin,223,2.4215683905749428,13.651450362718368
raw,mean_parity_margin,224,2.6169758599492936,13.734802813846917
raw,mean_parity_margin,225,2.6144811067206435,12.933137515734435
raw,mean_parity_margin,226,2.770664649027629,13.639267530972981
raw,mean_parity_margin,227,2.6950098896587016,13.730562498531434
raw,mean_parity_margin,228,2.6735563539724327,12.725559118761847
raw,mean_parity_margin,229,2.8176386259039696,13.849836851336285
raw,mean_parity_margin,230,2.456872384122759,13.924547538556016
raw,mean_parity_margin,231,2.463058870989291,13.316974720619406
raw,mean_parity_margin,232,2.5946307182727253,13.77444847724673
raw,mean_parity_margin,233,2.737609145093251,13.02418354132108
raw,mean_parity_margin,234,2.8129913058151317,13.590519946502537
raw,mean_parity_margin,235,2.8602223462441363,13.778637134290447
raw,mean_parity_margin,236,3.031487834716551,13.432504520267994
raw,mean_parity_margin,237,2.8297885660562137,13.462415431732405
raw,mean_parity_margin,238,2.9395174667901856,13.464462025214964
raw,mean_parity_margin,239,2.885757462321333,13.475948489147687
raw,mean_parity_margin,240,2.748854830016918,14.024340572438351
raw,mean_parity_margin,241,2.758414981738,13.828824031477856
raw,mean_parity_margin,242,2.7487247962845767,14.051952957500209
raw,mean_parity_margin,243,2.9929891342186106,13.640004230116844
raw,mean_parity_margin,244,3.000619935462607,13.526403717150606
raw,mean_parity_margin,245,3.200345083499187,13.669704378597768
raw,mean_parity_margin,246,3.080935388659604,13.424603282716504
raw,mean_parity_margin,247,2.9048828419821637,13.348684606421322
raw,mean_parity_margin,248,3.111993092300832,13.442825826415506
raw,mean_parity_margin,249,2.8084701139576853,13.725687993401545
raw,mean_parity_margin,250,3.0879720331543044,12.864389651610706
raw,mean_parity_margin,251,3.035852217693573,13.73134679742807
raw,mean_parity_margin,252,2.9728092742567216,13.465159931770817
raw,mean_parity_margin,253,2.8171559476269405,13.271948464409702
raw,mean_parity_margin,254,2.9855921733424244,13.033448057969517
raw,mean_parity_margin,255,3.1311742797949584,13.004817333775538
raw,mean_parity_margin,256,2.934276160754833,13.159980623329828
raw,mean_parity_margin,257,2.8053878040333773,13.267381476502637
raw,mean_parity_margin,258,3.183248376911742,13.213759074594256
raw,mean_parity_margin,259,2.995793338300234,13.540988564107613
raw,mean_parity_margin,260,3.0438914419955942,13.895730325754563
raw,mean_parity_margin,261,3.1320148122862914,12.845245896861657
raw,mean_parity_margin,262,2.9629329720651367,13.349522115302587
raw,mean_parity_margin,263,3.132323558661043,13.191528583633827
raw,mean_parity_margin,264,3.092063756753365,13.50596741616383
raw,mean_parity_margin,265,3.2078463275879554,12.700375993147984
raw,mean_parity_margin,266,3.0540505798650255,11.91718247883814
raw,mean_parity_margin,267,3.008329593322485,13.135340342924167
raw,mean_parity_margin,268,3.379418883251799,13.690276279039697
raw,mean_parity_margin,269,3.4127092628067355,12.710010215948284
raw,mean_parity_margin,270,3.243266553485755,14.0258182911135
raw,mean_parity_margin,271,3.4321163620743853,12.857950622701807
raw,mean_parity_margin,272,3.2800204814123783,13.07269593290083
raw,mean_parity_margin,273,3.362882193599159,12.461340501512556
raw,mean_parity_margin,274,3.3328344574768294,13.779082725193714
raw,mean_parity_margin,275,3.43595011890257,13.233016520022922
raw,mean_parity_margin,276,3.3796543079421637,13.953362684580723
raw,mean_parity_margin,277,3.2495727804423553,12.684690000987882
raw,mean_parity_margin,278,3.348745164359557,13.07672005725451
raw,mean_parity_margin,279,3.543393665093951,13.965950257431631
raw,mean_parity_margin,280,3.259710372815474,12.424201596716324
raw,mean_parity_margin,281,3.6390717808076203,13.641753046231473
raw,mean_parity_margin,282,3.358277719157864,12.468743977447375
raw,mean_parity_margin,283,3.4823159855116805,13.568424115525476
raw,mean_parity_margin,284,3.572888037615896,13.310652041279043
raw,mean_parity_margin,285,3.667156721757578,12.808851534378928
raw,mean_parity_margin,286,3.5236990364884475,13.607149438238347
raw,mean_parity_margin,287,3.5470735306712924,13.061927720496387
raw,mean_parity_margin,288,3.369488510549029,11.888980515551205
raw,mean_parity_margin,289,3.5567886723087465,13.310788832657119
raw,mean_parity_margin,290,3.386463973008868,13.260618309516918
raw,mean_parity_margin,291,3.648996844146271,13.707476584975065
raw,mean_parity_margin,292,3.360204425508312,12.996198429227912
raw,mean_parity_margin,293,3.522218999087269,10.87468921912962
raw,mean_parity_margin,294,3.2850597153864833,10.55074913729778
raw,mean_parity_margin,295,3.747449829549048,13.140921790671309
raw,mean_parity_margin,296,3.664834061228988,13.266974401578622
raw,mean_parity_margin,297,3.977058938523165,13.9668440370828
raw,mean_parity_margin,298,3.8239015072213083,10.889772706730378
raw,mean_parity_margin,299,3.659507532581581,12.433221235394527
raw,mean_parity_margin,300,3.6610383831641964,12.877495819756344
raw,mean_parity_margin,301,3.7394877294547815,12.372242961983243
raw,mean_parity_margin,302,3.611057777426188,10.734720250905434
raw,mean_parity_margin,303,3.9184370357388283,13.445445732544535
raw,mean_parity_margin,304,3.708983054218796,13.71146304134662
raw,mean_parity_margin,305,3.9408076526603626,12.229809317507867
raw,mean_parity_margin,306,3.721230260911587,13.992911223918934
raw,mean_parity_margin,307,3.886520747602129,13.724313458576468
raw,mean_parity_margin,308,3.8944487390992384,11.656635019799152
raw,mean_parity_margin,309,3.572324778668589,13.405408941022227
raw,mean_parity_margin,310,3.9399072315256234,14.182369416675423
raw,mean_parity_margin,311,3.6628715459975267,12.604599536703843
raw,mean_parity_margin,312,4.046913349753624,13.198599624720556
raw,mean_parity_margin,313,4.065578009638973,12.719146371256405
raw,mean_parity_margin,314,3.748834817757946,13.916703555936037
raw,mean_parity_margin,315,4.099096836157655,13.661493344143715
raw,mean_parity_margin,316,3.900413864925085,12.038895538248322
raw,mean_parity_margin,317,3.7621258819765555,11.785524154914674
raw,mean_parity_margin,318,3.764917064721276,13.395117608077463
raw,mean_parity_margin,319,3.9523828840687827,13.012376229508348
raw,mean_parity_margin,320,3.900070393036767,13.458478169526266
raw,mean_parity_margin,321,3.796548758752536,11.444343952247587
raw,mean_parity_margin,322,3.653236036689171,14.329951937716144
raw,mean_parity_margin,323,4.200576963492489,14.379941750906156
raw,mean_parity_margin,324,3.7027180568307347,12.36248847392859
raw,mean_parity_margin,325,3.755415291727863,12.794257042848058
raw,mean_parity_margin,326,4.19002564076225,13.099650967020949
raw,mean_parity_margin,327,4.119097757753612,13.375371672588674
raw,mean_parity_margin,328,3.8983948016525254,10.269195481178325
raw,mean_parity_margin,329,3.6224533616737964,12.766958039439656
raw,mean_parity_margin,330,4.034991192883256,11.656349729152003
raw,mean_parity_margin,331,4.206603299323986,13.064074426155706
raw,mean_parity_margin,332,4.029026162702011,13.128637638841182
raw,mean_parity_margin,333,4.183273378394449,13.037086522529542
raw,mean_parity_margin,334,3.926871599872909,13.249405942797615
raw,mean_parity_margin,335,4.168689258739247,11.085883085296762
raw,mean_parity_margin,336,4.001279182610754,9.036491598138223
raw,mean_parity_margin,337,4.256052599605564,10.430470128352772
raw,mean_parity_margin,338,4.02557665192412,12.245672593368102
raw,mean_parity_margin,339,4.26876657610401,12.023310558518435
raw,mean_parity_margin,340,4.2045550629458255,12.777225118919896
raw,mean_parity_margin,341,4.096093829672613,14.060383392197178
raw,mean_parity_margin,342,4.20332534156284,12.769223811250694
raw,mean_parity_margin,343,4.140331938937647,13.030030170698076
raw,mean_parity_margin,344,4.567490070014645,9.378569599470215
raw,mean_parity_margin,345,4.359789251676033,13.562493062662975
raw,mean_parity_margin,346,4.136077184928776,12.75441500718388
raw,mean_parity_margin,347,4.390663639286207,13.643958355745257
raw,mean_parity_margin,348,4.083268723170833,13.835445717189
raw,mean_parity_margin,349,4.220264232471929,13.219932834443792
raw,mean_parity_margin,350,4.298037092566358,13.50015718911271
raw,mean_parity_margin,351,4.41095887628211,12.272687736154085
raw,mean_parity_margin,352,4.27617399099315,13.918305171954405
raw,mean_parity_margin,353,4.178042711739265,13.503054180302989
raw,mean_parity_margin,354,4.2825821074085395,12.631845201211126
raw,mean_parity_margin,355,4.093698449750988,8.814049236162413
raw,mean_parity_margin,356,4.088004401943549,13.732188000536617
raw,mean_parity_margin,357,4.275109261079808,10.176509451900118
raw,mean_parity_margin,358,4.323641544683436,11.365580056382644
raw,mean_parity_margin,359,4.105079696939425,11.678447311486316
raw,mean_parity_margin,360,4.107144667783068,10.928672302877777
raw,mean_parity_margin,361,4.394541823106775,12.46407220692861
raw,mean_parity_margin,362,4.696935213477001,8.833170329716873
raw,mean_parity_margin,363,4.579766836049,12.459461500996847
raw,mean_parity_margin,364,4.074582599764635,12.97153027565895
raw,mean_parity_margin,365,4.510981791337289,12.95075288900528
raw,mean_parity_margin,366,4.363240262516053,11.719105740371818
raw,mean_parity_margin,367,4.644584610301227,13.472831796495525
raw,mean_parity_margin,368,4.181127035966571,11.813486642639958
raw,mean_parity_margin,369,4.4649479398013145,11.969540856799252
raw,mean_parity_margin,370,4.365443989552396,12.260072325551455
raw,mean_parity_margin,371,4.234169873816204,13.52054195105578
raw,mean_parity_margin,372,4.395686814273829,12.09819536374437
raw,mean_parity_margin,373,4.711296213738187,10.368701712708733
raw,mean_parity_margin,374,4.507674375343449,12.378680510868922
raw,mean_parity_margin,375,4.5580493112189,9.142516481535443
raw,mean_parity_margin,376,5.031943864676381,9.028542036008092
raw,mean_parity_margin,377,5.089973272439765,13.407773563409785
raw,mean_parity_margin,378,4.226904173212316,14.231264533177285
raw,mean_parity_margin,379,4.348697552595239,10.829411561687767
raw,mean_parity_margin,380,4.341512840826359,10.354986260443251
raw,mean_parity_margin,381,4.5755600373343155,11.43850388646083
raw,mean_parity_margin,382,4.595859436261923,11.27526799595765
raw,mean_parity_margin,383,4.552679245783138,13.05018410098302
raw,mean_parity_margin,384,5.068929478638248,11.115204268845108
raw,mean_parity_margin,385,4.487703969324946,13.033035424070953
raw,mean_parity_margin,386,4.928061771121754,12.673592895244735
raw,mean_parity_margin,387,4.603808995294927,9.405884998000113
raw,mean_parity_margin,388,5.063912676011192,11.974169790998785
raw,mean_parity_margin,389,4.280597460863515,7.439438739160099
raw,mean_parity_margin,390,4.878757498664183,12.095767087645104
raw,mean_parity_margin,391,5.089595587056367,11.104795711771937
raw,mean_parity_margin,392,4.580502900308921,12.659287497160202
raw,mean_parity_margin,393,4.50529180585044,13.056237387574557
raw,mean_parity_margin,394,4.31990089855071,12.49813626591472
raw,mean_parity_margin,395,5.317555776240851,10.625119775158081
raw,mean_parity_margin,396,4.973943947081294,9.696631641196332
raw,mean_parity_margin,397,4.601775736950833,11.025356819366221
raw,mean_parity_margin,398,5.25724284658159,12.663932883822534
raw,mean_parity_margin,399,4.861200280792475,10.370057464111765
raw,mean_parity_margin,400,4.93923704245232,10.93130497862029
raw,mean_parity_margin,401,4.338947691670081,12.893876832693685
raw,mean_parity_margin,402,4.859202164097337,12.572392734715063
raw,mean_parity_margin,403,4.485021280541491,11.907243375830069
raw,mean_parity_margin,404,5.233406346550038,11.66619370658006
raw,mean_parity_margin,405,4.502343394702192,12.028449030749085
raw,mean_parity_margin,406,3.6552170382122915,9.589930870283457
raw,mean_parity_margin,407,4.866590836929723,11.959256821614508
raw,mean_parity_margin,408,4.367265284466243,6.5293843190168515
raw,mean_parity_margin,409,5.0045857034414,11.548415576147368
raw,mean_parity_margin,410,4.711520467329579,11.017838252654963
raw,mean_parity_margin,411,4.111251486399154,13.058891445867086
raw,mean_parity_margin,412,4.926518905106658,13.159510620838423
raw,mean_parity_margin,413,4.685176916019424,12.13360138080001
raw,mean_parity_margin,414,5.102692921125495,11.468509281965948
raw,mean_parity_margin,415,5.419690987649906,9.710590955968149
raw,mean_parity_margin,416,5.268723746857774,12.398568975131823
raw,mean_parity_margin,417,5.520035060218867,11.805673614244503
raw,mean_parity_margin,418,5.089788202777016,12.065512835213635
raw,mean_parity_margin,419,5.245092109451039,10.185472279612414
raw,mean_parity_margin,420,5.231035714447907,12.762774151573666
raw,mean_parity_margin,421,5.103953821817982,11.280718676263996
raw,mean_parity_margin,422,4.601584361211542,5.08623862538516
raw,mean_parity_margin,423,4.897548617503576,12.586822507244168
raw,mean_parity_margin,424,4.876369992613469,9.184860810249965
raw,mean_parity_margin,425,4.914014331638621,9.902797018425495
raw,mean_parity_margin,426,5.1378111058385185,9.895580950999687
raw,mean_parity_margin,427,5.798087531351213,5.783272123693601
raw,mean_parity_margin,428,5.26047240591586,12.689791895248598
raw,mean_parity_margin,429,5.124296837575913,11.687095685236821
raw,mean_parity_margin,430,5.664576707170148,7.819168345035816
raw,mean_parity_margin,431,5.160087576736353,11.942741883146088
raw,mean_parity_margin,432,5.544782335345656,7.860957285482922
raw,mean_parity_margin,433,5.392808867348557,7.602434440273174
raw,mean_parity_margin,434,5.512895543347048,11.635260339057716
raw,mean_parity_margin,435,5.138811186289737,9.174333947215267
raw,mean_parity_margin,436,5.624395528653462,10.788034700236718
raw,mean_parity_margin,437,6.387631069300209,7.66868697334342
raw,mean_parity_margin,438,5.221056006225034,10.147080750920615
raw,mean_parity_margin,439,5.545016948897549,12.616458490168155
raw,mean_parity_margin,440,5.602247543959919,11.484844812607498
raw,mean_parity_margin,441,5.705254637179101,11.067900773668445
raw,mean_parity_margin,442,5.627196346231519,11.987596544390977
raw,mean_parity_margin,443,5.667858342442649,11.454989611697885
raw,mean_parity_margin,444,5.54923233978692,12.180658769831355
raw,mean_parity_margin,445,4.6778790967002575,10.259633850516481
raw,mean_parity_margin,446,5.98174846657706,11.142042054423294
raw,mean_parity_margin,447,5.958783190631145,11.065645784139718
raw,mean_parity_margin,448,5.662366435504667,12.156476228992222
raw,mean_parity_margin,449,5.360896578107424,8.566437946770108
raw,mean_parity_margin,450,5.527282929171518,12.137138603459585
raw,mean_parity_margin,451,5.969362852637273,11.544606312375892
raw,mean_parity_margin,452,5.7726703014146095,10.748632713103204
raw,mean_parity_margin,453,7.183855758400251,3.287537029607394
raw,mean_parity_margin,454,5.79099284550638,13.568693359573299
raw,mean_parity_margin,455,5.301399956753818,8.442018962700601
raw,mean_parity_margin,456,5.991869401739983,7.906674211338406
raw,mean_parity_margin,457,6.007396981378292,6.807852330004876
raw,mean_parity_margin,458,5.054884657479644,8.76142192518831
raw,mean_parity_margin,459,5.72637507801258,10.981640605158699
raw,mean_parity_margin,460,5.584753425248438,12.68883102005934
raw,mean_parity_margin,461,5.506755730711768,4.19908417869213
raw,mean_parity_margin,462,5.522586204631338,12.102329295991497
raw,mean_parity_margin,463,5.70838488382992,11.519791425731574
raw,mean_parity_margin,464,5.900183014690589,10.291045653739902
raw,mean_parity_margin,465,5.830130098675614,4.166438524846969
raw,mean_parity_margin,466,5.684017799110571,13.320100725856745
raw,mean_parity_margin,467,5.865696928706742,13.238526828117871
raw,mean_parity_margin,468,5.443605178326142,12.834750151914802
raw,mean_parity_margin,469,6.1502501440124915,13.49169312002644
raw,mean_parity_margin,470,5.688772895556227,1.0942078350366384
raw,mean_parity_margin,471,4.144661221414084,3.618502733863757
raw,mean_parity_margin,472,6.041542862262535,11.87329190925633
raw,mean_parity_margin,473,4.888937248690985,12.246543578939617
raw,mean_parity_margin,474,5.263437202047141,9.971082896933732
raw,mean_parity_margin,475,5.900219955098331,12.705195505058592
raw,mean_parity_margin,476,5.128815773305698,7.08239487070948
raw,mean_parity_margin,477,6.924540101219751,1.1923944766173205
raw,mean_parity_margin,478,5.577149464797865,10.815712035652478
raw,mean_parity_margin,479,5.620752634297953,9.697254972946757
raw,mean_parity_margin,480,6.121138145321585,4.908329052971944
raw,mean_parity_margin,481,5.630153995307618,9.121263788189182
raw,mean_parity_margin,482,5.567611714734634,10.031648129698617
raw,mean_parity_margin,483,5.687503164625315,10.818289291502474
raw,mean_parity_margin,484,5.703939650757082,13.089309556658211
raw,mean_parity_margin,485,5.838950665625362,10.731955984712354
raw,mean_parity_margin,486,6.484175697445379,13.136868133221524
raw,mean_parity_margin,487,5.797466527459135,13.09100762382532
raw,mean_parity_margin,488,5.572136957478341,11.011565524817128
raw,mean_parity_margin,489,6.294179271965302,12.023622359364257
raw,mean_parity_margin,490,6.534132583680184,11.664279424213605
J,mean_parity_margin,41,0.10824365871079039,12.016558825321892
J,mean_parity_margin,42,0.12631657703180854,12.532186441047129
J,mean_parity_margin,43,0.06878825868025057,12.720953233239097
J,mean_parity_margin,44,0.19032737281785722,12.311243944607991
J,mean_parity_margin,45,0.10402221594288368,12.292342144534645
J,mean_parity_margin,46,0.12373814370679816,11.46656232912059
J,mean_parity_margin,47,0.15479087584619639,13.91997249372104
J,mean_parity_margin,48,0.1846045082314561,13.812336870816091
J,mean_parity_margin,49,0.17203220651595724,13.753700806676786
J,mean_parity_margin,50,0.22453188348353503,11.260194444985837
J,mean_parity_margin,51,0.15361349750004524,11.749321510946432
J,mean_parity_margin,52,0.20300940799157946,12.590551716178048
J,mean_parity_margin,53,0.20501257266755116,13.591520611126558
J,mean_parity_margin,54,0.29971164641680326,11.719597652772867
J,mean_parity_margin,55,0.2675682085678037,13.30481910256196
J,mean_parity_margin,56,0.29508678387241366,12.965787755807142
J,mean_parity_margin,57,0.2513715849414403,13.375361943517296
J,mean_parity_margin,58,0.29267036342082675,13.804592034360025
J,mean_parity_margin,59,0.31628490126729625,11.18454263108713
J,mean_parity_margin,60,0.2889627705332203,12.62450956735437
J,mean_parity_margin,61,0.3574154428278355,13.447926664777876
J,mean_parity_margin,62,0.3217776167284963,12.131719417887291
J,mean_parity_margin,63,0.3262791201278806,13.842681805482146
J,mean_parity_margin,64,0.34678761933905317,12.708090855583597
J,mean_parity_margin,65,0.36335543324833214,13.349457531650062
J,mean_parity_margin,66,0.39245392946821817,13.18703105203109
J,mean_parity_margin,67,0.35506875869498766,13.055373950917788
J,mean_parity_margin,68,0.4743751073141697,13.442414364800445
J,mean_parity_margin,69,0.41533928831927275,13.156991316473967
J,mean_parity_margin,70,0.48341654630543934,13.41868266441203
J,mean_parity_margin,71,0.4315086049973799,14.001769561469638
J,mean_parity_margin,72,0.5140064868596601,12.786707368445327
J,mean_parity_margin,73,0.43128966958291537,13.56228545448761
J,mean_parity_margin,74,0.5265933357908159,12.924669940272732
J,mean_parity_margin,75,0.5175163159925565,13.77772666390155
J,mean_parity_margin,76,0.519948542639253,12.768230785540993
J,mean_parity_margin,77,0.5265187703915556,12.49200549147575
J,mean_parity_margin,78,0.5497497459182311,12.978444544957592
J,mean_parity_margin,79,0.5473263087082457,13.7085144421409
J,mean_parity_margin,80,0.5641059807170534,13.703757141648481
J,mean_parity_margin,81,0.524410339893431,12.352621384299239
J,mean_parity_margin,82,0.5979345993986793,13.39952053270436
J,mean_parity_margin,83,0.6046444692127947,13.35708116659514
J,mean_parity_margin,84,0.6071001983539569,13.456809264644221
J,mean_parity_margin,85,0.6042403390382883,13.193134441850647
J,mean_parity_margin,86,0.6608386496430129,13.77656596355542
J,mean_parity_margin,87,0.6146134097294386,13.989475504154012
J,mean_parity_margin,88,0.7017720585278113,12.717745636968543
J,mean_parity_margin,89,0.6334687137916047,13.610080977179742
J,mean_parity_margin,90,0.737855002420725,13.55480994082975
J,mean_parity_margin,91,0.6267251328080304,14.101917031979236
J,mean_parity_margin,92,0.7678821915100432,13.739008386592106
J,mean_parity_margin,93,0.6752716746436137,13.460271092275725
J,mean_parity_margin,94,0.8043953178172476,13.56682820319823
J,mean_parity_margin,95,0.7205404518740366,13.328583641758081
J,mean_parity_margin,96,0.7913271874370357,14.009882636156217
J,mean_parity_margin,97,0.7496255390475224,13.630056996840846
J,mean_parity_margin,98,0.8002083941012839,13.330637588816057
J,mean_parity_margin,99,0.7673060074425901,13.059257619747346
J,mean_parity_margin,100,0.8378497265678752,13.733804343134207
J,mean_parity_margin,101,0.780766351532534,13.383348395611076
J,mean_parity_margin,102,0.9234074961797317,13.436486054792333
J,mean_parity_margin,103,0.8684764586693405,13.287114929591226
J,mean_parity_margin,104,0.9186335828030788,13.504289717249653
J,mean_parity_margin,105,0.8079081608615076,13.6438898747963
J,mean_parity_margin,106,0.7837102291591888,13.69606134734038
J,mean_parity_margin,107,0.8526998180213632,13.812731203044788
J,mean_parity_margin,108,0.8819365442854061,13.4606426580005
J,mean_parity_margin,109,0.9414460860604726,13.676809205615264
J,mean_parity_margin,110,0.9470139657472532,13.61607211205958
J,mean_parity_margin,111,1.0265078551770082,14.165210788497395
J,mean_parity_margin,112,1.0777714145179784,14.02172098445728
J,mean_parity_margin,113,1.0432738809059812,13.700191923526528
J,mean_parity_margin,114,1.0193143980421486,13.524784899731605
J,mean_parity_margin,115,0.934454576892034,13.282587921583145
J,mean_parity_margin,116,1.0463009497435125,13.563376028131154
J,mean_parity_margin,117,0.9701355377661933,13.459303025840809
J,mean_parity_margin,118,1.147312277765321,14.172969403342092
J,mean_parity_margin,119,1.069047284939324,13.87409217818358
J,mean_parity_margin,120,1.097872319006009,13.71341260266334
J,mean_parity_margin,121,1.0661248615761287,13.704693732824696
J,mean_parity_margin,122,1.1728860966233248,13.630570613728139
J,mean_parity_margin,123,1.1397761775001283,13.769984777658825
J,mean_parity_margin,124,1.124522741065407,13.607816511535162
J,mean_parity_margin,125,1.1207400325228396,13.81947097205741
J,mean_parity_margin,126,1.2593420099847297,13.664950338753053
J,mean_parity_margin,127,1.1263187909807926,13.528645808452957
J,mean_parity_margin,128,1.2143376507817687,13.493538814617581
J,mean_parity_margin,129,1.2004072139711115,13.542828925695861
J,mean_parity_margin,130,1.2550512575611326,13.689881903671658
J,mean_parity_margin,131,1.2219476637552966,13.838071960856098
J,mean_parity_margin,132,1.376681235465486,13.84169985886259
J,mean_parity_margin,133,1.2176281791331787,13.882341543285412
J,mean_parity_margin,134,1.2024286345758648,13.21532719677668
J,mean_parity_margin,135,1.1701762661112176,13.768209735050785
J,mean_parity_margin,136,1.38748025912075,14.117308536438726
J,mean_parity_margin,137,1.361227907690461,13.649785463729026
J,mean_parity_margin,138,1.4729666466950329,14.077460277511141
J,mean_parity_margin,139,1.274357606709023,13.442637256210478
J,mean_parity_margin,140,1.4383470446713769,14.127607131717903
J,mean_parity_margin,141,1.3528393919329762,13.635109599571164
J,mean_parity_margin,142,1.3909528704867808,13.971632128842693
J,mean_parity_margin,143,1.415755737512526,14.079233875591498
J,mean_parity_margin,144,1.3645776801889296,14.060500746743642
J,mean_parity_margin,145,1.4700697023724445,13.728900100061136
J,mean_parity_margin,146,1.429084305433208,14.20866002075112
J,mean_parity_margin,147,1.4661699056325657,13.997842643666024
J,mean_parity_margin,148,1.459545739983563,14.048410655673349
J,mean_parity_margin,149,1.5782902221425812,13.881522590821927
J,mean_parity_margin,150,1.621675645029882,14.116185655447305
J,mean_parity_margin,151,1.464381025433947,14.007418429979293
J,mean_parity_margin,152,1.5909965069953844,13.922714292751083
J,mean_parity_margin,153,1.433589165020727,13.691236358266638
J,mean_parity_margin,154,1.5108792119969903,14.305092850949977
J,mean_parity_margin,155,1.4593184001943,13.818797485525886
J,mean_parity_margin,156,1.5580713262527546,13.675802567724972
J,mean_parity_margin,157,1.4969986236549806,13.415478045625346
J,mean_parity_margin,158,1.538958666047659,13.747943869628921
J,mean_parity_margin,159,1.6100180283792525,13.502018727132102
J,mean_parity_margin,160,1.5718749967091867,14.02477469169231
J,mean_parity_margin,161,1.6591855768068335,13.766586185623655
J,mean_parity_margin,162,1.7104404986866066,14.333193800902707
J,mean_parity_margin,163,1.475178543745639,13.877550774722629
J,mean_parity_margin,164,1.738438459915294,13.282025537356734
J,mean_parity_margin,165,1.7614137136052144,14.184140473653988
J,mean_parity_margin,166,1.6132799045653166,13.932666651928317
J,mean_parity_margin,167,1.7575525648587316,13.416880978265706
J,mean_parity_margin,168,1.7719721957477383,13.619998778049718
J,mean_parity_margin,169,1.8468015687563835,13.922968413623746
J,mean_parity_margin,170,1.6848390591168594,14.353888857372208
J,mean_parity_margin,171,1.8379898236691965,13.984936989101396
J,mean_parity_margin,172,1.866484038568925,13.860475433710723
J,mean_parity_margin,173,2.0173590801152437,14.36532877572718
J,mean_parity_margin,174,1.8960990697792464,14.182864769465668
J,mean_parity_margin,175,1.8826792149976703,14.263455591392962
J,mean_parity_margin,176,1.7349534519751841,14.342659495308759
J,mean_parity_margin,177,1.885536427130378,13.644345377742203
J,mean_parity_margin,178,1.9007963554952594,13.758923269090992
J,mean_parity_margin,179,1.7613654831985306,13.85866912098624
J,mean_parity_margin,180,1.890706043097919,13.34304136556101
J,mean_parity_margin,181,1.9672971431610338,14.407006098855401
J,mean_parity_margin,182,1.90896102466398,13.741175929157045
J,mean_parity_margin,183,1.9965952138842284,13.844473299426884
J,mean_parity_margin,184,2.088680055331337,13.470398569034035
J,mean_parity_margin,185,1.934055878389572,12.97660210841819
J,mean_parity_margin,186,1.9245778480793905,13.556433225858346
J,mean_parity_margin,187,1.8975391982525573,14.202583097947757
J,mean_parity_margin,188,1.9147889532978422,13.917549007751354
J,mean_parity_margin,189,2.1504571918371296,13.62931536794351
J,mean_parity_margin,190,1.937757780296651,14.028127886345024
J,mean_parity_margin,191,2.062624673824327,14.233514860566968
J,mean_parity_margin,192,2.023803026813628,13.423183316727629
J,mean_parity_margin,193,2.074428829778404,13.795967899674151
J,mean_parity_margin,194,2.0598479210477816,14.221200035302799
J,mean_parity_margin,195,2.115753455938501,13.679743590842774
J,mean_parity_margin,196,1.9883731395450766,13.411644860910584
J,mean_parity_margin,197,2.2468368808919976,13.938838108004322
J,mean_parity_margin,198,2.1579523253421393,14.096235532944348
J,mean_parity_margin,199,2.095851519231306,14.413959368935764
J,mean_parity_margin,200,2.205540734157782,13.141469088824763
J,mean_parity_margin,201,2.3674768987664185,14.207911054172115
J,mean_parity_margin,202,2.261197693972209,13.851258680506113
J,mean_parity_margin,203,2.1050164778963723,13.660946208832534
J,mean_parity_margin,204,2.112077269976592,13.06704006577977
J,mean_parity_margin,205,2.2020539722017887,13.86897119620249
J,mean_parity_margin,206,2.134057271400677,14.054045877074104
J,mean_parity_margin,207,2.1169010608321885,13.487402962290775
J,mean_parity_margin,208,2.292568872351364,13.681511129085589
J,mean_parity_margin,209,2.2938250736309014,13.693881519649242
J,mean_parity_margin,210,2.354361411415719,14.241944018225047
J,mean_parity_margin,211,2.2974119362839156,13.323181163819273
J,mean_parity_margin,212,2.2711167434100026,13.78775231319283
J,mean_parity_margin,213,2.374804301885277,13.665755506861888
J,mean_parity_margin,214,2.3420721268864355,13.200334942091798
J,mean_parity_margin,215,2.332273895766043,12.687555233707066
J,mean_parity_margin,216,2.247779011261176,14.074152711827004
J,mean_parity_margin,217,2.4502212829385406,13.517774788630094
J,mean_parity_margin,218,2.2721491749810863,13.861323532964112
J,mean_parity_margin,219,2.312494334873017,13.38493550874173
J,mean_parity_margin,220,2.2837783840629413,13.13438412614003
J,mean_parity_margin,221,2.39708287683619,12.875840254146896
J,mean_parity_margin,222,2.6863483189927746,13.892257571688992
J,mean_parity_margin,223,2.282892556377996,13.208392755653925
J,mean_parity_margin,224,2.4433256279006277,13.288725275894777
J,mean_parity_margin,225,2.4503805842292983,11.862737746916943
J,mean_parity_margin,226,2.620375328129866,13.002591161664082
J,mean_parity_margin,227,2.5521591373945536,13.22019180590417
J,mean_parity_margin,228,2.486060359039716,12.307580035562001
J,mean_parity_margin,229,2.6961584475610914,13.335539135507156
J,mean_parity_margin,230,2.2913681102501946,13.603480449589716
J,mean_parity_margin,231,2.261446113060394,12.883381620534626
J,mean_parity_margin,232,2.435999660937415,13.419032095094668
J,mean_parity_margin,233,2.611646857654076,11.823108681515487
J,mean_parity_margin,234,2.7016076080135756,12.913382867162436
J,mean_parity_margin,235,2.728792854400137,13.368556573770086
J,mean_parity_margin,236,2.887706035619579,12.878972808059
J,mean_parity_margin,237,2.6466618342604677,12.579196520172554
J,mean_parity_margin,238,2.8099267939458525,12.492406647504781
J,mean_parity_margin,239,2.726814632097714,13.048696034049938
J,mean_parity_margin,240,2.585574747164164,13.784992681957243
J,mean_parity_margin,241,2.6090802562385496,13.18647235840381
J,mean_parity_margin,242,2.6280167070534475,13.587676931589714
J,mean_parity_margin,243,2.8499128906703453,12.991568302809087
J,mean_parity_margin,244,2.8441997232834577,13.030852627496314
J,mean_parity_margin,245,3.061118220502153,12.806847092951145
J,mean_parity_margin,246,2.926188215038811,12.685557239081819
J,mean_parity_margin,247,2.7026762364601975,12.877356305274711
J,mean_parity_margin,248,2.9826358040112546,12.688499093793176
J,mean_parity_margin,249,2.603497054333694,13.391985556294962
J,mean_parity_margin,250,3.002020592520323,11.613526104755628
J,mean_parity_margin,251,2.8854113371138057,13.20758623668823
J,mean_parity_margin,252,2.813733681013517,12.654985363391381
J,mean_parity_margin,253,2.614088299239097,13.038467502826805
J,mean_parity_margin,254,2.777396420424854,12.628317051967644
J,mean_parity_margin,255,2.933795586944679,11.82032595008912
J,mean_parity_margin,256,2.7568028437344383,12.522751196110619
J,mean_parity_margin,257,2.7174254115043186,11.877349554420618
J,mean_parity_margin,258,2.964912704355786,12.49114728751611
J,mean_parity_margin,259,2.7983252494798143,13.241514525763579
J,mean_parity_margin,260,2.8540757132776737,13.421082076886044
J,mean_parity_margin,261,2.952110526301719,11.839408919460187
J,mean_parity_margin,262,2.8046413670378003,12.846844049530224
J,mean_parity_margin,263,3.0095531146867205,11.830253016666507
J,mean_parity_margin,264,2.9043279153795574,13.395377794055745
J,mean_parity_margin,265,2.977249327124984,11.68499701981983
J,mean_parity_margin,266,2.9037653594030024,10.544759698540405
J,mean_parity_margin,267,2.7473370641638404,12.668342102289568
J,mean_parity_margin,268,3.243717120131456,12.882279013203293
J,mean_parity_margin,269,3.2684011506274433,11.042784054306406
J,mean_parity_margin,270,3.064643589743381,13.491643291011906
J,mean_parity_margin,271,3.2118201674033724,11.475764067936161
J,mean_parity_margin,272,3.106805393655299,12.341281630359708
J,mean_parity_margin,273,3.126036223111478,10.950278787282802
J,mean_parity_margin,274,3.155973502690284,13.057385802101697
J,mean_parity_margin,275,3.281270812519673,12.340886407350153
J,mean_parity_margin,276,3.210672784319899,13.147246489962287
J,mean_parity_margin,277,3.082854135958082,11.831115936793518
J,mean_parity_margin,278,3.1582374845679126,12.154370443864648
J,mean_parity_margin,279,3.3848627975717736,13.070555298781324
J,mean_parity_margin,280,3.046137262815798,11.396911626249148
J,mean_parity_margin,281,3.47311440332057,12.998978313523738
J,mean_parity_margin,282,3.1770665137256513,11.35886708104342
J,mean_parity_margin,283,3.269812153691698,12.774313242941703
J,mean_parity_margin,284,3.3880604553213116,11.980189064005232
J,mean_parity_margin,285,3.4835763198128995,11.324146743156103
J,mean_parity_margin,286,3.368574875943246,12.502983523361856
J,mean_parity_margin,287,3.414973702523333,11.622847367275353
J,mean_parity_margin,288,2.9767550804108107,11.13060491537299
J,mean_parity_margin,289,3.3520864396540246,11.87969980687652
J,mean_parity_margin,290,3.1541115948754137,12.641589506435333
J,mean_parity_margin,291,3.5177018439134913,12.878979579340944
J,mean_parity_margin,292,3.101958845973571,11.990890169229662
J,mean_parity_margin,293,3.276200797699128,9.022276000238337
J,mean_parity_margin,294,3.0695071782347236,9.09030482404228
J,mean_parity_margin,295,3.5642274745750937,12.137137265545997
J,mean_parity_margin,296,3.455369805343178,12.006049812605662
J,mean_parity_margin,297,3.8837175266627635,12.677819757408406
J,mean_parity_margin,298,3.5780471141209014,8.333592375935561
J,mean_parity_margin,299,3.4653358603342714,10.849821317696332
J,mean_parity_margin,300,3.4498972330989974,10.708034626431257
J,mean_parity_margin,301,3.511638909128068,10.968166866655226
J,mean_parity_margin,302,3.399179990000958,9.18904583082355
J,mean_parity_margin,303,3.7770324981780514,12.193141487479998
J,mean_parity_margin,304,3.526188565357074,12.73160562828621
J,mean_parity_margin,305,3.759128372939137,10.385102627998556
J,mean_parity_margin,306,3.5002823146093838,13.246895589014725
J,mean_parity_margin,307,3.6641264823216724,12.285035820017779
J,mean_parity_margin,308,3.4570755624524305,9.176747858666657
J,mean_parity_margin,309,3.3753411238852236,12.489232053583297
J,mean_parity_margin,310,3.7712497164944114,13.276436641275772
J,mean_parity_margin,311,3.5073005573149136,11.76929335218626
J,mean_parity_margin,312,3.8321985856891123,11.78504402973058
J,mean_parity_margin,313,3.884416862679927,10.30538319769908
J,mean_parity_margin,314,3.5420685412875357,12.908166326276989
J,mean_parity_margin,315,3.9779354996019323,12.122691532102044
J,mean_parity_margin,316,3.6550526482168078,9.727969036933434
J,mean_parity_margin,317,3.55342352835981,10.016479995179022
J,mean_parity_margin,318,3.5315264516876343,12.222553888032609
J,mean_parity_margin,319,3.871227672661312,11.091898759487439
J,mean_parity_margin,320,3.6406047214402903,12.292187938752303
J,mean_parity_margin,321,3.5180905919731043,9.912326143258852
J,mean_parity_margin,322,3.4350480967322086,13.148486625460372
J,mean_parity_margin,323,4.008772365849419,13.833105709213182
J,mean_parity_margin,324,3.4214219126365135,11.15306652767377
J,mean_parity_margin,325,3.590906366561677,11.193249835906494
J,mean_parity_margin,326,3.9137031052138687,11.334239663259801
J,mean_parity_margin,327,3.955837654502519,11.494168474640912
J,mean_parity_margin,328,3.4957045726955775,6.785290289167777
J,mean_parity_margin,329,3.4539498320323987,11.443277447503016
J,mean_parity_margin,330,3.7095562110697986,9.98228744792067
J,mean_parity_margin,331,4.187302186174884,12.429340456983889
J,mean_parity_margin,332,3.722465785710938,11.223968721355801
J,mean_parity_margin,333,4.02957190640134,11.761067018569133
J,mean_parity_margin,334,3.7403751927731212,11.257015757826332
J,mean_parity_margin,335,3.9608345027369305,8.811259657612256
J,mean_parity_margin,336,3.4086531914683946,5.101667509488264
J,mean_parity_margin,337,4.065891521336232,7.4218662672966165
J,mean_parity_margin,338,3.6214515481471934,9.703992392329125
J,mean_parity_margin,339,3.8792028717067097,9.407586199749888
J,mean_parity_margin,340,4.011335816546886,10.982178387538344
J,mean_parity_margin,341,3.812415031716836,13.130595831435421
J,mean_parity_margin,342,3.944639723715625,11.03237438144366
J,mean_parity_margin,343,3.8792296627893457,10.99196145825507
J,mean_parity_margin,344,4.7274069345634935,5.048479664070414
J,mean_parity_margin,345,4.128009139561498,12.547648484066034
J,mean_parity_margin,346,3.9434901424936037,10.672369155486711
J,mean_parity_margin,347,4.194379491640882,12.187899159093803
J,mean_parity_margin,348,3.821496634994102,12.782083061735202
J,mean_parity_margin,349,4.001583595515535,11.674443652569392
J,mean_parity_margin,350,4.175288822477743,10.174233829831831
J,mean_parity_margin,351,4.189849970228206,9.778579177363563
J,mean_parity_margin,352,4.099089915159862,11.697344882276953
J,mean_parity_margin,353,3.9036609562158953,12.455102817767026
J,mean_parity_margin,354,3.9946912580332063,10.65700185810051
J,mean_parity_margin,355,3.49575064298044,5.750765280118065
J,mean_parity_margin,356,3.8377949358752166,12.61505714592386
J,mean_parity_margin,357,3.9368724183686545,7.145868051829495
J,mean_parity_margin,358,4.015764483561243,6.8730603174463685
J,mean_parity_margin,359,3.7576942302482963,11.376405628461024
J,mean_parity_margin,360,3.0435191463750764,3.957069991928622
J,mean_parity_margin,361,4.090004486725837,10.471591207176528
J,mean_parity_margin,362,4.303299410408448,0.9346608615827283
J,mean_parity_margin,363,4.197834261002612,10.768472034476698
J,mean_parity_margin,364,3.7979810717654683,11.699582990482924
J,mean_parity_margin,365,4.226976986530833,11.408547320508792
J,mean_parity_margin,366,4.025218941914383,8.547543677683063
J,mean_parity_margin,367,4.447679961782108,12.499977266144718
J,mean_parity_margin,368,3.8802562669376934,9.648595502943913
J,mean_parity_margin,369,4.069082023794944,11.457703253508454
J,mean_parity_margin,370,4.101711557232063,9.335138931828206
J,mean_parity_margin,371,3.9123458809499425,11.670055177894398
J,mean_parity_margin,372,3.962171747781384,10.447025546365982
J,mean_parity_margin,373,4.212607195163367,8.413370745448193
J,mean_parity_margin,374,4.1612044700258135,12.02760335272659
J,mean_parity_margin,375,3.780555731193151,8.106256829615605
J,mean_parity_margin,376,4.857147911689102,2.6630754747360643
J,mean_parity_margin,377,5.010828966929087,11.988896086359448
J,mean_parity_margin,378,4.0098759222919185,13.946523979157437
J,mean_parity_margin,379,3.956181901020826,8.299022015821583
J,mean_parity_margin,380,3.975878911852385,9.158488013112972
J,mean_parity_margin,381,4.201125103935421,9.992951025811937
J,mean_parity_margin,382,4.212345512489811,8.477584951217432
J,mean_parity_margin,383,4.308124098046847,12.832473632846497
J,mean_parity_margin,384,4.767159928651489,7.368543044124056
J,mean_parity_margin,385,4.098643147525617,12.548103745061486
J,mean_parity_margin,386,4.666304985297278,11.677580126381532
J,mean_parity_margin,387,3.932852959075053,7.268396177181888
J,mean_parity_margin,388,4.898504614230924,9.151338061865378
J,mean_parity_margin,389,3.500344462850151,8.122470972221695
J,mean_parity_margin,390,4.738759733877446,8.151724284302857
J,mean_parity_margin,391,4.668494604316833,8.144276259776378
J,mean_parity_margin,392,4.162032845931186,12.633654091611241
J,mean_parity_margin,393,4.155275513243976,12.563572265157978
J,mean_parity_margin,394,3.9979842556558007,10.55946087215115
J,mean_parity_margin,395,5.293788939006486,6.280614139163553
J,mean_parity_margin,396,4.697810331826491,8.60596626161764
J,mean_parity_margin,397,4.231804011862209,9.563911911623537
J,mean_parity_margin,398,4.938284126768755,11.194090499504712
J,mean_parity_margin,399,4.417479763799731,9.07609340792909
J,mean_parity_margin,400,4.402337499581081,8.18951234427128
J,mean_parity_margin,401,3.9838763418532737,13.33857337324519
J,mean_parity_margin,402,4.433536414301253,11.905633202131206
J,mean_parity_margin,403,4.029481465531433,11.744309613474591
J,mean_parity_margin,404,4.6449003654025764,9.164167002715843
J,mean_parity_margin,405,4.128731158478364,10.47527432493679
J,mean_parity_margin,406,3.446871837665312,11.167574000905427
J,mean_parity_margin,407,4.243958374071601,11.821337471005833
J,mean_parity_margin,408,3.7435792895576547,6.48189068447655
J,mean_parity_margin,409,4.587726707765324,9.352860103619012
J,mean_parity_margin,410,4.325883177211455,12.170866598409882
J,mean_parity_margin,411,3.7488562791078066,13.214045674683947
J,mean_parity_margin,412,4.589132636131667,12.759234743805633
J,mean_parity_margin,413,4.234497113875951,12.265048483087986
J,mean_parity_margin,414,4.732804797838083,9.764786147033158
J,mean_parity_margin,415,5.272410913800057,6.129181246333974
J,mean_parity_margin,416,4.730545661272399,9.435798052810423
J,mean_parity_margin,417,5.2379139803198465,8.204376857605043
J,mean_parity_margin,418,4.687702086094967,10.405004869927756
J,mean_parity_margin,419,4.825909053287217,7.049101347512154
J,mean_parity_margin,420,4.770399669420292,9.92258329359059
J,mean_parity_margin,421,4.600528326742935,10.695667937989205
J,mean_parity_margin,422,3.9542437193098054,8.323146729171773
J,mean_parity_margin,423,4.518688557389179,11.815902054096895
J,mean_parity_margin,424,4.363057291712027,9.485587494476224
J,mean_parity_margin,425,4.480060034073508,9.196128450569715
J,mean_parity_margin,426,4.705102231370533,8.95922205343881
J,mean_parity_margin,427,4.79402413562716,2.964010849068505
J,mean_parity_margin,428,4.909078359427145,11.295267231162477
J,mean_parity_margin,429,4.766372317846981,11.170519266177909
J,mean_parity_margin,430,5.771371401479087,5.897699643935525
J,mean_parity_margin,431,4.412145995213157,11.097918365751763
J,mean_parity_margin,432,4.981187750489195,5.207973605983983
J,mean_parity_margin,433,4.780053686935395,3.870678546226322
J,mean_parity_margin,434,4.90709419805745,7.930340163442858
J,mean_parity_margin,435,4.566422709045852,8.582528326044802
J,mean_parity_margin,436,5.289212762540674,6.765115420519207
J,mean_parity_margin,437,6.868487113571332,5.397799284492177
J,mean_parity_margin,438,8.747272127854858,8.675844864173209
J,mean_parity_margin,439,9.070494207809904,10.408259125259669
J,mean_parity_margin,440,9.12154336121213,9.474933937041161
J,mean_parity_margin,441,9.271692271580493,5.258282687022167
J,mean_parity_margin,442,9.140489423341034,10.365629790941949
J,mean_parity_margin,443,9.243294739275772,7.154353168673372
J,mean_parity_margin,444,9.203250044249359,10.679560102734888
J,mean_parity_margin,445,8.302530376422032,10.704854297867788
J,mean_parity_margin,446,9.89539553060382,7.037390883083731
J,mean_parity_margin,447,9.717876688871561,6.532995487346759
J,mean_parity_margin,448,9.324044256363273,8.79699562396095
J,mean_parity_margin,449,8.763662055235516,6.836574605860678
J,mean_parity_margin,450,9.11240624328737,10.145847792663796
J,mean_parity_margin,451,9.646077872032288,7.988396902050568
J,mean_parity_margin,452,9.208636564741292,8.202370156762376
J,mean_parity_margin,453,8.594656129682091,5.614206572453053
J,mean_parity_margin,454,9.485526429117531,11.933036405122431
J,mean_parity_margin,455,8.680428364817955,6.877941092384911
J,mean_parity_margin,456,8.99999469208664,1.006436067863651
J,mean_parity_margin,457,8.791155844358226,2.0266701608860758
J,mean_parity_margin,458,8.404623239469657,11.076850262308842
J,mean_parity_margin,459,9.097870724441034,6.974856466819137
J,mean_parity_margin,460,9.226650242325185,11.487245256091223
J,mean_parity_margin,461,8.276546715150317,3.4869012485129804
J,mean_parity_margin,462,9.079589020641317,10.421834793504178
J,mean_parity_margin,463,9.086067340824718,7.7832527563545755
J,mean_parity_margin,464,9.151184031250654,7.153342826734387
J,mean_parity_margin,465,8.668028161492632,4.737035500460194
J,mean_parity_margin,466,9.20504817363207,11.670706056992953
J,mean_parity_margin,467,9.369734409997816,11.20293446274583
J,mean_parity_margin,468,9.012385173316419,11.93758163331656
J,mean_parity_margin,469,9.712256226123646,10.694986114039828
J,mean_parity_margin,470,8.180057240212612,8.0878765050252
J,mean_parity_margin,471,8.049932075081868,6.4928661623343675
J,mean_parity_margin,472,9.627018932922741,6.651027438067573
J,mean_parity_margin,473,8.63997235397507,12.745519504211403
J,mean_parity_margin,474,8.666385219090015,11.089689556279469
J,mean_parity_margin,475,9.36832896066988,11.299530673030564
J,mean_parity_margin,476,8.50078559518571,10.677697125455783
J,mean_parity_margin,477,8.110398520697181,3.562878519839982
J,mean_parity_margin,478,9.0284378249476,9.471855312799875
J,mean_parity_margin,479,9.016497898977134,10.238981082820754
J,mean_parity_margin,480,8.696510168600456,3.5577332612686963
J,mean_parity_margin,481,9.021885394289216,6.1026345567872955
J,mean_parity_margin,482,8.933648708193646,7.963823829628276
J,mean_parity_margin,483,9.090814270130446,11.669549072647396
J,mean_parity_margin,484,9.223920700180683,11.891715581856387
J,mean_parity_margin,485,9.163748704417497,9.199430071338126
J,mean_parity_margin,486,10.000516070461428,7.198395776899549
J,mean_parity_margin,487,9.261496466498176,11.90367498868467
J,mean_parity_margin,488,9.115047303709922,10.075275628454904
J,mean_parity_margin,489,9.705390560089208,7.186514926032566
J,mean_parity_margin,490,10.186340479226379,6.603545425904796
